regression_factor,sos_weight,logit_scale,warps_mae,pyth_mae,pw_mae,warps_rmse,n,years
0.75,0.0,5.5,2.5143401077711443,2.759419691626614,2.921875,3.0532056707069706,128,2022-2025
