regression_factor,sos_weight,logit_scale,warps_mae,pyth_mae,warps_rmse,pyth_rmse,n,years
0.65,0.2,6.5,2.534044071791815,2.759419691626614,3.036054130236078,3.3757402818478015,128,2022-2025
