regression_factor,sos_weight,logit_scale,warps_mae,pyth_mae,prior_wins_mae,warps_rmse,pyth_rmse,prior_wins_rmse,n,years
0.75,0.0,5.5,2.512104178606445,2.759419691626614,2.921875,3.0513808838426604,3.3757402818478015,3.7144144895259066,128,2022-2025
