regression_factor,sos_weight,logit_scale,warps_mae,pyth_mae,pw_mae,warps_rmse,n,years
0.75,0.0,6.5,2.5109181136875245,2.759419691626614,2.921875,3.033689588919939,128,2022-2025
