game_id,season,game_type,week,gameday,away_team,home_team,away_score,home_score,spread_line,total_line,actual_total,div_game,referee,favorite_side,favorite_ats,favorite_cover_margin,ou_result
2000_01_ARI_NYG,2000,REG,1,2000-09-03,ARI,NYG,16.0,21.0,6.5,40.0,37.0,1,Bill Carollo,HF,loss,-1.5,under
2000_01_BAL_PIT,2000,REG,1,2000-09-03,BAL,PIT,16.0,0.0,-2.5,37.0,16.0,1,Phil Luckett,AF,win,13.5,under
2000_01_CAR_WAS,2000,REG,1,2000-09-03,CAR,WAS,17.0,20.0,10.5,47.5,37.0,0,Bob McElwee,HF,loss,-7.5,under
2000_01_CHI_MIN,2000,REG,1,2000-09-03,CHI,MIN,27.0,30.0,4.5,46.5,57.0,1,Ed Hochuli,HF,loss,-1.5,over
2000_01_DEN_STL,2000,REG,1,2000-09-04,DEN,STL,36.0,41.0,6.5,48.5,77.0,0,Gerry Austin,HF,loss,-1.5,over
2000_01_IND_KC,2000,REG,1,2000-09-03,IND,KC,27.0,14.0,-3.5,44.0,41.0,0,Larry Nemmers,AF,win,9.5,under
2000_01_JAX_CLE,2000,REG,1,2000-09-03,JAX,CLE,27.0,7.0,-10.5,38.5,34.0,1,Bernie Kukar,AF,win,9.5,under
2000_01_NYJ_GB,2000,REG,1,2000-09-03,NYJ,GB,20.0,16.0,2.5,44.0,36.0,0,Mike Carey,HF,loss,-6.5,under
2000_01_PHI_DAL,2000,REG,1,2000-09-03,PHI,DAL,41.0,14.0,6.0,39.5,55.0,1,Tom White,HF,loss,-33.0,over
2000_01_SD_OAK,2000,REG,1,2000-09-03,SD,OAK,6.0,9.0,6.5,39.5,15.0,1,Ron Blum,HF,loss,-3.5,under
2000_01_SEA_MIA,2000,REG,1,2000-09-03,SEA,MIA,0.0,23.0,2.0,36.0,23.0,0,Ron Winter,HF,win,21.0,under
2000_01_SF_ATL,2000,REG,1,2000-09-03,SF,ATL,28.0,36.0,6.5,46.5,64.0,1,Walt Coleman,HF,win,1.5,over
2000_01_TB_NE,2000,REG,1,2000-09-03,TB,NE,21.0,16.0,-3.0,36.0,37.0,0,Jeff Triplette,AF,win,2.0,over
2000_01_TEN_BUF,2000,REG,1,2000-09-03,TEN,BUF,13.0,16.0,1.0,40.0,29.0,0,Johnny Grier,HF,win,2.0,under
2000_02_ATL_DEN,2000,REG,2,2000-09-10,ATL,DEN,14.0,42.0,4.5,47.0,56.0,0,Tony Corrente,HF,win,23.5,over
2000_02_CAR_SF,2000,REG,2,2000-09-10,CAR,SF,38.0,22.0,-3.0,48.0,60.0,1,Ed Hochuli,AF,win,13.0,over
2000_02_CHI_TB,2000,REG,2,2000-09-10,CHI,TB,0.0,41.0,7.0,36.5,41.0,1,Bernie Kukar,HF,win,34.0,over
2000_02_CLE_CIN,2000,REG,2,2000-09-10,CLE,CIN,24.0,7.0,6.0,40.5,31.0,1,Phil Luckett,HF,loss,-23.0,under
2000_02_DAL_ARI,2000,REG,2,2000-09-10,DAL,ARI,31.0,32.0,3.0,38.5,63.0,1,Ron Blum,HF,loss,-2.0,over
2000_02_GB_BUF,2000,REG,2,2000-09-10,GB,BUF,18.0,27.0,6.0,38.5,45.0,0,Walt Coleman,HF,win,3.0,over
2000_02_JAX_BAL,2000,REG,2,2000-09-10,JAX,BAL,36.0,39.0,3.0,36.5,75.0,1,Johnny Grier,HF,push,0.0,over
2000_02_KC_TEN,2000,REG,2,2000-09-10,KC,TEN,14.0,17.0,8.5,38.5,31.0,0,Mike Carey,HF,loss,-5.5,under
2000_02_MIA_MIN,2000,REG,2,2000-09-10,MIA,MIN,7.0,13.0,3.0,42.5,20.0,0,Gerry Austin,HF,win,3.0,under
2000_02_NE_NYJ,2000,REG,2,2000-09-11,NE,NYJ,19.0,20.0,6.5,39.5,39.0,1,Tom White,HF,loss,-5.5,under
2000_02_NO_SD,2000,REG,2,2000-09-10,NO,SD,28.0,27.0,5.5,35.5,55.0,0,Dick Hantak,HF,loss,-6.5,over
2000_02_NYG_PHI,2000,REG,2,2000-09-10,NYG,PHI,33.0,18.0,3.0,39.5,51.0,1,Ron Winter,HF,loss,-18.0,over
2000_02_OAK_IND,2000,REG,2,2000-09-10,OAK,IND,38.0,31.0,6.5,44.0,69.0,0,Bob McElwee,HF,loss,-13.5,over
2000_02_STL_SEA,2000,REG,2,2000-09-10,STL,SEA,37.0,34.0,-7.5,46.0,71.0,0,Larry Nemmers,AF,loss,-4.5,over
2000_02_WAS_DET,2000,REG,2,2000-09-10,WAS,DET,10.0,15.0,-5.5,43.0,25.0,0,Jeff Triplette,AF,loss,-10.5,under
2000_03_ATL_CAR,2000,REG,3,2000-09-17,ATL,CAR,15.0,10.0,6.0,48.5,25.0,1,Larry Nemmers,HF,loss,-11.0,under
2000_03_BAL_MIA,2000,REG,3,2000-09-17,BAL,MIA,6.0,19.0,-1.5,34.5,25.0,0,Jeff Triplette,AF,loss,-14.5,under
2000_03_BUF_NYJ,2000,REG,3,2000-09-17,BUF,NYJ,14.0,27.0,1.0,38.5,41.0,1,Ron Winter,HF,win,12.0,over
2000_03_CIN_JAX,2000,REG,3,2000-09-17,CIN,JAX,0.0,13.0,13.0,41.0,13.0,1,Ed Hochuli,HF,push,0.0,under
2000_03_DAL_WAS,2000,REG,3,2000-09-18,DAL,WAS,27.0,21.0,10.5,44.0,48.0,1,Bill Carollo,HF,loss,-16.5,over
2000_03_DEN_OAK,2000,REG,3,2000-09-17,DEN,OAK,33.0,24.0,3.0,44.0,57.0,1,Mike Carey,HF,loss,-12.0,over
2000_03_MIN_NE,2000,REG,3,2000-09-17,MIN,NE,21.0,13.0,1.5,42.5,34.0,0,Phil Luckett,HF,loss,-9.5,under
2000_03_NO_SEA,2000,REG,3,2000-09-17,NO,SEA,10.0,20.0,6.0,40.0,30.0,0,Walt Coleman,HF,win,4.0,under
2000_03_NYG_CHI,2000,REG,3,2000-09-17,NYG,CHI,14.0,7.0,2.0,42.0,21.0,0,Dick Hantak,HF,loss,-9.0,under
2000_03_PHI_GB,2000,REG,3,2000-09-17,PHI,GB,3.0,6.0,4.0,42.5,9.0,0,Tony Corrente,HF,loss,-1.0,under
2000_03_PIT_CLE,2000,REG,3,2000-09-17,PIT,CLE,20.0,23.0,-2.5,35.5,43.0,1,Bob McElwee,AF,loss,-5.5,over
2000_03_SD_KC,2000,REG,3,2000-09-17,SD,KC,10.0,42.0,4.5,35.5,52.0,1,Johnny Grier,HF,win,27.5,over
2000_03_SF_STL,2000,REG,3,2000-09-17,SF,STL,24.0,41.0,17.0,55.5,65.0,1,Bernie Kukar,HF,push,0.0,over
2000_03_TB_DET,2000,REG,3,2000-09-17,TB,DET,31.0,10.0,-3.0,34.5,41.0,1,Gerry Austin,AF,win,18.0,over
2000_04_CIN_BAL,2000,REG,4,2000-09-24,CIN,BAL,0.0,37.0,11.5,38.0,37.0,1,Bob McElwee,HF,win,25.5,under
2000_04_CLE_OAK,2000,REG,4,2000-09-24,CLE,OAK,10.0,36.0,10.5,40.5,46.0,0,Larry Nemmers,HF,win,15.5,over
2000_04_DET_CHI,2000,REG,4,2000-09-24,DET,CHI,21.0,14.0,1.0,37.5,35.0,1,Ron Blum,HF,loss,-8.0,under
2000_04_GB_ARI,2000,REG,4,2000-09-24,GB,ARI,29.0,3.0,1.0,42.0,32.0,0,Dick Hantak,HF,loss,-27.0,under
2000_04_JAX_IND,2000,REG,4,2000-09-25,JAX,IND,14.0,43.0,3.5,45.0,57.0,0,Mike Carey,HF,win,25.5,over
2000_04_KC_DEN,2000,REG,4,2000-09-24,KC,DEN,23.0,22.0,7.0,43.0,45.0,1,Tom White,HF,loss,-8.0,over
2000_04_NE_MIA,2000,REG,4,2000-09-24,NE,MIA,3.0,10.0,4.5,34.5,13.0,1,Ed Hochuli,HF,win,2.5,under
2000_04_NYJ_TB,2000,REG,4,2000-09-24,NYJ,TB,21.0,17.0,7.0,36.0,38.0,0,Phil Luckett,HF,loss,-11.0,over
2000_04_PHI_NO,2000,REG,4,2000-09-24,PHI,NO,21.0,7.0,1.5,38.0,28.0,0,Gerry Austin,HF,loss,-15.5,under
2000_04_SEA_SD,2000,REG,4,2000-09-24,SEA,SD,20.0,12.0,-2.5,36.0,32.0,1,Tony Corrente,AF,win,5.5,under
2000_04_SF_DAL,2000,REG,4,2000-09-24,SF,DAL,41.0,24.0,6.5,47.0,65.0,0,Jeff Triplette,HF,loss,-23.5,over
2000_04_STL_ATL,2000,REG,4,2000-09-24,STL,ATL,41.0,20.0,-6.5,55.0,61.0,1,Bill Carollo,AF,win,14.5,over
2000_04_TEN_PIT,2000,REG,4,2000-09-24,TEN,PIT,23.0,20.0,-7.0,36.0,43.0,1,Walt Coleman,AF,loss,-4.0,over
2000_04_WAS_NYG,2000,REG,4,2000-09-24,WAS,NYG,16.0,6.0,1.0,42.0,22.0,1,Bernie Kukar,HF,loss,-11.0,under
2000_05_ARI_SF,2000,REG,5,2000-10-01,ARI,SF,20.0,27.0,3.5,47.5,47.0,0,Mike Carey,HF,win,3.5,under
2000_05_ATL_PHI,2000,REG,5,2000-10-01,ATL,PHI,10.0,38.0,3.0,41.5,48.0,0,Phil Luckett,HF,win,25.0,over
2000_05_BAL_CLE,2000,REG,5,2000-10-01,BAL,CLE,12.0,0.0,-8.5,37.0,12.0,1,Dick Hantak,AF,win,3.5,under
2000_05_CHI_GB,2000,REG,5,2000-10-01,CHI,GB,27.0,24.0,5.5,41.0,51.0,1,Ron Winter,HF,loss,-8.5,over
2000_05_DAL_CAR,2000,REG,5,2000-10-01,DAL,CAR,16.0,13.0,6.5,47.5,29.0,0,Johnny Grier,HF,loss,-9.5,under
2000_05_IND_BUF,2000,REG,5,2000-10-01,IND,BUF,18.0,16.0,1.5,44.0,34.0,1,Gerry Austin,HF,loss,-3.5,under
2000_05_MIA_CIN,2000,REG,5,2000-10-01,MIA,CIN,31.0,16.0,-7.0,33.0,47.0,0,Tom White,AF,win,8.0,over
2000_05_MIN_DET,2000,REG,5,2000-10-01,MIN,DET,31.0,24.0,1.0,42.5,55.0,1,Bill Carollo,HF,loss,-8.0,over
2000_05_NE_DEN,2000,REG,5,2000-10-01,NE,DEN,28.0,19.0,8.5,41.0,47.0,0,Ron Blum,HF,loss,-17.5,over
2000_05_NYG_TEN,2000,REG,5,2000-10-01,NYG,TEN,14.0,28.0,5.0,38.0,42.0,0,Larry Nemmers,HF,win,9.0,over
2000_05_PIT_JAX,2000,REG,5,2000-10-01,PIT,JAX,24.0,13.0,11.0,38.5,37.0,1,Jeff Triplette,HF,loss,-22.0,under
2000_05_SD_STL,2000,REG,5,2000-10-01,SD,STL,31.0,57.0,17.0,53.5,88.0,0,Bob McElwee,HF,win,9.0,over
2000_05_SEA_KC,2000,REG,5,2000-10-02,SEA,KC,17.0,24.0,4.0,38.5,41.0,1,Ed Hochuli,HF,win,3.0,over
2000_05_TB_WAS,2000,REG,5,2000-10-01,TB,WAS,17.0,20.0,1.5,36.0,37.0,0,Walt Coleman,HF,win,1.5,over
2000_06_BAL_JAX,2000,REG,6,2000-10-08,BAL,JAX,15.0,10.0,2.5,37.5,25.0,1,Ron Winter,HF,loss,-7.5,under
2000_06_BUF_MIA,2000,REG,6,2000-10-08,BUF,MIA,13.0,22.0,2.0,34.5,35.0,1,Bernie Kukar,HF,win,7.0,over
2000_06_CLE_ARI,2000,REG,6,2000-10-08,CLE,ARI,21.0,29.0,4.5,40.5,50.0,0,Tom White,HF,win,3.5,over
2000_06_DEN_SD,2000,REG,6,2000-10-08,DEN,SD,21.0,7.0,-6.5,43.0,28.0,1,Ed Hochuli,AF,win,7.5,under
2000_06_GB_DET,2000,REG,6,2000-10-08,GB,DET,24.0,31.0,3.0,43.0,55.0,1,Larry Nemmers,HF,win,4.0,over
2000_06_IND_NE,2000,REG,6,2000-10-08,IND,NE,16.0,24.0,-3.5,43.5,40.0,1,Walt Coleman,AF,loss,-11.5,under
2000_06_NO_CHI,2000,REG,6,2000-10-08,NO,CHI,31.0,10.0,5.5,40.0,41.0,0,Bob McElwee,HF,loss,-26.5,over
2000_06_NYG_ATL,2000,REG,6,2000-10-08,NYG,ATL,13.0,6.0,1.0,42.0,19.0,0,Johnny Grier,HF,loss,-8.0,under
2000_06_OAK_SF,2000,REG,6,2000-10-08,OAK,SF,34.0,28.0,-4.5,48.5,62.0,0,Ron Blum,AF,win,1.5,over
2000_06_PIT_NYJ,2000,REG,6,2000-10-08,PIT,NYJ,20.0,3.0,8.0,37.5,23.0,0,Gerry Austin,HF,loss,-25.0,under
2000_06_SEA_CAR,2000,REG,6,2000-10-08,SEA,CAR,3.0,26.0,3.5,43.0,29.0,0,Phil Luckett,HF,win,19.5,under
2000_06_TB_MIN,2000,REG,6,2000-10-09,TB,MIN,23.0,30.0,1.0,39.0,53.0,1,Tony Corrente,HF,win,6.0,over
2000_06_TEN_CIN,2000,REG,6,2000-10-08,TEN,CIN,23.0,14.0,-10.0,38.0,37.0,1,Bill Carollo,AF,loss,-1.0,under
2000_06_WAS_PHI,2000,REG,6,2000-10-08,WAS,PHI,17.0,14.0,-3.5,37.5,31.0,1,Dick Hantak,AF,loss,-0.5,under
2000_07_ATL_STL,2000,REG,7,2000-10-15,ATL,STL,29.0,45.0,18.0,58.5,74.0,1,Jeff Triplette,HF,loss,-2.0,over
2000_07_BAL_WAS,2000,REG,7,2000-10-15,BAL,WAS,3.0,10.0,3.5,34.5,13.0,0,Tom White,HF,win,3.5,under
2000_07_CIN_PIT,2000,REG,7,2000-10-15,CIN,PIT,0.0,15.0,8.5,37.0,15.0,1,Phil Luckett,HF,win,6.5,under
2000_07_CLE_DEN,2000,REG,7,2000-10-15,CLE,DEN,10.0,44.0,12.5,44.0,54.0,0,Walt Coleman,HF,win,21.5,over
2000_07_DAL_NYG,2000,REG,7,2000-10-15,DAL,NYG,14.0,19.0,4.0,40.5,33.0,1,Ron Winter,HF,win,1.0,under
2000_07_IND_SEA,2000,REG,7,2000-10-15,IND,SEA,37.0,24.0,-5.5,44.0,61.0,0,Dick Hantak,AF,win,7.5,over
2000_07_JAX_TEN,2000,REG,7,2000-10-16,JAX,TEN,13.0,27.0,6.0,38.0,40.0,1,Bernie Kukar,HF,win,8.0,over
2000_07_MIN_CHI,2000,REG,7,2000-10-15,MIN,CHI,28.0,16.0,-6.0,44.0,44.0,1,Larry Nemmers,AF,win,6.0,push
2000_07_NYJ_NE,2000,REG,7,2000-10-15,NYJ,NE,34.0,17.0,3.0,37.0,51.0,1,Johnny Grier,HF,loss,-20.0,over
2000_07_OAK_KC,2000,REG,7,2000-10-15,OAK,KC,20.0,17.0,3.0,43.5,37.0,1,Tony Corrente,HF,loss,-6.0,under
2000_07_PHI_ARI,2000,REG,7,2000-10-15,PHI,ARI,33.0,14.0,-2.5,39.0,47.0,1,Ron Blum,AF,win,16.5,over
2000_07_SD_BUF,2000,REG,7,2000-10-15,SD,BUF,24.0,27.0,10.0,36.5,51.0,0,Bill Carollo,HF,loss,-7.0,over
2000_07_SF_GB,2000,REG,7,2000-10-15,SF,GB,28.0,31.0,4.5,49.5,59.0,0,Bob McElwee,HF,loss,-1.5,over
2000_08_ARI_DAL,2000,REG,8,2000-10-22,ARI,DAL,7.0,48.0,7.0,41.5,55.0,1,Bernie Kukar,HF,win,34.0,over
2000_08_BUF_MIN,2000,REG,8,2000-10-22,BUF,MIN,27.0,31.0,6.5,44.5,58.0,0,Ron Blum,HF,loss,-2.5,over
2000_08_CHI_PHI,2000,REG,8,2000-10-22,CHI,PHI,9.0,13.0,6.5,41.0,22.0,0,Johnny Grier,HF,loss,-2.5,under
2000_08_CLE_PIT,2000,REG,8,2000-10-22,CLE,PIT,0.0,22.0,9.0,37.5,22.0,1,Ed Hochuli,HF,win,13.0,under
2000_08_DEN_CIN,2000,REG,8,2000-10-22,DEN,CIN,21.0,31.0,-10.0,43.0,52.0,0,Jeff Triplette,AF,loss,-20.0,over
2000_08_DET_TB,2000,REG,8,2000-10-19,DET,TB,28.0,14.0,8.0,37.5,42.0,1,Tom White,HF,loss,-22.0,over
2000_08_MIA_NYJ,2000,REG,8,2000-10-23,MIA,NYJ,37.0,40.0,3.0,35.0,77.0,1,Walt Coleman,HF,push,0.0,over
2000_08_NE_IND,2000,REG,8,2000-10-22,NE,IND,23.0,30.0,8.5,47.0,53.0,1,Tony Corrente,HF,loss,-1.5,over
2000_08_NO_ATL,2000,REG,8,2000-10-22,NO,ATL,21.0,19.0,-1.5,40.0,40.0,1,Dick Hantak,AF,win,0.5,push
2000_08_SEA_OAK,2000,REG,8,2000-10-22,SEA,OAK,3.0,31.0,7.5,44.0,34.0,1,Bill Carollo,HF,win,20.5,under
2000_08_SF_CAR,2000,REG,8,2000-10-22,SF,CAR,16.0,34.0,3.0,50.0,50.0,1,Ron Winter,HF,win,15.0,push
2000_08_STL_KC,2000,REG,8,2000-10-22,STL,KC,34.0,54.0,-7.0,56.0,88.0,0,Mike Carey,AF,loss,-27.0,over
2000_08_TEN_BAL,2000,REG,8,2000-10-22,TEN,BAL,14.0,6.0,1.0,35.0,20.0,1,Gerry Austin,HF,loss,-9.0,under
2000_08_WAS_JAX,2000,REG,8,2000-10-22,WAS,JAX,35.0,16.0,-4.0,36.0,51.0,0,Bob McElwee,AF,win,15.0,over
2000_09_CAR_ATL,2000,REG,9,2000-10-29,CAR,ATL,12.0,13.0,-3.0,45.5,25.0,1,Tom White,AF,loss,-4.0,under
2000_09_CIN_CLE,2000,REG,9,2000-10-29,CIN,CLE,12.0,3.0,-3.0,35.5,15.0,1,Johnny Grier,AF,win,6.0,under
2000_09_DET_IND,2000,REG,9,2000-10-29,DET,IND,18.0,30.0,7.0,47.0,48.0,0,Mike Carey,HF,win,5.0,over
2000_09_GB_MIA,2000,REG,9,2000-10-29,GB,MIA,20.0,28.0,4.5,38.5,48.0,0,Gerry Austin,HF,win,3.5,over
2000_09_JAX_DAL,2000,REG,9,2000-10-29,JAX,DAL,23.0,17.0,4.0,44.5,40.0,0,Bill Carollo,HF,loss,-10.0,under
2000_09_KC_SEA,2000,REG,9,2000-10-29,KC,SEA,24.0,19.0,-4.0,43.0,43.0,1,Ron Blum,AF,win,1.0,push
2000_09_MIN_TB,2000,REG,9,2000-10-29,MIN,TB,13.0,41.0,3.0,41.0,54.0,1,Phil Luckett,HF,win,25.0,over
2000_09_NO_ARI,2000,REG,9,2000-10-29,NO,ARI,21.0,10.0,-6.0,41.0,31.0,0,Larry Nemmers,AF,win,5.0,under
2000_09_NYJ_BUF,2000,REG,9,2000-10-29,NYJ,BUF,20.0,23.0,3.5,41.0,43.0,1,Bob McElwee,HF,loss,-0.5,over
2000_09_OAK_SD,2000,REG,9,2000-10-29,OAK,SD,15.0,13.0,-6.5,42.5,28.0,1,Dick Hantak,AF,loss,-4.5,under
2000_09_PHI_NYG,2000,REG,9,2000-10-29,PHI,NYG,7.0,24.0,3.5,37.0,31.0,1,Jeff Triplette,HF,win,13.5,under
2000_09_PIT_BAL,2000,REG,9,2000-10-29,PIT,BAL,9.0,6.0,4.5,33.0,15.0,1,Bernie Kukar,HF,loss,-7.5,under
2000_09_STL_SF,2000,REG,9,2000-10-29,STL,SF,34.0,24.0,-7.0,63.0,58.0,1,Ed Hochuli,AF,win,3.0,under
2000_09_TEN_WAS,2000,REG,9,2000-10-30,TEN,WAS,27.0,21.0,4.0,37.5,48.0,0,Ron Winter,HF,loss,-10.0,over
2000_10_BAL_CIN,2000,REG,10,2000-11-05,BAL,CIN,27.0,7.0,-6.0,32.5,34.0,1,Walt Coleman,AF,win,14.0,over
2000_10_BUF_NE,2000,REG,10,2000-11-05,BUF,NE,16.0,13.0,2.0,39.0,29.0,1,Tom White,HF,loss,-5.0,under
2000_10_CAR_STL,2000,REG,10,2000-11-05,CAR,STL,27.0,24.0,13.5,59.5,51.0,1,Bob McElwee,HF,loss,-16.5,under
2000_10_DAL_PHI,2000,REG,10,2000-11-05,DAL,PHI,13.0,16.0,3.0,40.0,29.0,1,Mike Carey,HF,push,0.0,under
2000_10_DEN_NYJ,2000,REG,10,2000-11-05,DEN,NYJ,30.0,23.0,3.0,45.5,53.0,0,Gerry Austin,HF,loss,-10.0,over
2000_10_IND_CHI,2000,REG,10,2000-11-05,IND,CHI,24.0,27.0,-7.0,45.0,51.0,0,Ed Hochuli,AF,loss,-10.0,over
2000_10_KC_OAK,2000,REG,10,2000-11-05,KC,OAK,31.0,49.0,3.5,44.0,80.0,1,Ron Winter,HF,win,14.5,over
2000_10_MIA_DET,2000,REG,10,2000-11-05,MIA,DET,23.0,8.0,2.5,39.0,31.0,0,Jeff Triplette,HF,loss,-17.5,under
2000_10_MIN_GB,2000,REG,10,2000-11-06,MIN,GB,20.0,26.0,-3.5,47.5,46.0,1,Dick Hantak,AF,loss,-9.5,under
2000_10_NYG_CLE,2000,REG,10,2000-11-05,NYG,CLE,24.0,3.0,-10.0,33.5,27.0,0,Tony Corrente,AF,win,11.0,under
2000_10_PIT_TEN,2000,REG,10,2000-11-05,PIT,TEN,7.0,9.0,8.0,36.5,16.0,1,Ron Blum,HF,loss,-6.0,under
2000_10_SD_SEA,2000,REG,10,2000-11-05,SD,SEA,15.0,17.0,4.5,39.5,32.0,1,Larry Nemmers,HF,loss,-2.5,under
2000_10_SF_NO,2000,REG,10,2000-11-05,SF,NO,15.0,31.0,5.5,48.0,46.0,1,Phil Luckett,HF,win,10.5,under
2000_10_TB_ATL,2000,REG,10,2000-11-05,TB,ATL,27.0,14.0,-7.0,40.0,41.0,0,Bernie Kukar,AF,win,6.0,over
2000_10_WAS_ARI,2000,REG,10,2000-11-05,WAS,ARI,15.0,16.0,-10.0,40.0,31.0,1,Bill Carollo,AF,loss,-11.0,under
2000_11_ARI_MIN,2000,REG,11,2000-11-12,ARI,MIN,14.0,31.0,12.5,46.0,45.0,0,Bob McElwee,HF,win,4.5,under
2000_11_ATL_DET,2000,REG,11,2000-11-12,ATL,DET,10.0,13.0,8.5,40.0,23.0,0,Walt Coleman,HF,loss,-5.5,under
2000_11_BAL_TEN,2000,REG,11,2000-11-12,BAL,TEN,24.0,23.0,4.0,33.0,47.0,1,Mike Carey,HF,loss,-5.0,over
2000_11_CHI_BUF,2000,REG,11,2000-11-12,CHI,BUF,3.0,20.0,7.0,39.5,23.0,0,Ron Winter,HF,win,10.0,under
2000_11_CIN_DAL,2000,REG,11,2000-11-12,CIN,DAL,6.0,23.0,8.5,39.0,29.0,0,Ed Hochuli,HF,win,8.5,under
2000_11_GB_TB,2000,REG,11,2000-11-12,GB,TB,15.0,20.0,9.0,42.0,35.0,1,Jeff Triplette,HF,loss,-4.0,under
2000_11_KC_SF,2000,REG,11,2000-11-12,KC,SF,7.0,21.0,-3.5,52.0,28.0,0,Johnny Grier,AF,loss,-17.5,under
2000_11_MIA_SD,2000,REG,11,2000-11-12,MIA,SD,17.0,7.0,-5.0,33.5,24.0,0,Tony Corrente,AF,win,5.0,under
2000_11_NE_CLE,2000,REG,11,2000-11-12,NE,CLE,11.0,19.0,-7.0,32.0,30.0,0,Gerry Austin,AF,loss,-15.0,under
2000_11_NO_CAR,2000,REG,11,2000-11-12,NO,CAR,20.0,10.0,-2.0,37.5,30.0,1,Ron Blum,AF,win,8.0,under
2000_11_NYJ_IND,2000,REG,11,2000-11-12,NYJ,IND,15.0,23.0,6.0,52.5,38.0,1,Bill Carollo,HF,win,2.0,under
2000_11_OAK_DEN,2000,REG,11,2000-11-13,OAK,DEN,24.0,27.0,3.0,50.0,51.0,1,Larry Nemmers,HF,push,0.0,over
2000_11_PHI_PIT,2000,REG,11,2000-11-12,PHI,PIT,26.0,23.0,3.5,33.0,49.0,0,Dick Hantak,HF,loss,-6.5,over
2000_11_SEA_JAX,2000,REG,11,2000-11-12,SEA,JAX,28.0,21.0,7.5,40.5,49.0,0,Tom White,HF,loss,-14.5,over
2000_11_STL_NYG,2000,REG,11,2000-11-12,STL,NYG,38.0,24.0,-2.0,48.5,62.0,0,Bernie Kukar,AF,win,12.0,over
2000_12_ARI_PHI,2000,REG,12,2000-11-19,ARI,PHI,9.0,34.0,7.0,38.0,43.0,1,Phil Luckett,HF,win,18.0,over
2000_12_ATL_SF,2000,REG,12,2000-11-19,ATL,SF,6.0,16.0,5.5,47.5,22.0,1,Mike Carey,HF,win,4.5,under
2000_12_BUF_KC,2000,REG,12,2000-11-19,BUF,KC,21.0,17.0,3.0,42.0,38.0,0,Dick Hantak,HF,loss,-7.0,under
2000_12_CAR_MIN,2000,REG,12,2000-11-19,CAR,MIN,17.0,31.0,9.5,46.5,48.0,0,Walt Coleman,HF,win,4.5,over
2000_12_CIN_NE,2000,REG,12,2000-11-19,CIN,NE,13.0,16.0,7.0,36.0,29.0,0,Bernie Kukar,HF,loss,-4.0,under
2000_12_CLE_TEN,2000,REG,12,2000-11-19,CLE,TEN,10.0,24.0,16.0,35.5,34.0,1,Larry Nemmers,HF,loss,-2.0,under
2000_12_DAL_BAL,2000,REG,12,2000-11-19,DAL,BAL,0.0,27.0,7.0,36.0,27.0,0,Jeff Triplette,HF,win,20.0,under
2000_12_DET_NYG,2000,REG,12,2000-11-19,DET,NYG,31.0,21.0,5.0,36.5,52.0,0,Bill Carollo,HF,loss,-15.0,over
2000_12_IND_GB,2000,REG,12,2000-11-19,IND,GB,24.0,26.0,-6.0,46.0,50.0,0,Tom White,AF,loss,-8.0,over
2000_12_JAX_PIT,2000,REG,12,2000-11-19,JAX,PIT,34.0,24.0,3.0,37.0,58.0,1,Gerry Austin,HF,loss,-13.0,over
2000_12_NYJ_MIA,2000,REG,12,2000-11-19,NYJ,MIA,20.0,3.0,3.5,38.5,23.0,1,Ron Winter,HF,loss,-20.5,under
2000_12_OAK_NO,2000,REG,12,2000-11-19,OAK,NO,31.0,22.0,-3.0,43.0,53.0,0,Tony Corrente,AF,win,6.0,over
2000_12_SD_DEN,2000,REG,12,2000-11-19,SD,DEN,37.0,38.0,9.5,42.5,75.0,1,Johnny Grier,HF,loss,-8.5,over
2000_12_TB_CHI,2000,REG,12,2000-11-19,TB,CHI,10.0,13.0,-8.0,36.0,23.0,1,Bob McElwee,AF,loss,-11.0,under
2000_12_WAS_STL,2000,REG,12,2000-11-20,WAS,STL,33.0,20.0,5.5,56.0,53.0,0,Ron Blum,HF,loss,-18.5,under
2000_13_ATL_OAK,2000,REG,13,2000-11-26,ATL,OAK,14.0,41.0,11.0,44.0,55.0,0,Jeff Triplette,HF,win,16.0,over
2000_13_BUF_TB,2000,REG,13,2000-11-26,BUF,TB,17.0,31.0,4.0,37.0,48.0,0,Ed Hochuli,HF,win,10.0,over
2000_13_CHI_NYJ,2000,REG,13,2000-11-26,CHI,NYJ,10.0,17.0,7.0,39.5,27.0,0,Mike Carey,HF,push,0.0,under
2000_13_CLE_BAL,2000,REG,13,2000-11-26,CLE,BAL,7.0,44.0,15.0,34.0,51.0,1,Bob McElwee,HF,win,22.0,over
2000_13_DEN_SEA,2000,REG,13,2000-11-26,DEN,SEA,38.0,31.0,-3.0,45.5,69.0,1,Bill Carollo,AF,win,4.0,over
2000_13_KC_SD,2000,REG,13,2000-11-26,KC,SD,16.0,17.0,-3.0,41.0,33.0,1,Bernie Kukar,AF,loss,-4.0,under
2000_13_MIA_IND,2000,REG,13,2000-11-26,MIA,IND,17.0,14.0,5.5,44.5,31.0,1,Bill Blum,HF,loss,-8.5,under
2000_13_MIN_DAL,2000,REG,13,2000-11-23,MIN,DAL,27.0,15.0,-7.0,48.0,42.0,0,Tony Corrente,AF,win,5.0,under
2000_13_NE_DET,2000,REG,13,2000-11-23,NE,DET,9.0,34.0,6.5,38.0,43.0,0,Ron Winter,HF,win,18.5,over
2000_13_NO_STL,2000,REG,13,2000-11-26,NO,STL,31.0,24.0,13.5,53.5,55.0,1,Gerry Austin,HF,loss,-20.5,over
2000_13_NYG_ARI,2000,REG,13,2000-11-26,NYG,ARI,31.0,7.0,-6.0,39.0,38.0,1,Walt Coleman,AF,win,18.0,under
2000_13_PHI_WAS,2000,REG,13,2000-11-26,PHI,WAS,23.0,20.0,7.0,37.0,43.0,1,Tom White,HF,loss,-10.0,over
2000_13_PIT_CIN,2000,REG,13,2000-11-26,PIT,CIN,48.0,28.0,-4.0,34.0,76.0,1,Larry Nemmers,AF,win,16.0,over
2000_13_TEN_JAX,2000,REG,13,2000-11-26,TEN,JAX,13.0,16.0,-3.0,41.5,29.0,1,Johnny Grier,AF,loss,-6.0,under
2000_14_ARI_CIN,2000,REG,14,2000-12-03,ARI,CIN,13.0,24.0,4.0,38.5,37.0,0,Johnny Grier,HF,win,7.0,under
2000_14_CLE_JAX,2000,REG,14,2000-12-03,CLE,JAX,0.0,48.0,14.5,39.0,48.0,1,Ron Blum,HF,win,33.5,over
2000_14_DAL_TB,2000,REG,14,2000-12-03,DAL,TB,7.0,27.0,10.0,37.0,34.0,0,Dick Hantak,HF,win,10.0,under
2000_14_DET_MIN,2000,REG,14,2000-11-30,DET,MIN,17.0,24.0,9.0,48.5,41.0,1,Larry Nemmers,HF,loss,-2.0,under
2000_14_GB_CHI,2000,REG,14,2000-12-03,GB,CHI,28.0,6.0,-2.5,39.0,34.0,1,Bernie Kukar,AF,win,19.5,under
2000_14_IND_NYJ,2000,REG,14,2000-12-03,IND,NYJ,17.0,27.0,2.5,44.0,44.0,1,Phil Luckett,HF,win,7.5,push
2000_14_KC_NE,2000,REG,14,2000-12-04,KC,NE,24.0,30.0,1.0,41.0,54.0,0,Bob McElwee,HF,win,5.0,over
2000_14_MIA_BUF,2000,REG,14,2000-12-03,MIA,BUF,33.0,6.0,3.5,36.0,39.0,1,Mike Carey,HF,loss,-30.5,over
2000_14_NYG_WAS,2000,REG,14,2000-12-03,NYG,WAS,9.0,7.0,6.0,38.0,16.0,1,Ed Hochuli,HF,loss,-8.0,under
2000_14_OAK_PIT,2000,REG,14,2000-12-03,OAK,PIT,20.0,21.0,-3.0,42.0,41.0,0,Tom White,AF,loss,-4.0,under
2000_14_SF_SD,2000,REG,14,2000-12-03,SF,SD,45.0,17.0,-2.5,44.0,62.0,0,Gerry Austin,AF,win,25.5,over
2000_14_STL_CAR,2000,REG,14,2000-12-03,STL,CAR,3.0,16.0,-8.0,58.0,19.0,1,Tony Corrente,AF,loss,-21.0,under
2000_14_TEN_PHI,2000,REG,14,2000-12-03,TEN,PHI,15.0,13.0,-3.0,36.5,28.0,0,Walt Coleman,AF,loss,-1.0,under
2000_15_ARI_JAX,2000,REG,15,2000-12-10,ARI,JAX,10.0,44.0,15.0,42.0,54.0,0,Mike Carey,HF,win,19.0,over
2000_15_BUF_IND,2000,REG,15,2000-12-11,BUF,IND,20.0,44.0,6.0,45.0,64.0,1,Jeff Triplette,HF,win,18.0,over
2000_15_CAR_KC,2000,REG,15,2000-12-10,CAR,KC,14.0,15.0,2.5,42.0,29.0,0,Gerry Austin,HF,loss,-1.5,under
2000_15_CIN_TEN,2000,REG,15,2000-12-10,CIN,TEN,3.0,35.0,13.0,36.0,38.0,1,Dick Hantak,HF,win,19.0,over
2000_15_DET_GB,2000,REG,15,2000-12-10,DET,GB,13.0,26.0,3.5,41.0,39.0,1,Bob McElwee,HF,win,9.5,under
2000_15_MIN_STL,2000,REG,15,2000-12-10,MIN,STL,29.0,40.0,3.5,56.5,69.0,0,Ron Winter,HF,win,7.5,over
2000_15_NE_CHI,2000,REG,15,2000-12-10,NE,CHI,17.0,24.0,2.0,36.5,41.0,0,Ron Blum,HF,win,5.0,over
2000_15_NO_SF,2000,REG,15,2000-12-10,NO,SF,31.0,27.0,3.0,47.5,58.0,1,Larry Nemmers,HF,loss,-7.0,over
2000_15_NYJ_OAK,2000,REG,15,2000-12-10,NYJ,OAK,7.0,31.0,3.5,47.0,38.0,0,Ed Hochuli,HF,win,20.5,under
2000_15_PHI_CLE,2000,REG,15,2000-12-10,PHI,CLE,35.0,24.0,-14.0,35.5,59.0,0,Johnny Grier,AF,loss,-3.0,over
2000_15_PIT_NYG,2000,REG,15,2000-12-10,PIT,NYG,10.0,30.0,3.5,35.5,40.0,0,Tony Corrente,HF,win,16.5,over
2000_15_SD_BAL,2000,REG,15,2000-12-10,SD,BAL,3.0,24.0,13.5,36.5,27.0,0,Tom White,HF,win,7.5,under
2000_15_SEA_DEN,2000,REG,15,2000-12-10,SEA,DEN,24.0,31.0,10.0,48.0,55.0,1,Phil Luckett,HF,loss,-3.0,over
2000_15_TB_MIA,2000,REG,15,2000-12-10,TB,MIA,16.0,13.0,2.5,34.5,29.0,0,Bill Carollo,HF,loss,-5.5,under
2000_15_WAS_DAL,2000,REG,15,2000-12-10,WAS,DAL,13.0,32.0,-6.0,39.0,45.0,1,Bernie Kukar,AF,loss,-25.0,over
2000_16_ATL_NO,2000,REG,16,2000-12-17,ATL,NO,7.0,23.0,10.0,41.0,30.0,1,Ed Hochuli,HF,win,6.0,under
2000_16_BAL_ARI,2000,REG,16,2000-12-17,BAL,ARI,13.0,7.0,-15.0,37.5,20.0,0,Larry Nemmers,AF,loss,-9.0,under
2000_16_CHI_SF,2000,REG,16,2000-12-17,CHI,SF,0.0,17.0,6.0,45.5,17.0,0,Dick Hantak,HF,win,11.0,under
2000_16_DEN_KC,2000,REG,16,2000-12-17,DEN,KC,7.0,20.0,-3.0,47.0,27.0,1,Ron Winter,AF,loss,-16.0,under
2000_16_DET_NYJ,2000,REG,16,2000-12-17,DET,NYJ,10.0,7.0,6.5,39.5,17.0,0,Ron Blum,HF,loss,-9.5,under
2000_16_GB_MIN,2000,REG,16,2000-12-17,GB,MIN,33.0,28.0,7.5,49.0,61.0,1,Gerry Austin,HF,loss,-12.5,over
2000_16_IND_MIA,2000,REG,16,2000-12-17,IND,MIA,20.0,13.0,3.0,42.0,33.0,1,Walt Anderson,HF,loss,-10.0,under
2000_16_JAX_CIN,2000,REG,16,2000-12-17,JAX,CIN,14.0,17.0,-10.5,42.5,31.0,1,Jeff Triplette,AF,loss,-13.5,under
2000_16_NE_BUF,2000,REG,16,2000-12-17,NE,BUF,13.0,10.0,4.5,39.0,23.0,1,Phil Luckett,HF,loss,-7.5,under
2000_16_NYG_DAL,2000,REG,16,2000-12-17,NYG,DAL,17.0,13.0,-6.5,36.0,30.0,1,Tom White,AF,loss,-2.5,under
2000_16_OAK_SEA,2000,REG,16,2000-12-16,OAK,SEA,24.0,27.0,-6.0,47.5,51.0,1,Bernie Kukar,AF,loss,-9.0,over
2000_16_SD_CAR,2000,REG,16,2000-12-17,SD,CAR,22.0,30.0,8.5,38.5,52.0,0,Bill Carollo,HF,loss,-0.5,over
2000_16_STL_TB,2000,REG,16,2000-12-18,STL,TB,35.0,38.0,-1.0,49.0,73.0,0,Johnny Grier,AF,loss,-4.0,over
2000_16_TEN_CLE,2000,REG,16,2000-12-17,TEN,CLE,24.0,0.0,-16.0,37.0,24.0,1,Tony Corrente,AF,win,8.0,under
2000_16_WAS_PIT,2000,REG,16,2000-12-16,WAS,PIT,3.0,24.0,-1.0,37.5,27.0,0,Mike Carey,AF,loss,-22.0,under
2000_17_ARI_WAS,2000,REG,17,2000-12-24,ARI,WAS,3.0,20.0,7.0,38.5,23.0,1,Jeff Triplette,HF,win,10.0,under
2000_17_BUF_SEA,2000,REG,17,2000-12-23,BUF,SEA,42.0,23.0,3.0,42.5,65.0,0,Ron Blum,HF,loss,-22.0,over
2000_17_CAR_OAK,2000,REG,17,2000-12-24,CAR,OAK,9.0,52.0,9.0,45.5,61.0,0,Mike Carey,HF,win,34.0,over
2000_17_CHI_DET,2000,REG,17,2000-12-24,CHI,DET,23.0,20.0,10.0,37.0,43.0,1,Tom White,HF,loss,-13.0,over
2000_17_CIN_PHI,2000,REG,17,2000-12-24,CIN,PHI,7.0,16.0,10.5,35.0,23.0,0,Bernie Kukar,HF,loss,-1.5,under
2000_17_DAL_TEN,2000,REG,17,2000-12-25,DAL,TEN,0.0,31.0,13.5,37.5,31.0,0,Ed Hochuli,HF,win,17.5,under
2000_17_JAX_NYG,2000,REG,17,2000-12-23,JAX,NYG,25.0,28.0,4.0,37.5,53.0,0,Dick Hantak,HF,loss,-1.0,over
2000_17_KC_ATL,2000,REG,17,2000-12-24,KC,ATL,13.0,29.0,-4.5,40.5,42.0,0,Larry Nemmers,AF,loss,-20.5,over
2000_17_MIA_NE,2000,REG,17,2000-12-24,MIA,NE,27.0,24.0,-4.0,35.0,51.0,1,Johnny Grier,AF,loss,-1.0,over
2000_17_MIN_IND,2000,REG,17,2000-12-24,MIN,IND,10.0,31.0,3.0,53.5,41.0,0,Bill Carollo,HF,win,18.0,under
2000_17_NYJ_BAL,2000,REG,17,2000-12-24,NYJ,BAL,20.0,34.0,6.0,35.5,54.0,0,Walt Coleman,HF,win,8.0,over
2000_17_PIT_SD,2000,REG,17,2000-12-24,PIT,SD,34.0,21.0,-3.0,37.5,55.0,0,Bob McElwee,AF,win,10.0,over
2000_17_SF_DEN,2000,REG,17,2000-12-23,SF,DEN,9.0,38.0,7.0,48.5,47.0,0,Tony Corrente,HF,win,22.0,under
2000_17_STL_NO,2000,REG,17,2000-12-24,STL,NO,26.0,21.0,-3.5,56.0,47.0,1,Phil Luckett,AF,win,1.5,under
2000_17_TB_GB,2000,REG,17,2000-12-24,TB,GB,14.0,17.0,2.5,38.0,31.0,1,Ron Winter,HF,win,0.5,under
2000_18_DEN_BAL,2000,WC,18,2000-12-31,DEN,BAL,3.0,21.0,3.5,41.0,24.0,0,Larry Nemmers,HF,win,14.5,under
2000_18_IND_MIA,2000,WC,18,2000-12-30,IND,MIA,17.0,23.0,-1.5,42.0,40.0,1,Jeff Triplette,AF,loss,-7.5,under
2000_18_STL_NO,2000,WC,18,2000-12-30,STL,NO,28.0,31.0,-5.5,55.0,59.0,1,Gerry Austin,AF,loss,-8.5,over
2000_18_TB_PHI,2000,WC,18,2000-12-31,TB,PHI,3.0,21.0,-3.0,34.0,24.0,0,Mike Carey,AF,loss,-21.0,under
2000_19_BAL_TEN,2000,DIV,19,2001-01-07,BAL,TEN,24.0,10.0,6.0,34.0,34.0,1,Bernie Kukar,HF,loss,-20.0,push
2000_19_MIA_OAK,2000,DIV,19,2001-01-06,MIA,OAK,0.0,27.0,9.0,42.0,27.0,0,Phil Luckett,HF,win,18.0,under
2000_19_NO_MIN,2000,DIV,19,2001-01-06,NO,MIN,16.0,34.0,8.0,49.5,50.0,0,Walt Coleman,HF,win,10.0,over
2000_19_PHI_NYG,2000,DIV,19,2001-01-07,PHI,NYG,10.0,20.0,4.5,33.5,30.0,1,Ed Hochuli,HF,win,5.5,under
2000_20_BAL_OAK,2000,CON,20,2001-01-14,BAL,OAK,16.0,3.0,6.0,38.0,19.0,0,Bill Carollo,HF,loss,-19.0,under
2000_20_MIN_NYG,2000,CON,20,2001-01-14,MIN,NYG,0.0,41.0,-1.0,41.5,41.0,0,Tony Corrente,AF,loss,-42.0,under
2000_21_BAL_NYG,2000,SB,21,2001-01-28,BAL,NYG,34.0,7.0,-3.0,33.0,41.0,0,Gerry Austin,AF,win,24.0,over
2001_01_ATL_SF,2001,REG,1,2001-09-09,ATL,SF,13.0,16.0,3.5,46.0,29.0,1,Riley Johnson,HF,loss,-0.5,under
2001_01_CAR_MIN,2001,REG,1,2001-09-09,CAR,MIN,24.0,13.0,10.0,45.0,37.0,0,Wayne McKreight,HF,loss,-21.0,under
2001_01_CHI_BAL,2001,REG,1,2001-09-09,CHI,BAL,6.0,17.0,10.5,33.5,23.0,0,Joseph Rider,HF,win,0.5,under
2001_01_DET_GB,2001,REG,1,2001-09-09,DET,GB,6.0,28.0,5.5,41.5,34.0,1,Aster Sizemore,HF,win,16.5,under
2001_01_IND_NYJ,2001,REG,1,2001-09-09,IND,NYJ,45.0,24.0,-1.5,44.5,69.0,1,Perry Havener,AF,win,19.5,over
2001_01_MIA_TEN,2001,REG,1,2001-09-09,MIA,TEN,31.0,23.0,6.5,34.0,54.0,0,Ernie Briggs,HF,loss,-14.5,over
2001_01_NO_BUF,2001,REG,1,2001-09-09,NO,BUF,24.0,6.0,-1.5,37.5,30.0,0,Larry Mallam,AF,win,16.5,under
2001_01_NYG_DEN,2001,REG,1,2001-09-10,NYG,DEN,20.0,31.0,7.0,43.5,51.0,0,Bill Athan,HF,win,4.0,over
2001_01_OAK_KC,2001,REG,1,2001-09-09,OAK,KC,27.0,24.0,-3.0,43.0,51.0,1,Randall Beesley,AF,push,0.0,over
2001_01_PIT_JAX,2001,REG,1,2001-09-09,PIT,JAX,3.0,21.0,3.0,37.5,24.0,1,Mack Gentry,HF,win,15.0,under
2001_01_SEA_CLE,2001,REG,1,2001-09-09,SEA,CLE,9.0,6.0,-4.0,38.5,15.0,0,Bill Etzler,AF,loss,-1.0,under
2001_01_STL_PHI,2001,REG,1,2001-09-09,STL,PHI,20.0,17.0,-3.0,46.0,37.0,0,Al Hynes,AF,push,0.0,under
2001_01_TB_DAL,2001,REG,1,2001-09-09,TB,DAL,10.0,6.0,-9.0,34.0,16.0,0,Paul Labenne,AF,loss,-5.0,under
2001_01_WAS_SD,2001,REG,1,2001-09-09,WAS,SD,3.0,30.0,2.5,36.5,33.0,0,Jim Sprenger,HF,win,24.5,under
2001_02_BAL_CIN,2001,REG,2,2001-09-23,BAL,CIN,10.0,21.0,-7.0,33.5,31.0,1,Ed Hochuli,AF,loss,-18.0,under
2001_02_BUF_IND,2001,REG,2,2001-09-23,BUF,IND,26.0,42.0,10.0,44.5,68.0,1,Bill Carollo,HF,win,6.0,over
2001_02_CAR_ATL,2001,REG,2,2001-09-23,CAR,ATL,16.0,24.0,3.5,41.0,40.0,1,Bob McElwee,HF,win,4.5,under
2001_02_DEN_ARI,2001,REG,2,2001-09-23,DEN,ARI,38.0,17.0,-8.5,45.0,55.0,0,Ron Blum,AF,win,12.5,over
2001_02_DET_CLE,2001,REG,2,2001-09-23,DET,CLE,14.0,24.0,-1.5,33.0,38.0,0,Terry McAulay,AF,loss,-11.5,over
2001_02_MIN_CHI,2001,REG,2,2001-09-23,MIN,CHI,10.0,17.0,-3.0,43.5,27.0,1,Mike Carey,AF,loss,-10.0,under
2001_02_NYG_KC,2001,REG,2,2001-09-23,NYG,KC,13.0,3.0,1.5,39.0,16.0,0,Tom White,HF,loss,-11.5,under
2001_02_NYJ_NE,2001,REG,2,2001-09-23,NYJ,NE,10.0,3.0,-1.5,38.5,13.0,1,Larry Nemmers,AF,win,5.5,under
2001_02_OAK_MIA,2001,REG,2,2001-09-23,OAK,MIA,15.0,18.0,1.5,40.0,33.0,0,Johnny Grier,HF,win,1.5,under
2001_02_PHI_SEA,2001,REG,2,2001-09-23,PHI,SEA,27.0,3.0,-2.5,37.0,30.0,0,Dick Hantak,AF,win,21.5,under
2001_02_SD_DAL,2001,REG,2,2001-09-23,SD,DAL,32.0,21.0,-3.5,34.0,53.0,0,Jeff Triplette,AF,win,7.5,over
2001_02_STL_SF,2001,REG,2,2001-09-23,STL,SF,30.0,26.0,-6.0,50.0,56.0,1,Bill Leavy,AF,loss,-2.0,over
2001_02_TEN_JAX,2001,REG,2,2001-09-23,TEN,JAX,6.0,13.0,2.0,36.0,19.0,1,Bernie Kukar,HF,win,5.0,under
2001_02_WAS_GB,2001,REG,2,2001-09-24,WAS,GB,0.0,37.0,8.5,41.0,37.0,0,Walt Coleman,HF,win,28.5,under
2001_03_ATL_ARI,2001,REG,3,2001-09-30,ATL,ARI,34.0,14.0,-3.0,42.0,48.0,0,Gerry Austin,AF,win,17.0,over
2001_03_BAL_DEN,2001,REG,3,2001-09-30,BAL,DEN,20.0,13.0,4.5,41.0,33.0,0,Bill Leavy,HF,loss,-11.5,under
2001_03_CIN_SD,2001,REG,3,2001-09-30,CIN,SD,14.0,28.0,6.5,39.0,42.0,0,Dick Hantak,HF,win,7.5,over
2001_03_CLE_JAX,2001,REG,3,2001-09-30,CLE,JAX,23.0,14.0,8.5,35.5,37.0,1,Bob McElwee,HF,loss,-17.5,over
2001_03_DAL_PHI,2001,REG,3,2001-09-30,DAL,PHI,18.0,40.0,13.5,34.5,58.0,1,Ron Winter,HF,win,8.5,over
2001_03_GB_CAR,2001,REG,3,2001-09-30,GB,CAR,28.0,7.0,-3.5,41.0,35.0,0,Tony Corrente,AF,win,17.5,under
2001_03_IND_NE,2001,REG,3,2001-09-30,IND,NE,13.0,44.0,-11.5,45.0,57.0,1,Bernie Kukar,AF,loss,-42.5,over
2001_03_KC_WAS,2001,REG,3,2001-09-30,KC,WAS,45.0,13.0,-3.0,35.5,58.0,0,Jeff Triplette,AF,win,29.0,over
2001_03_MIA_STL,2001,REG,3,2001-09-30,MIA,STL,10.0,42.0,6.0,44.0,52.0,0,Bill Carollo,HF,win,26.0,over
2001_03_NO_NYG,2001,REG,3,2001-09-30,NO,NYG,13.0,21.0,3.0,37.0,34.0,0,Terry McAulay,HF,win,5.0,under
2001_03_PIT_BUF,2001,REG,3,2001-09-30,PIT,BUF,20.0,3.0,-3.0,36.0,23.0,0,Tom White,AF,win,14.0,under
2001_03_SEA_OAK,2001,REG,3,2001-09-30,SEA,OAK,14.0,38.0,10.5,39.0,52.0,1,Ron Blum,HF,win,13.5,over
2001_03_SF_NYJ,2001,REG,3,2001-10-01,SF,NYJ,19.0,17.0,3.0,44.5,36.0,0,Johnny Grier,HF,loss,-5.0,under
2001_03_TB_MIN,2001,REG,3,2001-09-30,TB,MIN,16.0,20.0,-2.5,39.0,36.0,1,Ed Hochuli,AF,loss,-6.5,under
2001_04_ARI_PHI,2001,REG,4,2001-10-07,ARI,PHI,21.0,20.0,14.5,41.0,41.0,1,Bernie Kukar,HF,loss,-15.5,push
2001_04_CAR_SF,2001,REG,4,2001-10-07,CAR,SF,14.0,24.0,6.5,45.0,38.0,1,Terry McAulay,HF,win,3.5,under
2001_04_CHI_ATL,2001,REG,4,2001-10-07,CHI,ATL,31.0,3.0,3.5,39.5,34.0,0,Bill Carollo,HF,loss,-31.5,under
2001_04_CIN_PIT,2001,REG,4,2001-10-07,CIN,PIT,7.0,16.0,5.0,35.5,23.0,1,Larry Nemmers,HF,win,4.0,under
2001_04_DAL_OAK,2001,REG,4,2001-10-07,DAL,OAK,21.0,28.0,18.0,41.5,49.0,0,Dick Hantak,HF,loss,-11.0,over
2001_04_GB_TB,2001,REG,4,2001-10-07,GB,TB,10.0,14.0,3.0,36.5,24.0,1,Bob McElwee,HF,win,1.0,under
2001_04_JAX_SEA,2001,REG,4,2001-10-07,JAX,SEA,15.0,24.0,-3.5,35.0,39.0,0,Tony Corrente,AF,loss,-12.5,over
2001_04_KC_DEN,2001,REG,4,2001-10-07,KC,DEN,6.0,20.0,10.0,48.0,26.0,1,Mike Carey,HF,win,4.0,under
2001_04_MIN_NO,2001,REG,4,2001-10-07,MIN,NO,15.0,28.0,3.5,44.0,43.0,0,Bill Leavy,HF,win,9.5,under
2001_04_NE_MIA,2001,REG,4,2001-10-07,NE,MIA,10.0,30.0,9.5,35.0,40.0,1,Gerry Austin,HF,win,10.5,over
2001_04_NYJ_BUF,2001,REG,4,2001-10-07,NYJ,BUF,42.0,36.0,-4.5,36.0,78.0,1,Ron Winter,AF,win,1.5,over
2001_04_SD_CLE,2001,REG,4,2001-10-07,SD,CLE,16.0,20.0,-3.0,35.0,36.0,0,Walt Coleman,AF,loss,-7.0,over
2001_04_STL_DET,2001,REG,4,2001-10-08,STL,DET,35.0,0.0,-12.5,48.5,35.0,0,Tom White,AF,win,22.5,under
2001_04_TEN_BAL,2001,REG,4,2001-10-07,TEN,BAL,7.0,26.0,3.5,33.5,33.0,1,Ron Blum,HF,win,15.5,under
2001_04_WAS_NYG,2001,REG,4,2001-10-07,WAS,NYG,9.0,23.0,14.0,36.0,32.0,1,Johnny Grier,HF,push,0.0,under
2001_05_ARI_CHI,2001,REG,5,2001-10-14,ARI,CHI,13.0,20.0,7.0,39.5,33.0,0,Johnny Grier,HF,push,0.0,under
2001_05_CLE_CIN,2001,REG,5,2001-10-14,CLE,CIN,14.0,24.0,1.5,35.0,38.0,1,Mike Carey,HF,win,8.5,over
2001_05_DEN_SEA,2001,REG,5,2001-10-14,DEN,SEA,21.0,34.0,-6.0,44.0,55.0,1,Larry Nemmers,AF,loss,-19.0,over
2001_05_DET_MIN,2001,REG,5,2001-10-14,DET,MIN,26.0,31.0,10.0,44.0,57.0,1,Tony Corrente,HF,loss,-5.0,over
2001_05_MIA_NYJ,2001,REG,5,2001-10-14,MIA,NYJ,17.0,21.0,-3.0,38.0,38.0,1,Walt Coleman,AF,loss,-7.0,push
2001_05_NO_CAR,2001,REG,5,2001-10-14,NO,CAR,27.0,25.0,-5.0,39.5,52.0,1,Ron Winter,AF,loss,-3.0,over
2001_05_NYG_STL,2001,REG,5,2001-10-14,NYG,STL,14.0,15.0,10.5,45.0,29.0,0,Gerry Austin,HF,loss,-9.5,under
2001_05_OAK_IND,2001,REG,5,2001-10-14,OAK,IND,23.0,18.0,3.5,52.0,41.0,0,Bob McElwee,HF,loss,-8.5,under
2001_05_PIT_KC,2001,REG,5,2001-10-14,PIT,KC,20.0,17.0,2.5,36.0,37.0,0,Ron Blum,HF,loss,-5.5,over
2001_05_SD_NE,2001,REG,5,2001-10-14,SD,NE,26.0,29.0,-3.0,36.0,55.0,0,Terry McAulay,AF,loss,-6.0,over
2001_05_SF_ATL,2001,REG,5,2001-10-14,SF,ATL,37.0,31.0,-3.0,43.5,68.0,1,Jeff Triplette,AF,win,3.0,over
2001_05_TB_TEN,2001,REG,5,2001-10-14,TB,TEN,28.0,31.0,3.0,33.0,59.0,0,Dick Hantak,HF,push,0.0,over
2001_05_WAS_DAL,2001,REG,5,2001-10-15,WAS,DAL,7.0,9.0,3.0,37.0,16.0,1,Ed Hochuli,HF,loss,-1.0,under
2001_06_ATL_NO,2001,REG,6,2001-10-21,ATL,NO,20.0,13.0,8.0,42.0,33.0,1,Walt Coleman,HF,loss,-15.0,under
2001_06_BAL_CLE,2001,REG,6,2001-10-21,BAL,CLE,14.0,24.0,-7.5,33.0,38.0,1,Larry Nemmers,AF,loss,-17.5,over
2001_06_BUF_JAX,2001,REG,6,2001-10-18,BUF,JAX,13.0,10.0,9.0,38.5,23.0,0,Gerry Austin,HF,loss,-12.0,under
2001_06_CAR_WAS,2001,REG,6,2001-10-21,CAR,WAS,14.0,17.0,-3.5,36.0,31.0,0,Bill Carollo,AF,loss,-6.5,under
2001_06_CHI_CIN,2001,REG,6,2001-10-21,CHI,CIN,24.0,0.0,1.0,36.0,24.0,0,Bernie Kukar,HF,loss,-25.0,under
2001_06_DEN_SD,2001,REG,6,2001-10-21,DEN,SD,10.0,27.0,-2.5,43.5,37.0,1,Bill Leavy,AF,loss,-19.5,under
2001_06_GB_MIN,2001,REG,6,2001-10-21,GB,MIN,13.0,35.0,-3.0,47.5,48.0,1,Ron Winter,AF,loss,-25.0,over
2001_06_KC_ARI,2001,REG,6,2001-10-21,KC,ARI,16.0,24.0,-2.0,41.0,40.0,0,Tony Corrente,AF,loss,-10.0,under
2001_06_NE_IND,2001,REG,6,2001-10-21,NE,IND,38.0,17.0,10.5,48.0,55.0,1,Tom White,HF,loss,-31.5,over
2001_06_PHI_NYG,2001,REG,6,2001-10-22,PHI,NYG,10.0,9.0,3.0,35.5,19.0,1,Jeff Triplette,HF,loss,-4.0,under
2001_06_PIT_TB,2001,REG,6,2001-10-21,PIT,TB,17.0,10.0,5.0,33.5,27.0,0,Ed Hochuli,HF,loss,-12.0,under
2001_06_STL_NYJ,2001,REG,6,2001-10-21,STL,NYJ,34.0,14.0,-7.0,46.5,48.0,0,Terry McAulay,AF,win,13.0,over
2001_06_TEN_DET,2001,REG,6,2001-10-21,TEN,DET,27.0,24.0,-5.5,38.5,51.0,0,Mike Carey,AF,loss,-2.5,over
2001_07_ARI_DAL,2001,REG,7,2001-10-28,ARI,DAL,3.0,17.0,-3.0,38.0,20.0,1,Ron Blum,AF,loss,-17.0,under
2001_07_BUF_SD,2001,REG,7,2001-10-28,BUF,SD,24.0,27.0,7.5,39.0,51.0,0,Tony Corrente,HF,loss,-4.5,over
2001_07_CIN_DET,2001,REG,7,2001-10-28,CIN,DET,31.0,27.0,3.0,39.5,58.0,0,Johnny Grier,HF,loss,-7.0,over
2001_07_IND_KC,2001,REG,7,2001-10-25,IND,KC,35.0,28.0,-3.0,47.5,63.0,0,Ed Hochuli,AF,win,4.0,over
2001_07_JAX_BAL,2001,REG,7,2001-10-28,JAX,BAL,17.0,18.0,7.5,33.0,35.0,1,Jeff Triplette,HF,loss,-6.5,over
2001_07_MIA_SEA,2001,REG,7,2001-10-28,MIA,SEA,24.0,20.0,-2.5,36.5,44.0,0,Bob McElwee,AF,win,1.5,over
2001_07_MIN_TB,2001,REG,7,2001-10-28,MIN,TB,14.0,41.0,3.0,38.5,55.0,1,Gerry Austin,HF,win,24.0,over
2001_07_NE_DEN,2001,REG,7,2001-10-28,NE,DEN,20.0,31.0,7.0,43.0,51.0,0,Walt Coleman,HF,win,4.0,over
2001_07_NO_STL,2001,REG,7,2001-10-28,NO,STL,34.0,31.0,12.0,48.5,65.0,1,Bernie Kukar,HF,loss,-15.0,over
2001_07_NYG_WAS,2001,REG,7,2001-10-28,NYG,WAS,21.0,35.0,-7.5,33.5,56.0,1,Larry Nemmers,AF,loss,-21.5,over
2001_07_NYJ_CAR,2001,REG,7,2001-10-28,NYJ,CAR,13.0,12.0,-2.5,39.0,25.0,0,Bill Leavy,AF,loss,-1.5,under
2001_07_OAK_PHI,2001,REG,7,2001-10-28,OAK,PHI,20.0,10.0,1.0,39.0,30.0,0,Tom White,HF,loss,-11.0,under
2001_07_SF_CHI,2001,REG,7,2001-10-28,SF,CHI,31.0,37.0,2.0,39.0,68.0,0,Dick Hantak,HF,win,4.0,over
2001_07_TEN_PIT,2001,REG,7,2001-10-29,TEN,PIT,7.0,34.0,3.0,36.0,41.0,1,Terry McAulay,HF,win,24.0,over
2001_08_BAL_PIT,2001,REG,8,2001-11-04,BAL,PIT,13.0,10.0,2.0,33.0,23.0,1,Bob McElwee,HF,loss,-5.0,under
2001_08_CAR_MIA,2001,REG,8,2001-11-04,CAR,MIA,6.0,23.0,10.0,34.5,29.0,0,Ron Blum,HF,win,7.0,under
2001_08_CLE_CHI,2001,REG,8,2001-11-04,CLE,CHI,21.0,27.0,4.5,34.0,48.0,0,Gerry Austin,HF,win,1.5,over
2001_08_DAL_NYG,2001,REG,8,2001-11-04,DAL,NYG,24.0,27.0,10.5,35.5,51.0,1,Bernie Kukar,HF,loss,-7.5,over
2001_08_DEN_OAK,2001,REG,8,2001-11-05,DEN,OAK,28.0,38.0,5.5,45.5,66.0,1,Tony Corrente,HF,win,4.5,over
2001_08_DET_SF,2001,REG,8,2001-11-04,DET,SF,13.0,21.0,8.5,47.0,34.0,0,Ed Hochuli,HF,loss,-0.5,under
2001_08_IND_BUF,2001,REG,8,2001-11-04,IND,BUF,30.0,14.0,-3.0,44.5,44.0,1,Walt Coleman,AF,win,13.0,under
2001_08_JAX_TEN,2001,REG,8,2001-11-04,JAX,TEN,24.0,28.0,3.0,37.5,52.0,1,Bill Carollo,HF,win,1.0,over
2001_08_KC_SD,2001,REG,8,2001-11-04,KC,SD,25.0,20.0,5.5,41.0,45.0,1,Ron Winter,HF,loss,-10.5,over
2001_08_NE_ATL,2001,REG,8,2001-11-04,NE,ATL,24.0,10.0,3.0,42.5,34.0,0,Dick Hantak,HF,loss,-17.0,under
2001_08_NYJ_NO,2001,REG,8,2001-11-04,NYJ,NO,16.0,9.0,6.5,42.5,25.0,0,Mike Carey,HF,loss,-13.5,under
2001_08_PHI_ARI,2001,REG,8,2001-11-04,PHI,ARI,21.0,7.0,-7.0,39.5,28.0,1,Bill Leavy,AF,win,7.0,under
2001_08_SEA_WAS,2001,REG,8,2001-11-04,SEA,WAS,14.0,27.0,-2.5,37.0,41.0,0,Tom White,AF,loss,-15.5,over
2001_08_TB_GB,2001,REG,8,2001-11-04,TB,GB,20.0,21.0,5.0,37.0,41.0,1,Johnny Grier,HF,loss,-4.0,over
2001_09_BAL_TEN,2001,REG,9,2001-11-12,BAL,TEN,16.0,10.0,-1.5,35.0,26.0,1,Bernie Kukar,AF,win,4.5,under
2001_09_BUF_NE,2001,REG,9,2001-11-11,BUF,NE,11.0,21.0,6.0,40.0,32.0,1,Jeff Triplette,HF,win,4.0,under
2001_09_CAR_STL,2001,REG,9,2001-11-11,CAR,STL,14.0,48.0,18.0,47.0,62.0,1,Johnny Grier,HF,win,16.0,over
2001_09_CIN_JAX,2001,REG,9,2001-11-11,CIN,JAX,13.0,30.0,4.0,39.5,43.0,1,Terry McAulay,HF,win,13.0,over
2001_09_DAL_ATL,2001,REG,9,2001-11-11,DAL,ATL,13.0,20.0,6.0,37.0,33.0,0,Judson Mitchell,HF,win,1.0,under
2001_09_GB_CHI,2001,REG,9,2001-11-11,GB,CHI,20.0,12.0,-2.5,37.5,32.0,1,Ed Hochuli,AF,win,5.5,under
2001_09_KC_NYJ,2001,REG,9,2001-11-11,KC,NYJ,7.0,27.0,4.5,40.5,34.0,0,Tom White,HF,win,15.5,under
2001_09_MIA_IND,2001,REG,9,2001-11-11,MIA,IND,27.0,24.0,3.0,44.0,51.0,1,Bill Leavy,HF,loss,-6.0,over
2001_09_MIN_PHI,2001,REG,9,2001-11-11,MIN,PHI,17.0,48.0,4.5,41.0,65.0,0,Ron Blum,HF,win,26.5,over
2001_09_NO_SF,2001,REG,9,2001-11-11,NO,SF,27.0,28.0,3.0,45.0,55.0,1,Larry Nemmers,HF,loss,-2.0,over
2001_09_NYG_ARI,2001,REG,9,2001-11-11,NYG,ARI,17.0,10.0,-5.5,37.5,27.0,1,Mike Carey,AF,win,1.5,under
2001_09_OAK_SEA,2001,REG,9,2001-11-11,OAK,SEA,27.0,34.0,-6.0,43.5,61.0,1,Walt Coleman,AF,loss,-13.0,over
2001_09_PIT_CLE,2001,REG,9,2001-11-11,PIT,CLE,15.0,12.0,-3.0,33.0,27.0,1,Dick Hantak,AF,push,0.0,under
2001_09_SD_DEN,2001,REG,9,2001-11-11,SD,DEN,16.0,26.0,5.5,45.0,42.0,1,Bill Carollo,HF,win,4.5,under
2001_09_TB_DET,2001,REG,9,2001-11-11,TB,DET,20.0,17.0,-5.0,40.0,37.0,1,Ron Winter,AF,loss,-2.0,under
2001_10_ATL_GB,2001,REG,10,2001-11-18,ATL,GB,23.0,20.0,10.0,39.5,43.0,0,Tom White,HF,loss,-13.0,over
2001_10_CHI_TB,2001,REG,10,2001-11-18,CHI,TB,27.0,24.0,5.0,35.0,51.0,1,Tony Corrente,HF,loss,-8.0,over
2001_10_CLE_BAL,2001,REG,10,2001-11-18,CLE,BAL,27.0,17.0,8.0,33.0,44.0,1,Johnny Grier,HF,loss,-18.0,over
2001_10_DET_ARI,2001,REG,10,2001-11-18,DET,ARI,38.0,45.0,2.0,39.5,83.0,0,Bill Carollo,HF,win,5.0,over
2001_10_IND_NO,2001,REG,10,2001-11-18,IND,NO,20.0,34.0,5.5,47.5,54.0,0,Jeff Triplette,HF,win,8.5,over
2001_10_JAX_PIT,2001,REG,10,2001-11-18,JAX,PIT,7.0,20.0,5.5,36.0,27.0,1,Ron Winter,HF,win,7.5,under
2001_10_NYG_MIN,2001,REG,10,2001-11-19,NYG,MIN,16.0,28.0,2.0,44.0,44.0,0,Bob McElwee,HF,win,10.0,push
2001_10_NYJ_MIA,2001,REG,10,2001-11-18,NYJ,MIA,24.0,0.0,5.5,37.5,24.0,1,Larry Nemmers,HF,loss,-29.5,under
2001_10_PHI_DAL,2001,REG,10,2001-11-18,PHI,DAL,36.0,3.0,-7.0,37.0,39.0,1,Terry McAulay,AF,win,26.0,over
2001_10_SD_OAK,2001,REG,10,2001-11-18,SD,OAK,24.0,34.0,9.0,45.0,58.0,1,Dick Hantak,HF,win,1.0,over
2001_10_SEA_BUF,2001,REG,10,2001-11-18,SEA,BUF,23.0,20.0,-3.5,39.0,43.0,0,Bernie Kukar,AF,loss,-0.5,over
2001_10_SF_CAR,2001,REG,10,2001-11-18,SF,CAR,25.0,22.0,-7.0,43.0,47.0,1,Gerry Austin,AF,loss,-4.0,over
2001_10_STL_NE,2001,REG,10,2001-11-18,STL,NE,24.0,17.0,-8.5,46.5,41.0,0,Bill Leavy,AF,loss,-1.5,under
2001_10_TEN_CIN,2001,REG,10,2001-11-18,TEN,CIN,20.0,7.0,1.5,39.5,27.0,1,Ed Hochuli,HF,loss,-14.5,under
2001_10_WAS_DEN,2001,REG,10,2001-11-18,WAS,DEN,17.0,10.0,8.5,43.0,27.0,0,Mike Carey,HF,loss,-15.5,under
2001_11_ARI_SD,2001,REG,11,2001-11-25,ARI,SD,20.0,17.0,7.0,44.0,37.0,0,Walt Coleman,HF,loss,-10.0,under
2001_11_ATL_CAR,2001,REG,11,2001-11-25,ATL,CAR,10.0,7.0,-3.0,40.0,17.0,1,Tony Corrente,AF,push,0.0,under
2001_11_BAL_JAX,2001,REG,11,2001-11-25,BAL,JAX,24.0,21.0,-3.0,34.0,45.0,1,Larry Nemmers,AF,push,0.0,over
2001_11_CHI_MIN,2001,REG,11,2001-11-25,CHI,MIN,13.0,6.0,3.0,45.0,19.0,1,Johnny Grier,HF,loss,-10.0,under
2001_11_CIN_CLE,2001,REG,11,2001-11-25,CIN,CLE,0.0,18.0,6.0,35.5,18.0,1,Ron Winter,HF,win,12.0,under
2001_11_DEN_DAL,2001,REG,11,2001-11-22,DEN,DAL,26.0,24.0,-7.0,40.5,50.0,0,Tom White,AF,loss,-5.0,over
2001_11_GB_DET,2001,REG,11,2001-11-22,GB,DET,29.0,27.0,-7.0,47.0,56.0,1,Jeff Triplette,AF,loss,-5.0,over
2001_11_MIA_BUF,2001,REG,11,2001-11-25,MIA,BUF,34.0,27.0,-5.0,36.0,61.0,1,Terry McAulay,AF,win,2.0,over
2001_11_OAK_NYG,2001,REG,11,2001-11-25,OAK,NYG,28.0,10.0,-2.5,39.0,38.0,0,Bill Carollo,AF,win,15.5,under
2001_11_PIT_TEN,2001,REG,11,2001-11-25,PIT,TEN,34.0,24.0,2.0,34.5,58.0,1,Bill Leavy,HF,loss,-12.0,over
2001_11_SEA_KC,2001,REG,11,2001-11-25,SEA,KC,7.0,19.0,1.5,41.0,26.0,1,Mike Carey,HF,win,10.5,under
2001_11_SF_IND,2001,REG,11,2001-11-25,SF,IND,40.0,21.0,2.5,52.5,61.0,0,Bernie Kukar,HF,loss,-21.5,over
2001_11_TB_STL,2001,REG,11,2001-11-26,TB,STL,24.0,17.0,9.5,46.0,41.0,0,Ron Blum,HF,loss,-16.5,under
2001_11_WAS_PHI,2001,REG,11,2001-11-25,WAS,PHI,13.0,3.0,8.0,37.5,16.0,1,Dick Hantak,HF,loss,-18.0,under
2001_12_ARI_OAK,2001,REG,12,2001-12-02,ARI,OAK,34.0,31.0,13.0,44.0,65.0,0,Jeff Triplette,HF,loss,-16.0,over
2001_12_BUF_SF,2001,REG,12,2001-12-02,BUF,SF,0.0,35.0,8.5,44.5,35.0,0,Ed Hochuli,HF,win,26.5,under
2001_12_CAR_NO,2001,REG,12,2001-12-02,CAR,NO,23.0,27.0,10.0,41.0,50.0,1,Bill Leavy,HF,loss,-6.0,over
2001_12_DAL_WAS,2001,REG,12,2001-12-02,DAL,WAS,20.0,14.0,8.5,35.5,34.0,1,Gerry Austin,HF,loss,-14.5,under
2001_12_DEN_MIA,2001,REG,12,2001-12-02,DEN,MIA,10.0,21.0,3.0,39.5,31.0,0,Johnny Grier,HF,win,8.0,under
2001_12_DET_CHI,2001,REG,12,2001-12-02,DET,CHI,10.0,13.0,7.0,38.0,23.0,1,Terry McAulay,HF,loss,-4.0,under
2001_12_GB_JAX,2001,REG,12,2001-12-03,GB,JAX,28.0,21.0,-3.0,43.0,49.0,0,Mike Carey,AF,win,4.0,over
2001_12_IND_BAL,2001,REG,12,2001-12-02,IND,BAL,27.0,39.0,7.0,43.0,66.0,0,Ron Winter,HF,win,5.0,over
2001_12_MIN_PIT,2001,REG,12,2001-12-02,MIN,PIT,16.0,21.0,7.0,41.0,37.0,0,Tony Corrente,HF,loss,-2.0,under
2001_12_NE_NYJ,2001,REG,12,2001-12-02,NE,NYJ,17.0,16.0,3.0,38.0,33.0,1,Bob McElwee,HF,loss,-4.0,under
2001_12_PHI_KC,2001,REG,12,2001-11-29,PHI,KC,23.0,10.0,-3.0,37.0,33.0,0,Bill Carollo,AF,win,10.0,under
2001_12_SD_SEA,2001,REG,12,2001-12-02,SD,SEA,10.0,13.0,3.0,43.0,23.0,1,Larry Nemmers,HF,push,0.0,under
2001_12_STL_ATL,2001,REG,12,2001-12-02,STL,ATL,35.0,6.0,-8.0,47.0,41.0,1,Walt Coleman,AF,win,21.0,under
2001_12_TB_CIN,2001,REG,12,2001-12-02,TB,CIN,16.0,13.0,-5.0,35.0,29.0,0,Tom White,AF,loss,-2.0,under
2001_12_TEN_CLE,2001,REG,12,2001-12-02,TEN,CLE,31.0,15.0,1.5,35.5,46.0,1,Ron Blum,HF,loss,-17.5,over
2001_13_CAR_BUF,2001,REG,13,2001-12-09,CAR,BUF,24.0,25.0,3.5,36.5,49.0,0,Bill Carollo,HF,loss,-2.5,over
2001_13_CHI_GB,2001,REG,13,2001-12-09,CHI,GB,7.0,17.0,5.5,37.5,24.0,1,Ron Winter,HF,win,4.5,under
2001_13_CLE_NE,2001,REG,13,2001-12-09,CLE,NE,16.0,27.0,5.0,36.5,43.0,0,Walt Coleman,HF,win,6.0,over
2001_13_DET_TB,2001,REG,13,2001-12-09,DET,TB,12.0,15.0,8.0,36.5,27.0,1,Gerry Austin,HF,loss,-5.0,under
2001_13_IND_MIA,2001,REG,13,2001-12-10,IND,MIA,6.0,41.0,5.0,45.0,47.0,1,Dick Hantak,HF,win,30.0,over
2001_13_JAX_CIN,2001,REG,13,2001-12-09,JAX,CIN,14.0,10.0,1.0,36.5,24.0,1,Tony Corrente,HF,loss,-5.0,under
2001_13_KC_OAK,2001,REG,13,2001-12-09,KC,OAK,26.0,28.0,9.0,44.5,54.0,1,Ron Blum,HF,loss,-7.0,over
2001_13_NO_ATL,2001,REG,13,2001-12-09,NO,ATL,28.0,10.0,-3.0,39.0,38.0,1,Johnny Grier,AF,win,15.0,under
2001_13_NYG_DAL,2001,REG,13,2001-12-09,NYG,DAL,13.0,20.0,-3.5,35.5,33.0,1,Ed Hochuli,AF,loss,-10.5,under
2001_13_NYJ_PIT,2001,REG,13,2001-12-09,NYJ,PIT,7.0,18.0,3.5,34.5,25.0,0,Terry McAulay,HF,win,7.5,under
2001_13_SD_PHI,2001,REG,13,2001-12-09,SD,PHI,14.0,24.0,7.0,37.5,38.0,0,Bernie Kukar,HF,win,3.0,over
2001_13_SEA_DEN,2001,REG,13,2001-12-09,SEA,DEN,7.0,20.0,6.0,41.0,27.0,1,Jeff Triplette,HF,win,7.0,under
2001_13_SF_STL,2001,REG,13,2001-12-09,SF,STL,14.0,27.0,7.0,55.0,41.0,1,Bob McElwee,HF,win,6.0,under
2001_13_TEN_MIN,2001,REG,13,2001-12-09,TEN,MIN,24.0,42.0,-2.5,42.5,66.0,0,Tom White,AF,loss,-20.5,over
2001_13_WAS_ARI,2001,REG,13,2001-12-09,WAS,ARI,20.0,10.0,2.0,38.5,30.0,1,Larry Nemmers,HF,loss,-12.0,under
2001_14_ARI_NYG,2001,REG,14,2001-12-15,ARI,NYG,13.0,17.0,5.0,37.5,30.0,1,Dick Hantak,HF,loss,-1.0,under
2001_14_ATL_IND,2001,REG,14,2001-12-16,ATL,IND,27.0,41.0,4.0,46.5,68.0,0,Ron Blum,HF,win,10.0,over
2001_14_CIN_NYJ,2001,REG,14,2001-12-16,CIN,NYJ,14.0,15.0,8.5,35.0,29.0,0,Gerry Austin,HF,loss,-7.5,under
2001_14_DAL_SEA,2001,REG,14,2001-12-16,DAL,SEA,3.0,29.0,5.5,36.5,32.0,0,Tony Corrente,HF,win,20.5,under
2001_14_DEN_KC,2001,REG,14,2001-12-16,DEN,KC,23.0,26.0,-2.5,37.5,49.0,1,Bernie Kukar,AF,loss,-5.5,over
2001_14_GB_TEN,2001,REG,14,2001-12-16,GB,TEN,20.0,26.0,-2.5,42.5,46.0,0,Walt Coleman,AF,loss,-8.5,over
2001_14_JAX_CLE,2001,REG,14,2001-12-16,JAX,CLE,15.0,10.0,2.0,36.5,25.0,1,Terry McAulay,HF,loss,-7.0,under
2001_14_MIA_SF,2001,REG,14,2001-12-16,MIA,SF,0.0,21.0,3.5,43.0,21.0,0,Ron Winter,HF,win,17.5,under
2001_14_MIN_DET,2001,REG,14,2001-12-16,MIN,DET,24.0,27.0,-3.0,46.5,51.0,1,Ed Hochuli,AF,loss,-6.0,over
2001_14_NE_BUF,2001,REG,14,2001-12-16,NE,BUF,12.0,9.0,-4.0,38.0,21.0,1,Mike Carey,AF,loss,-1.0,under
2001_14_OAK_SD,2001,REG,14,2001-12-15,OAK,SD,13.0,6.0,-4.0,46.5,19.0,1,Bill Leavy,AF,win,3.0,under
2001_14_PHI_WAS,2001,REG,14,2001-12-16,PHI,WAS,20.0,6.0,-2.5,34.5,26.0,1,Jeff Triplette,AF,win,11.5,under
2001_14_PIT_BAL,2001,REG,14,2001-12-16,PIT,BAL,26.0,21.0,3.0,33.5,47.0,1,Tom White,HF,loss,-8.0,over
2001_14_STL_NO,2001,REG,14,2001-12-17,STL,NO,34.0,21.0,-6.0,51.0,55.0,1,Larry Nemmers,AF,win,7.0,over
2001_14_TB_CHI,2001,REG,14,2001-12-16,TB,CHI,3.0,27.0,2.5,33.0,30.0,1,Bob McElwee,HF,win,21.5,under
2001_15_BUF_ATL,2001,REG,15,2001-12-23,BUF,ATL,30.0,33.0,4.0,41.0,63.0,0,Larry Nemmers,HF,loss,-1.0,over
2001_15_CHI_WAS,2001,REG,15,2001-12-23,CHI,WAS,20.0,15.0,1.0,33.0,35.0,0,Ed Hochuli,HF,loss,-6.0,over
2001_15_CIN_BAL,2001,REG,15,2001-12-23,CIN,BAL,0.0,16.0,10.5,33.5,16.0,1,Walt Coleman,HF,win,5.5,under
2001_15_CLE_GB,2001,REG,15,2001-12-23,CLE,GB,7.0,30.0,7.5,37.0,37.0,0,Dick Hantak,HF,win,15.5,push
2001_15_DAL_ARI,2001,REG,15,2001-12-23,DAL,ARI,10.0,17.0,3.5,37.0,27.0,1,Bill Leavy,HF,win,3.5,under
2001_15_DET_PIT,2001,REG,15,2001-12-23,DET,PIT,14.0,47.0,10.0,36.0,61.0,0,Johnny Grier,HF,win,23.0,over
2001_15_JAX_MIN,2001,REG,15,2001-12-23,JAX,MIN,33.0,3.0,2.5,45.5,36.0,0,Ron Blum,HF,loss,-32.5,under
2001_15_MIA_NE,2001,REG,15,2001-12-22,MIA,NE,13.0,20.0,3.0,37.0,33.0,1,Jeff Triplette,HF,win,4.0,under
2001_15_NO_TB,2001,REG,15,2001-12-23,NO,TB,21.0,48.0,2.5,38.0,69.0,0,Bernie Kukar,HF,win,24.5,over
2001_15_NYJ_IND,2001,REG,15,2001-12-23,NYJ,IND,29.0,28.0,1.0,47.0,57.0,1,Bill Carollo,HF,loss,-2.0,over
2001_15_PHI_SF,2001,REG,15,2001-12-22,PHI,SF,3.0,13.0,3.0,40.0,16.0,0,Tony Corrente,HF,win,7.0,under
2001_15_SD_KC,2001,REG,15,2001-12-23,SD,KC,17.0,20.0,3.5,40.0,37.0,1,Bob McElwee,HF,loss,-0.5,under
2001_15_SEA_NYG,2001,REG,15,2001-12-23,SEA,NYG,24.0,27.0,3.0,34.0,51.0,0,Ron Winter,HF,push,0.0,over
2001_15_STL_CAR,2001,REG,15,2001-12-23,STL,CAR,38.0,32.0,-12.5,46.5,70.0,1,Gerry Austin,AF,loss,-6.5,over
2001_15_TEN_OAK,2001,REG,15,2001-12-22,TEN,OAK,13.0,10.0,6.0,45.5,23.0,0,Mike Carey,HF,loss,-9.0,under
2001_16_ARI_CAR,2001,REG,16,2001-12-30,ARI,CAR,30.0,7.0,1.0,39.5,37.0,0,Mike Carey,HF,loss,-24.0,under
2001_16_ATL_MIA,2001,REG,16,2001-12-30,ATL,MIA,14.0,21.0,7.0,38.5,35.0,0,Bernie Kukar,HF,push,0.0,under
2001_16_BAL_TB,2001,REG,16,2001-12-29,BAL,TB,10.0,22.0,1.5,34.0,32.0,0,Dick Hantak,HF,win,10.5,under
2001_16_BUF_NYJ,2001,REG,16,2001-12-30,BUF,NYJ,14.0,9.0,7.0,37.0,23.0,1,Ed Hochuli,HF,loss,-12.0,under
2001_16_CHI_DET,2001,REG,16,2001-12-30,CHI,DET,24.0,0.0,-5.5,38.5,24.0,1,Tony Corrente,AF,win,18.5,under
2001_16_CLE_TEN,2001,REG,16,2001-12-30,CLE,TEN,41.0,38.0,5.0,37.5,79.0,1,Bill Carollo,HF,loss,-8.0,over
2001_16_IND_STL,2001,REG,16,2001-12-30,IND,STL,17.0,42.0,13.0,58.5,59.0,0,Terry McAulay,HF,win,12.0,over
2001_16_KC_JAX,2001,REG,16,2001-12-30,KC,JAX,30.0,26.0,4.5,40.0,56.0,0,Bill Leavy,HF,loss,-8.5,over
2001_16_MIN_GB,2001,REG,16,2001-12-30,MIN,GB,13.0,24.0,12.0,40.0,37.0,1,Larry Nemmers,HF,loss,-1.0,under
2001_16_NYG_PHI,2001,REG,16,2001-12-30,NYG,PHI,21.0,24.0,5.0,34.5,45.0,1,Gerry Austin,HF,loss,-2.0,over
2001_16_OAK_DEN,2001,REG,16,2001-12-30,OAK,DEN,17.0,23.0,1.0,41.0,40.0,1,Johnny Grier,HF,win,5.0,under
2001_16_PIT_CIN,2001,REG,16,2001-12-30,PIT,CIN,23.0,26.0,-8.0,33.5,49.0,1,Jeff Triplette,AF,loss,-11.0,over
2001_16_SEA_SD,2001,REG,16,2001-12-30,SEA,SD,25.0,22.0,1.5,39.0,47.0,1,Tom White,HF,loss,-4.5,over
2001_16_SF_DAL,2001,REG,16,2001-12-30,SF,DAL,21.0,27.0,-6.5,39.5,48.0,0,Ron Blum,AF,loss,-12.5,over
2001_16_WAS_NO,2001,REG,16,2001-12-30,WAS,NO,40.0,10.0,5.0,39.5,50.0,0,Ron Winter,HF,loss,-35.0,over
2001_17_ARI_WAS,2001,REG,17,2002-01-06,ARI,WAS,17.0,20.0,3.5,36.5,37.0,1,Bob McElwee,HF,loss,-0.5,over
2001_17_ATL_STL,2001,REG,17,2002-01-06,ATL,STL,13.0,31.0,14.5,48.0,44.0,1,Mike Carey,HF,win,3.5,under
2001_17_BUF_MIA,2001,REG,17,2002-01-06,BUF,MIA,7.0,34.0,6.5,36.5,41.0,1,Tony Corrente,HF,win,20.5,over
2001_17_CIN_TEN,2001,REG,17,2002-01-06,CIN,TEN,23.0,21.0,5.5,37.5,44.0,1,Terry McAulay,HF,loss,-7.5,over
2001_17_CLE_PIT,2001,REG,17,2002-01-06,CLE,PIT,7.0,28.0,7.0,34.5,35.0,1,Bernie Kukar,HF,win,14.0,over
2001_17_DAL_DET,2001,REG,17,2002-01-06,DAL,DET,10.0,15.0,-3.0,36.0,25.0,0,Larry Nemmers,AF,loss,-8.0,under
2001_17_DEN_IND,2001,REG,17,2002-01-06,DEN,IND,10.0,29.0,2.0,51.0,39.0,0,Ron Winter,HF,win,17.0,under
2001_17_GB_NYG,2001,REG,17,2002-01-06,GB,NYG,34.0,25.0,-3.0,36.5,59.0,0,Johnny Grier,AF,win,6.0,over
2001_17_JAX_CHI,2001,REG,17,2002-01-06,JAX,CHI,13.0,33.0,6.0,33.5,46.0,0,Dick Hantak,HF,win,14.0,over
2001_17_KC_SEA,2001,REG,17,2002-01-06,KC,SEA,18.0,21.0,3.5,40.0,39.0,1,Ed Hochuli,HF,loss,-0.5,under
2001_17_MIN_BAL,2001,REG,17,2002-01-07,MIN,BAL,3.0,19.0,10.0,37.5,22.0,0,Gerry Austin,HF,win,6.0,under
2001_17_NE_CAR,2001,REG,17,2002-01-06,NE,CAR,38.0,6.0,-6.5,36.0,44.0,0,Tom White,AF,win,25.5,over
2001_17_NYJ_OAK,2001,REG,17,2002-01-06,NYJ,OAK,24.0,22.0,4.5,41.5,46.0,0,Bill Leavy,HF,loss,-6.5,over
2001_17_PHI_TB,2001,REG,17,2002-01-06,PHI,TB,17.0,13.0,3.0,33.0,30.0,0,Walt Coleman,HF,loss,-7.0,under
2001_17_SF_NO,2001,REG,17,2002-01-06,SF,NO,38.0,0.0,-2.5,46.5,38.0,1,Jeff Triplette,AF,win,35.5,under
2001_18_BAL_MIA,2001,WC,18,2002-01-13,BAL,MIA,20.0,3.0,2.5,33.0,23.0,0,Mike Carey,HF,loss,-19.5,under
2001_18_NYJ_OAK,2001,WC,18,2002-01-12,NYJ,OAK,24.0,38.0,4.5,42.0,62.0,0,Dick Hantak,HF,win,9.5,over
2001_18_SF_GB,2001,WC,18,2002-01-13,SF,GB,15.0,25.0,3.5,39.0,40.0,0,Bernie Kukar,HF,win,6.5,over
2001_18_TB_PHI,2001,WC,18,2002-01-12,TB,PHI,9.0,31.0,3.5,33.0,40.0,0,Larry Nemmers,HF,win,18.5,over
2001_19_BAL_PIT,2001,DIV,19,2002-01-20,BAL,PIT,10.0,27.0,5.5,32.0,37.0,1,Tony Corrente,HF,win,11.5,over
2001_19_GB_STL,2001,DIV,19,2002-01-20,GB,STL,17.0,45.0,11.0,54.5,62.0,0,Jeff Triplette,HF,win,17.0,over
2001_19_OAK_NE,2001,DIV,19,2002-01-19,OAK,NE,13.0,16.0,3.0,41.5,29.0,0,Walt Coleman,HF,push,0.0,under
2001_19_PHI_CHI,2001,DIV,19,2002-01-19,PHI,CHI,33.0,19.0,3.0,32.5,52.0,0,Bill Carollo,HF,loss,-17.0,over
2001_20_NE_PIT,2001,CON,20,2002-01-27,NE,PIT,24.0,17.0,10.0,35.5,41.0,0,Ed Hochuli,HF,loss,-17.0,over
2001_20_PHI_STL,2001,CON,20,2002-01-27,PHI,STL,24.0,29.0,11.0,51.0,53.0,0,Gerry Austin,HF,loss,-6.0,over
2001_21_STL_NE,2001,SB,21,2002-02-03,STL,NE,17.0,20.0,-14.0,52.5,37.0,0,Bernie Kukar,AF,loss,-17.0,under
2002_01_ARI_WAS,2002,REG,1,2002-09-08,ARI,WAS,23.0,31.0,6.0,44.5,54.0,0,Tom White,HF,win,2.0,over
2002_01_ATL_GB,2002,REG,1,2002-09-08,ATL,GB,34.0,37.0,7.0,42.5,71.0,0,Ron Winter,HF,loss,-4.0,over
2002_01_DAL_HOU,2002,REG,1,2002-09-08,DAL,HOU,10.0,19.0,-8.5,33.5,29.0,0,Bill Carollo,AF,loss,-17.5,under
2002_01_DET_MIA,2002,REG,1,2002-09-08,DET,MIA,21.0,49.0,9.5,35.5,70.0,0,Jeff Triplette,HF,win,18.5,over
2002_01_IND_JAX,2002,REG,1,2002-09-08,IND,JAX,28.0,25.0,-3.5,44.0,53.0,1,Bernie Kukar,AF,loss,-0.5,over
2002_01_KC_CLE,2002,REG,1,2002-09-08,KC,CLE,40.0,39.0,2.0,36.0,79.0,0,Ron Blum,HF,loss,-3.0,over
2002_01_MIN_CHI,2002,REG,1,2002-09-08,MIN,CHI,23.0,27.0,4.5,41.0,50.0,1,Mike Carey,HF,loss,-0.5,over
2002_01_NO_TB,2002,REG,1,2002-09-08,NO,TB,26.0,20.0,6.0,37.5,46.0,1,Dick Hantak,HF,loss,-12.0,over
2002_01_NYJ_BUF,2002,REG,1,2002-09-08,NYJ,BUF,37.0,31.0,-3.0,43.0,68.0,1,Bob McElwee,AF,win,3.0,over
2002_01_PHI_TEN,2002,REG,1,2002-09-08,PHI,TEN,24.0,27.0,2.0,37.0,51.0,0,Terry McAulay,HF,win,1.0,over
2002_01_PIT_NE,2002,REG,1,2002-09-09,PIT,NE,14.0,30.0,-2.5,37.5,44.0,0,Tony Corrente,AF,loss,-18.5,over
2002_01_SD_CIN,2002,REG,1,2002-09-08,SD,CIN,34.0,6.0,3.0,37.0,40.0,0,Johnny Grier,HF,loss,-31.0,over
2002_01_SEA_OAK,2002,REG,1,2002-09-08,SEA,OAK,17.0,31.0,7.5,40.0,48.0,0,Larry Nemmers,HF,win,6.5,over
2002_01_SF_NYG,2002,REG,1,2002-09-05,SF,NYG,16.0,13.0,-4.0,39.0,29.0,0,Gerry Austin,AF,loss,-1.0,under
2002_01_STL_DEN,2002,REG,1,2002-09-08,STL,DEN,16.0,23.0,-3.0,51.0,39.0,0,Bill Leavy,AF,loss,-10.0,under
2002_02_ARI_SEA,2002,REG,2,2002-09-15,ARI,SEA,24.0,13.0,4.0,40.5,37.0,1,Tony Corrente,HF,loss,-15.0,under
2002_02_BUF_MIN,2002,REG,2,2002-09-15,BUF,MIN,45.0,39.0,3.5,49.0,84.0,0,Ron Winter,HF,loss,-9.5,over
2002_02_CHI_ATL,2002,REG,2,2002-09-15,CHI,ATL,14.0,13.0,2.5,45.0,27.0,0,Jeff Triplette,HF,loss,-3.5,under
2002_02_CIN_CLE,2002,REG,2,2002-09-15,CIN,CLE,7.0,20.0,3.5,39.0,27.0,1,Bill Carollo,HF,win,9.5,under
2002_02_DEN_SF,2002,REG,2,2002-09-15,DEN,SF,24.0,14.0,3.5,44.0,38.0,0,Ron Blum,HF,loss,-13.5,under
2002_02_DET_CAR,2002,REG,2,2002-09-15,DET,CAR,7.0,31.0,3.0,35.5,38.0,0,Gerald Austin,HF,win,21.0,over
2002_02_GB_NO,2002,REG,2,2002-09-15,GB,NO,20.0,35.0,-2.5,45.5,55.0,0,Johnny Grier,AF,loss,-17.5,over
2002_02_HOU_SD,2002,REG,2,2002-09-15,HOU,SD,3.0,24.0,13.5,34.0,27.0,0,Mike Carey,HF,win,7.5,under
2002_02_JAX_KC,2002,REG,2,2002-09-15,JAX,KC,23.0,16.0,3.5,46.0,39.0,0,Tom White,HF,loss,-10.5,under
2002_02_NE_NYJ,2002,REG,2,2002-09-15,NE,NYJ,44.0,7.0,1.0,41.0,51.0,1,Larry Nemmers,HF,loss,-38.0,over
2002_02_NYG_STL,2002,REG,2,2002-09-15,NYG,STL,26.0,21.0,12.0,46.0,47.0,0,Dick Hantak,HF,loss,-17.0,over
2002_02_OAK_PIT,2002,REG,2,2002-09-15,OAK,PIT,30.0,17.0,4.0,39.5,47.0,0,Bill Leavy,HF,loss,-17.0,over
2002_02_PHI_WAS,2002,REG,2,2002-09-16,PHI,WAS,37.0,7.0,-3.0,44.0,44.0,1,Bob McElwee,AF,win,27.0,push
2002_02_TB_BAL,2002,REG,2,2002-09-15,TB,BAL,25.0,0.0,-4.5,32.0,25.0,0,Terry McAulay,AF,win,20.5,under
2002_02_TEN_DAL,2002,REG,2,2002-09-15,TEN,DAL,13.0,21.0,-3.5,37.5,34.0,0,Ed Hochuli,AF,loss,-11.5,under
2002_03_BUF_DEN,2002,REG,3,2002-09-22,BUF,DEN,23.0,28.0,7.5,47.0,51.0,0,Walt Coleman,HF,loss,-2.5,over
2002_03_CAR_MIN,2002,REG,3,2002-09-22,CAR,MIN,21.0,14.0,6.5,44.5,35.0,0,Bernie Kukar,HF,loss,-13.5,under
2002_03_CIN_ATL,2002,REG,3,2002-09-22,CIN,ATL,3.0,30.0,7.0,42.5,33.0,0,Terry McAulay,HF,win,20.0,under
2002_03_CLE_TEN,2002,REG,3,2002-09-22,CLE,TEN,31.0,28.0,4.5,40.5,59.0,0,Larry Nemmers,HF,loss,-7.5,over
2002_03_DAL_PHI,2002,REG,3,2002-09-22,DAL,PHI,13.0,44.0,10.0,36.5,57.0,1,Tom White,HF,win,21.0,over
2002_03_GB_DET,2002,REG,3,2002-09-22,GB,DET,37.0,31.0,-7.5,44.0,68.0,1,Bill Leavy,AF,loss,-1.5,over
2002_03_IND_HOU,2002,REG,3,2002-09-22,IND,HOU,23.0,3.0,-10.5,38.0,26.0,1,Tony Corrente,AF,win,9.5,under
2002_03_KC_NE,2002,REG,3,2002-09-22,KC,NE,38.0,41.0,8.5,43.5,79.0,0,Bill Carollo,HF,loss,-5.5,over
2002_03_NO_CHI,2002,REG,3,2002-09-22,NO,CHI,29.0,23.0,-2.0,40.5,52.0,0,Ron Blum,AF,win,4.0,over
2002_03_NYJ_MIA,2002,REG,3,2002-09-22,NYJ,MIA,3.0,30.0,6.0,40.5,33.0,1,Gerry Austin,HF,win,21.0,under
2002_03_SD_ARI,2002,REG,3,2002-09-22,SD,ARI,23.0,15.0,-2.5,39.0,38.0,0,Ed Hochuli,AF,win,5.5,under
2002_03_SEA_NYG,2002,REG,3,2002-09-22,SEA,NYG,6.0,9.0,5.5,39.0,15.0,0,Jeff Triplette,HF,loss,-2.5,under
2002_03_STL_TB,2002,REG,3,2002-09-23,STL,TB,14.0,26.0,-1.5,44.0,40.0,0,Johnny Grier,AF,loss,-13.5,under
2002_03_WAS_SF,2002,REG,3,2002-09-22,WAS,SF,10.0,20.0,10.0,44.0,30.0,0,Mike Carey,HF,push,0.0,under
2002_04_CAR_GB,2002,REG,4,2002-09-29,CAR,GB,14.0,17.0,6.5,41.5,31.0,0,Bill Carollo,HF,loss,-3.5,under
2002_04_CHI_BUF,2002,REG,4,2002-09-29,CHI,BUF,27.0,33.0,3.0,46.5,60.0,0,Tom White,HF,win,3.0,over
2002_04_CLE_PIT,2002,REG,4,2002-09-29,CLE,PIT,13.0,16.0,6.0,44.0,29.0,1,Bernie Kukar,HF,loss,-3.0,under
2002_04_DAL_STL,2002,REG,4,2002-09-29,DAL,STL,13.0,10.0,12.0,44.0,23.0,0,Larry Nemmers,HF,loss,-15.0,under
2002_04_DEN_BAL,2002,REG,4,2002-09-30,DEN,BAL,23.0,34.0,-9.0,35.0,57.0,0,Jeff Triplette,AF,loss,-20.0,over
2002_04_HOU_PHI,2002,REG,4,2002-09-29,HOU,PHI,17.0,35.0,19.0,36.0,52.0,0,Johnny Grier,HF,loss,-1.0,over
2002_04_MIA_KC,2002,REG,4,2002-09-29,MIA,KC,30.0,48.0,-3.0,44.5,78.0,0,Ed Hochuli,AF,loss,-21.0,over
2002_04_MIN_SEA,2002,REG,4,2002-09-29,MIN,SEA,23.0,48.0,3.0,44.0,71.0,0,Dick Hantak,HF,win,22.0,over
2002_04_NE_SD,2002,REG,4,2002-09-29,NE,SD,14.0,21.0,-3.0,40.5,35.0,0,Ron Blum,AF,loss,-10.0,under
2002_04_NO_DET,2002,REG,4,2002-09-29,NO,DET,21.0,26.0,-9.0,45.0,47.0,0,Ron Winter,AF,loss,-14.0,over
2002_04_NYG_ARI,2002,REG,4,2002-09-29,NYG,ARI,7.0,21.0,-3.0,38.5,28.0,0,Mike Carey,AF,loss,-17.0,under
2002_04_NYJ_JAX,2002,REG,4,2002-09-29,NYJ,JAX,3.0,28.0,3.5,41.5,31.0,0,Walt Coleman,HF,win,21.5,under
2002_04_TB_CIN,2002,REG,4,2002-09-29,TB,CIN,35.0,7.0,-6.5,33.5,42.0,0,Gerry Austin,AF,win,21.5,over
2002_04_TEN_OAK,2002,REG,4,2002-09-29,TEN,OAK,25.0,52.0,6.5,45.0,77.0,0,Bob McElwee,HF,win,20.5,over
2002_05_ARI_CAR,2002,REG,5,2002-10-06,ARI,CAR,16.0,13.0,5.0,35.0,29.0,0,Bob McElwee,HF,loss,-8.0,under
2002_05_BAL_CLE,2002,REG,5,2002-10-06,BAL,CLE,26.0,21.0,6.0,36.5,47.0,1,Ron Winter,HF,loss,-11.0,over
2002_05_CIN_IND,2002,REG,5,2002-10-06,CIN,IND,21.0,28.0,13.5,43.0,49.0,0,Mike Carey,HF,loss,-6.5,over
2002_05_GB_CHI,2002,REG,5,2002-10-07,GB,CHI,34.0,21.0,1.0,44.0,55.0,1,Ed Hochuli,HF,loss,-14.0,over
2002_05_KC_NYJ,2002,REG,5,2002-10-06,KC,NYJ,29.0,25.0,-3.0,46.5,54.0,0,Johnny Grier,AF,win,1.0,over
2002_05_NE_MIA,2002,REG,5,2002-10-06,NE,MIA,13.0,26.0,3.0,43.5,39.0,1,Terry McAulay,HF,win,10.0,under
2002_05_NYG_DAL,2002,REG,5,2002-10-06,NYG,DAL,21.0,17.0,-1.5,34.5,38.0,1,Bill Leavy,AF,win,2.5,over
2002_05_OAK_BUF,2002,REG,5,2002-10-06,OAK,BUF,49.0,31.0,-3.0,53.5,80.0,0,Bernie Kukar,AF,win,15.0,over
2002_05_PHI_JAX,2002,REG,5,2002-10-06,PHI,JAX,25.0,28.0,-3.0,42.5,53.0,0,Gerry Austin,AF,loss,-6.0,over
2002_05_PIT_NO,2002,REG,5,2002-10-06,PIT,NO,29.0,32.0,3.0,43.5,61.0,0,Larry Nemmers,HF,push,0.0,over
2002_05_SD_DEN,2002,REG,5,2002-10-06,SD,DEN,9.0,26.0,6.5,39.5,35.0,1,Dick Hantak,HF,win,10.5,under
2002_05_STL_SF,2002,REG,5,2002-10-06,STL,SF,13.0,37.0,6.0,41.5,50.0,1,Tony Corrente,HF,win,18.0,over
2002_05_TB_ATL,2002,REG,5,2002-10-06,TB,ATL,20.0,6.0,2.5,38.5,26.0,1,Bill Carollo,HF,loss,-16.5,under
2002_05_WAS_TEN,2002,REG,5,2002-10-06,WAS,TEN,31.0,14.0,3.5,43.5,45.0,0,Ron Blum,HF,loss,-20.5,over
2002_06_ATL_NYG,2002,REG,6,2002-10-13,ATL,NYG,17.0,10.0,6.0,35.5,27.0,0,Bob McElwee,HF,loss,-13.0,under
2002_06_BAL_IND,2002,REG,6,2002-10-13,BAL,IND,20.0,22.0,6.5,42.0,42.0,0,Dick Hantak,HF,loss,-4.5,push
2002_06_BUF_HOU,2002,REG,6,2002-10-13,BUF,HOU,31.0,24.0,-7.0,44.0,55.0,0,Ed Hochuli,AF,push,0.0,over
2002_06_CAR_DAL,2002,REG,6,2002-10-13,CAR,DAL,13.0,14.0,2.0,35.0,27.0,0,Ron Blum,HF,loss,-1.0,under
2002_06_CLE_TB,2002,REG,6,2002-10-13,CLE,TB,3.0,17.0,7.5,36.5,20.0,0,Tom White,HF,win,6.5,under
2002_06_DET_MIN,2002,REG,6,2002-10-13,DET,MIN,24.0,31.0,4.5,49.0,55.0,1,Larry Nemmers,HF,win,2.5,over
2002_06_GB_NE,2002,REG,6,2002-10-13,GB,NE,28.0,10.0,4.5,47.0,38.0,0,Bernie Kukar,HF,loss,-22.5,under
2002_06_JAX_TEN,2002,REG,6,2002-10-13,JAX,TEN,14.0,23.0,-1.5,44.0,37.0,1,Jeff Triplette,AF,loss,-10.5,under
2002_06_KC_SD,2002,REG,6,2002-10-13,KC,SD,34.0,35.0,3.0,46.5,69.0,1,Walt Coleman,HF,loss,-2.0,over
2002_06_MIA_DEN,2002,REG,6,2002-10-13,MIA,DEN,24.0,22.0,3.5,41.0,46.0,0,Tony Corrente,HF,loss,-5.5,over
2002_06_NO_WAS,2002,REG,6,2002-10-13,NO,WAS,43.0,27.0,-1.5,45.5,70.0,0,Terry McAulay,AF,win,14.5,over
2002_06_OAK_STL,2002,REG,6,2002-10-13,OAK,STL,13.0,28.0,-7.0,49.0,41.0,0,Bill Carollo,AF,loss,-22.0,under
2002_06_PIT_CIN,2002,REG,6,2002-10-13,PIT,CIN,34.0,7.0,-6.5,40.5,41.0,1,Ron Winter,AF,win,20.5,over
2002_06_SF_SEA,2002,REG,6,2002-10-14,SF,SEA,28.0,21.0,-3.0,43.5,49.0,1,Bill Leavy,AF,win,4.0,over
2002_07_BUF_MIA,2002,REG,7,2002-10-20,BUF,MIA,23.0,10.0,6.0,45.5,33.0,1,Johnny Grier,HF,loss,-19.0,under
2002_07_CAR_ATL,2002,REG,7,2002-10-20,CAR,ATL,0.0,30.0,4.0,35.5,30.0,1,Tom White,HF,win,26.0,under
2002_07_CHI_DET,2002,REG,7,2002-10-20,CHI,DET,20.0,23.0,-3.0,44.5,43.0,1,Bernie Kukar,AF,loss,-6.0,under
2002_07_DAL_ARI,2002,REG,7,2002-10-20,DAL,ARI,6.0,9.0,3.5,36.5,15.0,0,Dick Hantak,HF,loss,-0.5,under
2002_07_DEN_KC,2002,REG,7,2002-10-20,DEN,KC,37.0,34.0,-3.0,50.5,71.0,1,Bill Leavy,AF,push,0.0,over
2002_07_HOU_CLE,2002,REG,7,2002-10-20,HOU,CLE,17.0,34.0,8.5,36.5,51.0,0,Gerry Austin,HF,win,8.5,over
2002_07_IND_PIT,2002,REG,7,2002-10-21,IND,PIT,10.0,28.0,4.5,46.0,38.0,0,Walt Coleman,HF,win,13.5,under
2002_07_JAX_BAL,2002,REG,7,2002-10-20,JAX,BAL,10.0,17.0,-1.5,38.0,27.0,0,Bob McElwee,AF,loss,-8.5,under
2002_07_MIN_NYJ,2002,REG,7,2002-10-20,MIN,NYJ,7.0,20.0,3.0,49.0,27.0,0,Mike Carey,HF,win,10.0,under
2002_07_SD_OAK,2002,REG,7,2002-10-20,SD,OAK,27.0,21.0,7.0,47.0,48.0,1,Tony Corrente,HF,loss,-13.0,over
2002_07_SEA_STL,2002,REG,7,2002-10-20,SEA,STL,20.0,37.0,6.5,44.5,57.0,1,Terry McAulay,HF,win,10.5,over
2002_07_SF_NO,2002,REG,7,2002-10-20,SF,NO,27.0,35.0,1.5,48.5,62.0,0,Ed Hochuli,HF,win,6.5,over
2002_07_TB_PHI,2002,REG,7,2002-10-20,TB,PHI,10.0,20.0,3.0,37.0,30.0,0,Ron Winter,HF,win,7.0,under
2002_07_WAS_GB,2002,REG,7,2002-10-20,WAS,GB,9.0,30.0,7.0,48.0,39.0,0,Jeff Triplette,HF,win,14.0,under
2002_08_ARI_SF,2002,REG,8,2002-10-27,ARI,SF,28.0,38.0,8.5,40.5,66.0,1,Larry Nemmers,HF,win,1.5,over
2002_08_ATL_NO,2002,REG,8,2002-10-27,ATL,NO,37.0,35.0,3.5,47.0,72.0,1,Tony Corrente,HF,loss,-5.5,over
2002_08_CHI_MIN,2002,REG,8,2002-10-27,CHI,MIN,7.0,25.0,2.0,46.0,32.0,1,Bill Leavy,HF,win,16.0,under
2002_08_CLE_NYJ,2002,REG,8,2002-10-27,CLE,NYJ,24.0,21.0,3.0,44.0,45.0,0,Bob McElwee,HF,loss,-6.0,over
2002_08_DEN_NE,2002,REG,8,2002-10-27,DEN,NE,24.0,16.0,3.0,46.0,40.0,0,Tom White,HF,loss,-11.0,under
2002_08_DET_BUF,2002,REG,8,2002-10-27,DET,BUF,17.0,24.0,7.5,50.0,41.0,0,Jeff Triplette,HF,loss,-0.5,under
2002_08_HOU_JAX,2002,REG,8,2002-10-27,HOU,JAX,21.0,19.0,11.0,38.0,40.0,1,Ron Blum,HF,loss,-13.0,over
2002_08_IND_WAS,2002,REG,8,2002-10-27,IND,WAS,21.0,26.0,1.0,46.0,47.0,0,Gerry Austin,HF,win,4.0,over
2002_08_NYG_PHI,2002,REG,8,2002-10-28,NYG,PHI,3.0,17.0,7.0,38.5,20.0,1,Bill Carollo,HF,win,7.0,under
2002_08_OAK_KC,2002,REG,8,2002-10-27,OAK,KC,10.0,20.0,-2.5,55.5,30.0,1,Ron Winter,AF,loss,-12.5,under
2002_08_PIT_BAL,2002,REG,8,2002-10-27,PIT,BAL,31.0,18.0,-3.0,37.5,49.0,1,Johnny Grier,AF,win,10.0,over
2002_08_SEA_DAL,2002,REG,8,2002-10-27,SEA,DAL,17.0,14.0,2.0,37.0,31.0,0,Mike Carey,HF,loss,-5.0,under
2002_08_TB_CAR,2002,REG,8,2002-10-27,TB,CAR,12.0,9.0,-8.0,31.5,21.0,1,Dick Hantak,AF,loss,-5.0,under
2002_08_TEN_CIN,2002,REG,8,2002-10-27,TEN,CIN,30.0,24.0,-4.5,42.0,54.0,0,Walt Coleman,AF,win,1.5,over
2002_09_BAL_ATL,2002,REG,9,2002-11-03,BAL,ATL,17.0,20.0,7.0,40.5,37.0,0,Bernie Kukar,HF,loss,-4.0,under
2002_09_CIN_HOU,2002,REG,9,2002-11-03,CIN,HOU,38.0,3.0,2.5,36.5,41.0,0,Larry Nemmers,HF,loss,-37.5,over
2002_09_DAL_DET,2002,REG,9,2002-11-03,DAL,DET,7.0,9.0,3.0,37.0,16.0,0,Walt Coleman,HF,loss,-1.0,under
2002_09_JAX_NYG,2002,REG,9,2002-11-03,JAX,NYG,17.0,24.0,3.0,35.5,41.0,0,Johnny Grier,HF,win,4.0,over
2002_09_MIA_GB,2002,REG,9,2002-11-04,MIA,GB,10.0,24.0,4.5,41.5,34.0,0,Tom White,HF,win,9.5,under
2002_09_MIN_TB,2002,REG,9,2002-11-03,MIN,TB,24.0,38.0,7.5,37.0,62.0,0,Jeff Triplette,HF,win,6.5,over
2002_09_NE_BUF,2002,REG,9,2002-11-03,NE,BUF,38.0,7.0,3.0,47.5,45.0,1,Dick Hantak,HF,loss,-34.0,under
2002_09_NYJ_SD,2002,REG,9,2002-11-03,NYJ,SD,44.0,13.0,8.5,41.0,57.0,0,Bill Leavy,HF,loss,-39.5,over
2002_09_PHI_CHI,2002,REG,9,2002-11-03,PHI,CHI,19.0,13.0,-7.0,37.5,32.0,0,Terry McAulay,AF,loss,-1.0,under
2002_09_PIT_CLE,2002,REG,9,2002-11-03,PIT,CLE,23.0,20.0,-3.5,44.0,43.0,1,Mike Carey,AF,loss,-0.5,under
2002_09_SF_OAK,2002,REG,9,2002-11-03,SF,OAK,23.0,20.0,3.0,49.5,43.0,0,Gerald Austin,HF,loss,-6.0,under
2002_09_STL_ARI,2002,REG,9,2002-11-03,STL,ARI,27.0,14.0,-5.0,43.5,41.0,1,Ron Blum,AF,win,8.0,under
2002_09_TEN_IND,2002,REG,9,2002-11-03,TEN,IND,23.0,15.0,3.0,47.0,38.0,1,Bill Carollo,HF,loss,-11.0,under
2002_09_WAS_SEA,2002,REG,9,2002-11-03,WAS,SEA,14.0,3.0,2.0,41.5,17.0,0,Ed Hochuli,HF,loss,-13.0,under
2002_10_ATL_PIT,2002,REG,10,2002-11-10,ATL,PIT,34.0,34.0,5.5,42.5,68.0,0,Terry McAulay,HF,loss,-5.5,over
2002_10_CIN_BAL,2002,REG,10,2002-11-10,CIN,BAL,27.0,38.0,4.0,37.0,65.0,1,Tom White,HF,win,7.0,over
2002_10_DET_GB,2002,REG,10,2002-11-10,DET,GB,14.0,40.0,10.5,42.0,54.0,1,Dick Hantak,HF,win,15.5,over
2002_10_HOU_TEN,2002,REG,10,2002-11-10,HOU,TEN,10.0,17.0,9.0,39.5,27.0,1,Bill Leavy,HF,loss,-2.0,under
2002_10_IND_PHI,2002,REG,10,2002-11-10,IND,PHI,35.0,13.0,9.5,41.5,48.0,0,Bernie Kukar,HF,loss,-31.5,over
2002_10_KC_SF,2002,REG,10,2002-11-10,KC,SF,13.0,17.0,5.0,49.0,30.0,0,Ron Blum,HF,loss,-1.0,under
2002_10_MIA_NYJ,2002,REG,10,2002-11-10,MIA,NYJ,10.0,13.0,2.5,39.5,23.0,1,Larry Nemmers,HF,win,0.5,under
2002_10_NE_CHI,2002,REG,10,2002-11-10,NE,CHI,33.0,30.0,-5.0,39.0,63.0,0,Bob McElwee,AF,loss,-2.0,over
2002_10_NO_CAR,2002,REG,10,2002-11-10,NO,CAR,34.0,24.0,-4.0,39.5,58.0,1,Ron Winter,AF,win,6.0,over
2002_10_NYG_MIN,2002,REG,10,2002-11-10,NYG,MIN,27.0,20.0,-1.5,45.0,47.0,0,Tony Corrente,AF,win,5.5,over
2002_10_OAK_DEN,2002,REG,10,2002-11-11,OAK,DEN,34.0,10.0,6.0,45.5,44.0,1,Mike Carey,HF,loss,-30.0,under
2002_10_SD_STL,2002,REG,10,2002-11-10,SD,STL,24.0,28.0,6.0,44.0,52.0,0,Ed Hochuli,HF,loss,-2.0,over
2002_10_SEA_ARI,2002,REG,10,2002-11-10,SEA,ARI,27.0,6.0,3.0,37.0,33.0,1,Walt Coleman,HF,loss,-24.0,under
2002_10_WAS_JAX,2002,REG,10,2002-11-10,WAS,JAX,7.0,26.0,1.5,39.5,33.0,0,Bill Carollo,HF,win,17.5,under
2002_11_ARI_PHI,2002,REG,11,2002-11-17,ARI,PHI,14.0,38.0,12.0,37.5,52.0,0,Bill Leavy,HF,win,12.0,over
2002_11_BAL_MIA,2002,REG,11,2002-11-17,BAL,MIA,7.0,26.0,5.0,34.5,33.0,0,Walt Anderson,HF,win,14.0,under
2002_11_BUF_KC,2002,REG,11,2002-11-17,BUF,KC,16.0,17.0,3.5,52.5,33.0,0,Terry McAulay,HF,loss,-2.5,under
2002_11_CAR_TB,2002,REG,11,2002-11-17,CAR,TB,10.0,23.0,8.0,34.5,33.0,1,Bob McElwee,HF,win,5.0,under
2002_11_CHI_STL,2002,REG,11,2002-11-18,CHI,STL,16.0,21.0,10.5,43.5,37.0,0,Gerry Austin,HF,loss,-5.5,under
2002_11_CLE_CIN,2002,REG,11,2002-11-17,CLE,CIN,27.0,20.0,-3.0,41.5,47.0,1,Bernie Kukar,AF,win,4.0,over
2002_11_DAL_IND,2002,REG,11,2002-11-17,DAL,IND,3.0,20.0,6.5,39.5,23.0,0,Ron Winter,HF,win,10.5,under
2002_11_DEN_SEA,2002,REG,11,2002-11-17,DEN,SEA,31.0,9.0,-5.5,42.5,40.0,0,Larry Nemmers,AF,win,16.5,under
2002_11_GB_MIN,2002,REG,11,2002-11-17,GB,MIN,21.0,31.0,-6.5,50.5,52.0,1,Ron Blum,AF,loss,-16.5,over
2002_11_JAX_HOU,2002,REG,11,2002-11-17,JAX,HOU,24.0,21.0,-6.5,36.5,45.0,1,Dick Hantak,AF,loss,-3.5,over
2002_11_NE_OAK,2002,REG,11,2002-11-17,NE,OAK,20.0,27.0,4.5,48.0,47.0,0,Ed Hochuli,HF,win,2.5,under
2002_11_NO_ATL,2002,REG,11,2002-11-17,NO,ATL,17.0,24.0,1.5,51.0,41.0,1,Jeff Triplette,HF,win,5.5,under
2002_11_NYJ_DET,2002,REG,11,2002-11-17,NYJ,DET,31.0,14.0,-3.0,43.0,45.0,0,Johnny Grier,AF,win,14.0,over
2002_11_PIT_TEN,2002,REG,11,2002-11-17,PIT,TEN,23.0,31.0,-3.0,44.0,54.0,0,Tony Corrente,AF,loss,-11.0,over
2002_11_SF_SD,2002,REG,11,2002-11-17,SF,SD,17.0,20.0,-2.5,43.0,37.0,0,Mike Carey,AF,loss,-5.5,under
2002_11_WAS_NYG,2002,REG,11,2002-11-17,WAS,NYG,17.0,19.0,3.5,34.5,36.0,1,Tom White,HF,loss,-1.5,over
2002_12_ATL_CAR,2002,REG,12,2002-11-24,ATL,CAR,41.0,0.0,-3.5,37.0,41.0,1,Bill Leavy,AF,win,37.5,over
2002_12_BUF_NYJ,2002,REG,12,2002-11-24,BUF,NYJ,13.0,31.0,3.0,45.5,44.0,1,Ron Blum,HF,win,15.0,under
2002_12_CIN_PIT,2002,REG,12,2002-11-24,CIN,PIT,21.0,29.0,10.5,44.0,50.0,1,Ed Hochuli,HF,loss,-2.5,over
2002_12_CLE_NO,2002,REG,12,2002-11-24,CLE,NO,24.0,15.0,5.5,48.5,39.0,0,Tom White,HF,loss,-14.5,under
2002_12_DET_CHI,2002,REG,12,2002-11-24,DET,CHI,17.0,20.0,5.0,37.5,37.0,1,Tony Corrente,HF,loss,-2.0,under
2002_12_GB_TB,2002,REG,12,2002-11-24,GB,TB,7.0,21.0,3.0,38.5,28.0,0,Johnny Grier,HF,win,11.0,under
2002_12_IND_DEN,2002,REG,12,2002-11-24,IND,DEN,23.0,20.0,6.0,43.0,43.0,0,Bob McElwee,HF,loss,-9.0,push
2002_12_JAX_DAL,2002,REG,12,2002-11-24,JAX,DAL,19.0,21.0,-2.5,34.0,40.0,0,Larry Nemmers,AF,loss,-4.5,over
2002_12_KC_SEA,2002,REG,12,2002-11-24,KC,SEA,32.0,39.0,-3.5,44.0,71.0,0,Bernie Kukar,AF,loss,-10.5,over
2002_12_MIN_NE,2002,REG,12,2002-11-24,MIN,NE,17.0,24.0,8.0,47.0,41.0,0,Gerry Austin,HF,loss,-1.0,under
2002_12_NYG_HOU,2002,REG,12,2002-11-24,NYG,HOU,14.0,16.0,-5.5,34.0,30.0,0,Terry McAulay,AF,loss,-7.5,under
2002_12_OAK_ARI,2002,REG,12,2002-11-24,OAK,ARI,41.0,20.0,-9.5,44.0,61.0,0,Bill Carollo,AF,win,11.5,over
2002_12_PHI_SF,2002,REG,12,2002-11-25,PHI,SF,38.0,17.0,7.0,37.5,55.0,0,Dick Hantak,HF,loss,-28.0,over
2002_12_SD_MIA,2002,REG,12,2002-11-24,SD,MIA,3.0,30.0,4.0,36.5,33.0,0,Jeff Triplette,HF,win,23.0,under
2002_12_STL_WAS,2002,REG,12,2002-11-24,STL,WAS,17.0,20.0,-3.5,41.0,37.0,0,Ron Winter,AF,loss,-6.5,under
2002_12_TEN_BAL,2002,REG,12,2002-11-24,TEN,BAL,12.0,13.0,-2.5,38.5,25.0,0,Mike Carey,AF,loss,-3.5,under
2002_13_ARI_KC,2002,REG,13,2002-12-01,ARI,KC,0.0,49.0,9.0,47.0,49.0,0,Dick Hantak,HF,win,40.0,over
2002_13_ATL_MIN,2002,REG,13,2002-12-01,ATL,MIN,30.0,24.0,-3.5,47.5,54.0,0,Ed Hochuli,AF,win,2.5,over
2002_13_BAL_CIN,2002,REG,13,2002-12-01,BAL,CIN,27.0,23.0,-2.5,37.5,50.0,1,Ron Blum,AF,win,1.5,over
2002_13_CAR_CLE,2002,REG,13,2002-12-01,CAR,CLE,13.0,6.0,7.5,34.5,19.0,0,Walt Coleman,HF,loss,-14.5,under
2002_13_CHI_GB,2002,REG,13,2002-12-01,CHI,GB,20.0,30.0,9.5,37.5,50.0,1,Ron Winter,HF,win,0.5,over
2002_13_DEN_SD,2002,REG,13,2002-12-01,DEN,SD,27.0,30.0,-3.0,40.0,57.0,1,Tony Corrente,AF,loss,-6.0,over
2002_13_HOU_IND,2002,REG,13,2002-12-01,HOU,IND,3.0,19.0,11.5,39.5,22.0,1,Johnny Grier,HF,win,4.5,under
2002_13_MIA_BUF,2002,REG,13,2002-12-01,MIA,BUF,21.0,38.0,-2.0,37.0,59.0,1,Bill Carollo,AF,loss,-19.0,over
2002_13_NE_DET,2002,REG,13,2002-11-28,NE,DET,20.0,12.0,-6.0,46.0,32.0,0,Larry Nemmers,AF,win,2.0,under
2002_13_NYJ_OAK,2002,REG,13,2002-12-02,NYJ,OAK,20.0,26.0,6.0,47.5,46.0,0,Bernie Kukar,HF,push,0.0,under
2002_13_PIT_JAX,2002,REG,13,2002-12-01,PIT,JAX,25.0,23.0,-3.0,44.0,48.0,0,Gerry Austin,AF,loss,-1.0,over
2002_13_SEA_SF,2002,REG,13,2002-12-01,SEA,SF,24.0,31.0,8.5,43.5,55.0,1,Tom White,HF,loss,-1.5,over
2002_13_STL_PHI,2002,REG,13,2002-12-01,STL,PHI,3.0,10.0,-2.0,38.0,13.0,0,Bob McElwee,AF,loss,-9.0,under
2002_13_TB_NO,2002,REG,13,2002-12-01,TB,NO,20.0,23.0,-1.5,40.0,43.0,1,Mike Carey,AF,loss,-4.5,over
2002_13_TEN_NYG,2002,REG,13,2002-12-01,TEN,NYG,32.0,29.0,3.0,34.0,61.0,0,Jeff Triplette,HF,loss,-6.0,over
2002_13_WAS_DAL,2002,REG,13,2002-11-28,WAS,DAL,20.0,27.0,-1.0,36.5,47.0,1,Terry McAulay,AF,loss,-8.0,over
2002_14_ATL_TB,2002,REG,14,2002-12-08,ATL,TB,10.0,34.0,3.5,37.0,44.0,1,Tony Corrente,HF,win,20.5,over
2002_14_BUF_NE,2002,REG,14,2002-12-08,BUF,NE,17.0,27.0,3.5,45.0,44.0,1,Jeff Triplette,HF,win,6.5,under
2002_14_CHI_MIA,2002,REG,14,2002-12-09,CHI,MIA,9.0,27.0,10.5,37.0,36.0,0,Ron Blum,HF,win,7.5,under
2002_14_CIN_CAR,2002,REG,14,2002-12-08,CIN,CAR,31.0,52.0,3.0,37.5,83.0,0,Johnny Grier,HF,win,18.0,over
2002_14_CLE_JAX,2002,REG,14,2002-12-08,CLE,JAX,21.0,20.0,2.5,41.5,41.0,0,Ron Winter,HF,loss,-3.5,under
2002_14_DEN_NYJ,2002,REG,14,2002-12-08,DEN,NYJ,13.0,19.0,-1.5,43.0,32.0,0,Tom White,AF,loss,-7.5,under
2002_14_DET_ARI,2002,REG,14,2002-12-08,DET,ARI,20.0,23.0,-1.0,39.5,43.0,0,Gerald Austin,AF,loss,-4.0,over
2002_14_HOU_PIT,2002,REG,14,2002-12-08,HOU,PIT,24.0,6.0,14.0,37.5,30.0,0,Bob McElwee,HF,loss,-32.0,under
2002_14_IND_TEN,2002,REG,14,2002-12-08,IND,TEN,17.0,27.0,-1.0,43.0,44.0,1,Larry Nemmers,AF,loss,-11.0,over
2002_14_MIN_GB,2002,REG,14,2002-12-08,MIN,GB,22.0,26.0,9.5,43.5,48.0,1,Walt Coleman,HF,loss,-5.5,over
2002_14_NO_BAL,2002,REG,14,2002-12-08,NO,BAL,37.0,25.0,-2.0,42.5,62.0,0,Terry McAulay,AF,win,10.0,over
2002_14_NYG_WAS,2002,REG,14,2002-12-08,NYG,WAS,27.0,21.0,3.0,37.5,48.0,1,Ed Hochuli,HF,loss,-9.0,over
2002_14_OAK_SD,2002,REG,14,2002-12-08,OAK,SD,27.0,7.0,-3.5,45.5,34.0,1,Dick Hantak,AF,win,16.5,under
2002_14_PHI_SEA,2002,REG,14,2002-12-08,PHI,SEA,27.0,20.0,-3.0,37.5,47.0,0,Bill Carollo,AF,win,4.0,over
2002_14_SF_DAL,2002,REG,14,2002-12-08,SF,DAL,31.0,27.0,-4.5,40.0,58.0,0,Bernie Kukar,AF,loss,-0.5,over
2002_14_STL_KC,2002,REG,14,2002-12-08,STL,KC,10.0,49.0,4.5,45.5,59.0,0,Bill Leavy,HF,win,34.5,over
2002_15_ARI_STL,2002,REG,15,2002-12-15,ARI,STL,28.0,30.0,11.0,43.0,58.0,1,Jeff Triplette,HF,loss,-9.0,over
2002_15_BAL_HOU,2002,REG,15,2002-12-15,BAL,HOU,23.0,19.0,-3.0,35.0,42.0,0,Bernie Kukar,AF,win,1.0,over
2002_15_CAR_PIT,2002,REG,15,2002-12-15,CAR,PIT,14.0,30.0,9.0,39.0,44.0,0,Dick Hantak,HF,win,7.0,over
2002_15_DAL_NYG,2002,REG,15,2002-12-15,DAL,NYG,7.0,37.0,5.0,35.0,44.0,1,Walt Coleman,HF,win,25.0,over
2002_15_GB_SF,2002,REG,15,2002-12-15,GB,SF,20.0,14.0,3.0,42.5,34.0,0,Tony Corrente,HF,loss,-9.0,under
2002_15_IND_CLE,2002,REG,15,2002-12-15,IND,CLE,28.0,23.0,-2.0,41.5,51.0,0,Ed Hochuli,AF,win,3.0,over
2002_15_JAX_CIN,2002,REG,15,2002-12-15,JAX,CIN,29.0,15.0,-3.0,45.0,44.0,0,Bill Leavy,AF,win,11.0,under
2002_15_KC_DEN,2002,REG,15,2002-12-15,KC,DEN,24.0,31.0,3.5,47.5,55.0,1,Bill Carollo,HF,win,3.5,over
2002_15_MIN_NO,2002,REG,15,2002-12-15,MIN,NO,32.0,31.0,7.0,51.0,63.0,0,Bob McElwee,HF,loss,-8.0,over
2002_15_NE_TEN,2002,REG,15,2002-12-16,NE,TEN,7.0,24.0,2.5,43.5,31.0,0,Ron Winter,HF,win,14.5,under
2002_15_NYJ_CHI,2002,REG,15,2002-12-15,NYJ,CHI,13.0,20.0,-6.5,38.0,33.0,0,Mike Carey,AF,loss,-13.5,under
2002_15_OAK_MIA,2002,REG,15,2002-12-15,OAK,MIA,17.0,23.0,1.5,43.5,40.0,0,Terry McAulay,HF,win,4.5,under
2002_15_SD_BUF,2002,REG,15,2002-12-15,SD,BUF,13.0,20.0,3.0,42.5,33.0,0,Gerry Austin,HF,win,4.0,under
2002_15_SEA_ATL,2002,REG,15,2002-12-15,SEA,ATL,30.0,24.0,9.5,46.0,54.0,0,Ron Blum,HF,loss,-15.5,over
2002_15_TB_DET,2002,REG,15,2002-12-15,TB,DET,23.0,20.0,-9.5,37.0,43.0,0,Tom White,AF,loss,-6.5,over
2002_15_WAS_PHI,2002,REG,15,2002-12-15,WAS,PHI,21.0,34.0,7.5,38.0,55.0,1,Johnny Grier,HF,win,5.5,over
2002_16_BUF_GB,2002,REG,16,2002-12-22,BUF,GB,0.0,10.0,6.5,43.5,10.0,0,Tom White,HF,win,3.5,under
2002_16_CHI_CAR,2002,REG,16,2002-12-22,CHI,CAR,14.0,24.0,4.0,36.5,38.0,0,Terry McAulay,HF,win,6.0,over
2002_16_CLE_BAL,2002,REG,16,2002-12-22,CLE,BAL,14.0,13.0,2.5,39.5,27.0,1,Bill Leavy,HF,loss,-3.5,under
2002_16_DEN_OAK,2002,REG,16,2002-12-22,DEN,OAK,16.0,28.0,3.5,46.5,44.0,1,Gerald Austin,HF,win,8.5,under
2002_16_DET_ATL,2002,REG,16,2002-12-22,DET,ATL,15.0,36.0,10.5,44.0,51.0,0,Walt Coleman,HF,win,10.5,over
2002_16_HOU_WAS,2002,REG,16,2002-12-22,HOU,WAS,10.0,26.0,6.5,36.5,36.0,0,Jeff Triplette,HF,win,9.5,under
2002_16_MIA_MIN,2002,REG,16,2002-12-21,MIA,MIN,17.0,20.0,-3.0,45.0,37.0,0,Johnny Grier,AF,loss,-6.0,under
2002_16_NO_CIN,2002,REG,16,2002-12-22,NO,CIN,13.0,20.0,-7.0,49.0,33.0,0,Bill Carollo,AF,loss,-14.0,under
2002_16_NYG_IND,2002,REG,16,2002-12-22,NYG,IND,44.0,27.0,4.5,41.0,71.0,0,Dick Hantak,HF,loss,-21.5,over
2002_16_NYJ_NE,2002,REG,16,2002-12-22,NYJ,NE,30.0,17.0,3.5,41.0,47.0,1,Tony Corrente,HF,loss,-16.5,over
2002_16_PHI_DAL,2002,REG,16,2002-12-21,PHI,DAL,27.0,3.0,-7.0,36.5,30.0,1,Ed Hochuli,AF,win,17.0,under
2002_16_PIT_TB,2002,REG,16,2002-12-23,PIT,TB,17.0,7.0,4.5,38.0,24.0,0,Larry Nemmers,HF,loss,-14.5,under
2002_16_SD_KC,2002,REG,16,2002-12-22,SD,KC,22.0,24.0,1.5,44.0,46.0,1,Ron Winter,HF,win,0.5,over
2002_16_SF_ARI,2002,REG,16,2002-12-21,SF,ARI,17.0,14.0,-3.5,41.0,31.0,1,Bob McElwee,AF,loss,-0.5,under
2002_16_STL_SEA,2002,REG,16,2002-12-22,STL,SEA,10.0,30.0,2.5,48.0,40.0,1,Mike Carey,HF,win,17.5,under
2002_16_TEN_JAX,2002,REG,16,2002-12-22,TEN,JAX,28.0,10.0,-3.0,41.5,38.0,1,Bernie Kukar,AF,win,15.0,under
2002_17_ARI_DEN,2002,REG,17,2002-12-29,ARI,DEN,7.0,37.0,13.5,42.0,44.0,0,Larry Nemmers,HF,win,16.5,over
2002_17_ATL_CLE,2002,REG,17,2002-12-29,ATL,CLE,16.0,24.0,-2.5,41.0,40.0,0,Johnny Grier,AF,loss,-10.5,under
2002_17_BAL_PIT,2002,REG,17,2002-12-29,BAL,PIT,31.0,34.0,8.0,39.0,65.0,1,Ron Winter,HF,loss,-5.0,over
2002_17_CAR_NO,2002,REG,17,2002-12-29,CAR,NO,10.0,6.0,6.0,43.5,16.0,1,Ed Hochuli,HF,loss,-10.0,under
2002_17_CIN_BUF,2002,REG,17,2002-12-29,CIN,BUF,9.0,27.0,7.5,45.0,36.0,0,Mike Carey,HF,win,10.5,under
2002_17_DAL_WAS,2002,REG,17,2002-12-29,DAL,WAS,14.0,20.0,7.5,36.5,34.0,1,Gerald Austin,HF,loss,-1.5,under
2002_17_GB_NYJ,2002,REG,17,2002-12-29,GB,NYJ,17.0,42.0,-1.5,39.5,59.0,0,Dick Hantak,AF,loss,-26.5,over
2002_17_JAX_IND,2002,REG,17,2002-12-29,JAX,IND,13.0,20.0,8.5,40.5,33.0,1,Jeff Triplette,HF,loss,-1.5,under
2002_17_KC_OAK,2002,REG,17,2002-12-28,KC,OAK,0.0,24.0,8.5,44.5,24.0,1,Tony Corrente,HF,win,15.5,under
2002_17_MIA_NE,2002,REG,17,2002-12-29,MIA,NE,24.0,27.0,-2.0,38.0,51.0,1,Bob McElwee,AF,loss,-5.0,over
2002_17_MIN_DET,2002,REG,17,2002-12-29,MIN,DET,38.0,36.0,-3.5,47.0,74.0,1,Bill Carollo,AF,loss,-1.5,over
2002_17_PHI_NYG,2002,REG,17,2002-12-28,PHI,NYG,7.0,10.0,1.0,37.5,17.0,1,Ron Blum,HF,win,2.0,under
2002_17_SEA_SD,2002,REG,17,2002-12-29,SEA,SD,31.0,28.0,3.0,42.5,59.0,0,Bill Leavy,HF,loss,-6.0,over
2002_17_SF_STL,2002,REG,17,2002-12-30,SF,STL,20.0,31.0,2.0,39.5,51.0,1,Terry McAulay,HF,win,9.0,over
2002_17_TB_CHI,2002,REG,17,2002-12-29,TB,CHI,15.0,0.0,-7.0,32.0,15.0,0,Bernie Kukar,AF,win,8.0,under
2002_17_TEN_HOU,2002,REG,17,2002-12-29,TEN,HOU,13.0,3.0,-9.5,35.5,16.0,1,Walt Coleman,AF,win,0.5,under
2002_18_ATL_GB,2002,WC,18,2003-01-04,ATL,GB,27.0,7.0,6.5,40.5,34.0,0,Bernie Kukar,HF,loss,-26.5,under
2002_18_CLE_PIT,2002,WC,18,2003-01-05,CLE,PIT,33.0,36.0,8.0,43.0,69.0,1,Bill Carollo,HF,loss,-5.0,over
2002_18_IND_NYJ,2002,WC,18,2003-01-04,IND,NYJ,0.0,41.0,6.0,42.0,41.0,0,Tony Corrente,HF,win,35.0,under
2002_18_NYG_SF,2002,WC,18,2003-01-05,NYG,SF,38.0,39.0,3.0,41.0,77.0,0,Ron Winter,HF,loss,-2.0,over
2002_19_ATL_PHI,2002,DIV,19,2003-01-11,ATL,PHI,6.0,20.0,7.5,38.5,26.0,0,Mike Carey,HF,win,6.5,under
2002_19_NYJ_OAK,2002,DIV,19,2003-01-12,NYJ,OAK,10.0,30.0,5.5,47.0,40.0,0,Dick Hantak,HF,win,14.5,under
2002_19_PIT_TEN,2002,DIV,19,2003-01-11,PIT,TEN,31.0,34.0,4.5,44.0,65.0,0,Ron Blum,HF,loss,-1.5,over
2002_19_SF_TB,2002,DIV,19,2003-01-12,SF,TB,6.0,31.0,6.0,39.5,37.0,0,Gerry Austin,HF,win,19.0,under
2002_20_TB_PHI,2002,CON,20,2003-01-19,TB,PHI,27.0,10.0,4.0,33.5,37.0,0,Terry McAulay,HF,loss,-21.0,over
2002_20_TEN_OAK,2002,CON,20,2003-01-19,TEN,OAK,24.0,41.0,9.0,46.0,65.0,0,Ed Hochuli,HF,win,8.0,over
2002_21_OAK_TB,2002,SB,21,2003-01-26,OAK,TB,21.0,48.0,-3.5,44.0,69.0,0,Bill Carollo,AF,loss,-30.5,over
2003_01_ARI_DET,2003,REG,1,2003-09-07,ARI,DET,24.0,42.0,3.5,39.0,66.0,0,Bill Carollo,HF,win,14.5,over
2003_01_ATL_DAL,2003,REG,1,2003-09-07,ATL,DAL,27.0,13.0,2.0,36.5,40.0,0,Mike Carey,HF,loss,-16.0,over
2003_01_BAL_PIT,2003,REG,1,2003-09-07,BAL,PIT,15.0,34.0,4.0,38.5,49.0,1,Ron Winter,HF,win,15.0,over
2003_01_CHI_SF,2003,REG,1,2003-09-07,CHI,SF,7.0,49.0,6.5,40.5,56.0,0,Bill Leavy,HF,win,35.5,over
2003_01_DEN_CIN,2003,REG,1,2003-09-07,DEN,CIN,30.0,10.0,-6.0,43.5,40.0,0,Gerry Austin,AF,win,14.0,under
2003_01_HOU_MIA,2003,REG,1,2003-09-07,HOU,MIA,21.0,20.0,14.0,34.5,41.0,0,Terry McAulay,HF,loss,-15.0,over
2003_01_IND_CLE,2003,REG,1,2003-09-07,IND,CLE,9.0,6.0,-2.0,48.0,15.0,0,Walt Anderson,AF,win,1.0,under
2003_01_JAX_CAR,2003,REG,1,2003-09-07,JAX,CAR,23.0,24.0,4.0,34.5,47.0,0,Johnny Grier,HF,loss,-3.0,over
2003_01_MIN_GB,2003,REG,1,2003-09-07,MIN,GB,30.0,25.0,4.0,47.0,55.0,1,Peter Morelli,HF,loss,-9.0,over
2003_01_NE_BUF,2003,REG,1,2003-09-07,NE,BUF,0.0,31.0,1.0,44.5,31.0,1,Jeff Triplette,HF,win,30.0,under
2003_01_NO_SEA,2003,REG,1,2003-09-07,NO,SEA,10.0,27.0,3.0,48.5,37.0,0,Tony Corrente,HF,win,14.0,under
2003_01_NYJ_WAS,2003,REG,1,2003-09-04,NYJ,WAS,13.0,16.0,3.0,40.0,29.0,0,Walt Coleman,HF,push,0.0,under
2003_01_OAK_TEN,2003,REG,1,2003-09-07,OAK,TEN,20.0,25.0,3.5,46.0,45.0,0,Ron Blum,HF,win,1.5,under
2003_01_SD_KC,2003,REG,1,2003-09-07,SD,KC,14.0,27.0,4.5,47.0,41.0,1,Ed Hochuli,HF,win,8.5,under
2003_01_STL_NYG,2003,REG,1,2003-09-07,STL,NYG,13.0,23.0,-1.0,46.5,36.0,0,Tom White,AF,loss,-11.0,under
2003_01_TB_PHI,2003,REG,1,2003-09-08,TB,PHI,17.0,0.0,3.0,36.0,17.0,0,Bernie Kukar,HF,loss,-20.0,under
2003_02_BUF_JAX,2003,REG,2,2003-09-14,BUF,JAX,38.0,17.0,-3.0,42.0,55.0,0,Terry McAulay,AF,win,18.0,over
2003_02_CAR_TB,2003,REG,2,2003-09-14,CAR,TB,12.0,9.0,9.0,34.5,21.0,1,Walt Anderson,HF,loss,-12.0,under
2003_02_CHI_MIN,2003,REG,2,2003-09-14,CHI,MIN,13.0,24.0,9.0,44.5,37.0,1,Mike Carey,HF,win,2.0,under
2003_02_CIN_OAK,2003,REG,2,2003-09-14,CIN,OAK,20.0,23.0,12.0,45.0,43.0,0,Ed Hochuli,HF,loss,-9.0,under
2003_02_CLE_BAL,2003,REG,2,2003-09-14,CLE,BAL,13.0,33.0,2.5,39.0,46.0,1,Tom White,HF,win,17.5,over
2003_02_DAL_NYG,2003,REG,2,2003-09-15,DAL,NYG,35.0,32.0,7.5,36.5,67.0,1,Gerry Austin,HF,loss,-10.5,over
2003_02_DEN_SD,2003,REG,2,2003-09-14,DEN,SD,37.0,13.0,-3.0,43.0,50.0,1,Tom Corrente,AF,win,21.0,over
2003_02_DET_GB,2003,REG,2,2003-09-14,DET,GB,6.0,31.0,7.0,45.5,37.0,1,Bernie Kukar,HF,win,18.0,under
2003_02_HOU_NO,2003,REG,2,2003-09-14,HOU,NO,10.0,31.0,8.0,40.5,41.0,0,Peter Morelli,HF,win,13.0,over
2003_02_MIA_NYJ,2003,REG,2,2003-09-14,MIA,NYJ,21.0,10.0,-3.0,37.0,31.0,1,Johnny Grier,AF,win,8.0,under
2003_02_NE_PHI,2003,REG,2,2003-09-14,NE,PHI,31.0,10.0,4.0,38.0,41.0,0,Walt Coleman,HF,loss,-25.0,over
2003_02_PIT_KC,2003,REG,2,2003-09-14,PIT,KC,20.0,41.0,3.5,48.0,61.0,0,Larry Nemmers,HF,win,17.5,over
2003_02_SEA_ARI,2003,REG,2,2003-09-14,SEA,ARI,38.0,0.0,-5.0,44.5,38.0,1,Ron Blum,AF,win,33.0,under
2003_02_SF_STL,2003,REG,2,2003-09-14,SF,STL,24.0,27.0,3.0,47.5,51.0,1,Bill Carollo,HF,push,0.0,over
2003_02_TEN_IND,2003,REG,2,2003-09-14,TEN,IND,7.0,33.0,2.5,44.0,40.0,1,Jeff Triplette,HF,win,23.5,under
2003_02_WAS_ATL,2003,REG,2,2003-09-14,WAS,ATL,33.0,31.0,3.0,39.5,64.0,0,Ron Winter,HF,loss,-5.0,over
2003_03_BAL_SD,2003,REG,3,2003-09-21,BAL,SD,24.0,10.0,1.5,38.5,34.0,0,Bill Leavy,HF,loss,-15.5,under
2003_03_BUF_MIA,2003,REG,3,2003-09-21,BUF,MIA,7.0,17.0,3.0,40.5,24.0,1,Ron Winter,HF,win,7.0,under
2003_03_CLE_SF,2003,REG,3,2003-09-21,CLE,SF,13.0,12.0,7.0,44.5,25.0,0,Tony Corrente,HF,loss,-8.0,under
2003_03_GB_ARI,2003,REG,3,2003-09-21,GB,ARI,13.0,20.0,-7.5,42.5,33.0,0,Mike Carey,AF,loss,-14.5,under
2003_03_JAX_IND,2003,REG,3,2003-09-21,JAX,IND,13.0,23.0,7.5,42.0,36.0,1,Bernie Kukar,HF,win,2.5,under
2003_03_KC_HOU,2003,REG,3,2003-09-21,KC,HOU,42.0,14.0,-7.5,44.0,56.0,0,Ron Blum,AF,win,20.5,over
2003_03_MIN_DET,2003,REG,3,2003-09-21,MIN,DET,23.0,13.0,-4.0,47.5,36.0,1,Tom White,AF,win,6.0,under
2003_03_NO_TEN,2003,REG,3,2003-09-21,NO,TEN,12.0,27.0,4.5,43.5,39.0,0,Bill Carollo,HF,win,10.5,under
2003_03_NYG_WAS,2003,REG,3,2003-09-21,NYG,WAS,24.0,21.0,1.5,43.5,45.0,1,Johnny Grier,HF,loss,-4.5,over
2003_03_NYJ_NE,2003,REG,3,2003-09-21,NYJ,NE,16.0,23.0,6.0,38.0,39.0,1,Walt Anderson,HF,win,1.0,over
2003_03_OAK_DEN,2003,REG,3,2003-09-22,OAK,DEN,10.0,31.0,5.5,45.0,41.0,1,Larry Nemmers,HF,win,15.5,under
2003_03_PIT_CIN,2003,REG,3,2003-09-21,PIT,CIN,17.0,10.0,-4.5,44.5,27.0,1,Walt Coleman,AF,win,2.5,under
2003_03_STL_SEA,2003,REG,3,2003-09-21,STL,SEA,23.0,24.0,3.0,47.0,47.0,1,Ed Hochuli,HF,loss,-2.0,push
2003_03_TB_ATL,2003,REG,3,2003-09-21,TB,ATL,31.0,10.0,-6.5,35.5,41.0,1,Terry McAulay,AF,win,14.5,over
2003_04_ARI_STL,2003,REG,4,2003-09-28,ARI,STL,13.0,37.0,11.5,45.5,50.0,1,Walt Coleman,HF,win,12.5,over
2003_04_ATL_CAR,2003,REG,4,2003-09-28,ATL,CAR,3.0,23.0,6.0,35.5,26.0,1,Gerald Austin,HF,win,14.0,under
2003_04_CIN_CLE,2003,REG,4,2003-09-28,CIN,CLE,21.0,14.0,4.5,40.0,35.0,1,Ron Winter,HF,loss,-11.5,under
2003_04_DAL_NYJ,2003,REG,4,2003-09-28,DAL,NYJ,17.0,6.0,3.0,37.0,23.0,0,Bernie Kukar,HF,loss,-14.0,under
2003_04_DET_DEN,2003,REG,4,2003-09-28,DET,DEN,16.0,20.0,12.0,44.0,36.0,0,Ron Blum,HF,loss,-8.0,under
2003_04_GB_CHI,2003,REG,4,2003-09-29,GB,CHI,38.0,23.0,-4.0,41.5,61.0,1,Jeff Triplette,AF,win,11.0,over
2003_04_IND_NO,2003,REG,4,2003-09-28,IND,NO,55.0,21.0,-1.5,42.0,76.0,0,Bill Leavy,AF,win,32.5,over
2003_04_JAX_HOU,2003,REG,4,2003-09-28,JAX,HOU,20.0,24.0,-2.5,37.5,44.0,1,Tony Corrente,AF,loss,-6.5,over
2003_04_KC_BAL,2003,REG,4,2003-09-28,KC,BAL,17.0,10.0,-3.0,43.5,27.0,0,Terry McAulay,AF,win,4.0,under
2003_04_NE_WAS,2003,REG,4,2003-09-28,NE,WAS,17.0,20.0,3.5,43.0,37.0,0,Tom White,HF,loss,-0.5,under
2003_04_PHI_BUF,2003,REG,4,2003-09-28,PHI,BUF,23.0,13.0,3.0,39.5,36.0,0,Bill Carollo,HF,loss,-13.0,under
2003_04_SD_OAK,2003,REG,4,2003-09-28,SD,OAK,31.0,34.0,7.0,41.5,65.0,1,Peter Morelli,HF,loss,-4.0,over
2003_04_TEN_PIT,2003,REG,4,2003-09-28,TEN,PIT,30.0,13.0,3.5,44.0,43.0,0,Walt Anderson,HF,loss,-20.5,under
2003_05_ARI_DAL,2003,REG,5,2003-10-05,ARI,DAL,7.0,24.0,7.5,39.5,31.0,0,Peter Morelli,HF,win,9.5,under
2003_05_CIN_BUF,2003,REG,5,2003-10-05,CIN,BUF,16.0,22.0,7.0,40.0,38.0,0,Bernie Kukar,HF,loss,-1.0,under
2003_05_CLE_PIT,2003,REG,5,2003-10-05,CLE,PIT,33.0,13.0,7.0,42.0,46.0,1,Gerry Austin,HF,loss,-27.0,over
2003_05_DEN_KC,2003,REG,5,2003-10-05,DEN,KC,23.0,24.0,3.5,46.5,47.0,1,Bill Leavy,HF,loss,-2.5,over
2003_05_DET_SF,2003,REG,5,2003-10-05,DET,SF,17.0,24.0,7.5,42.5,41.0,0,Mike Carey,HF,loss,-0.5,under
2003_05_IND_TB,2003,REG,5,2003-10-06,IND,TB,38.0,35.0,4.5,37.5,73.0,0,Johnny Grier,HF,loss,-7.5,over
2003_05_MIA_NYG,2003,REG,5,2003-10-05,MIA,NYG,23.0,10.0,1.5,38.0,33.0,0,Jeff Triplette,HF,loss,-14.5,under
2003_05_MIN_ATL,2003,REG,5,2003-10-05,MIN,ATL,39.0,26.0,-4.5,43.5,65.0,0,Ron Blum,AF,win,8.5,over
2003_05_NO_CAR,2003,REG,5,2003-10-05,NO,CAR,13.0,19.0,7.0,37.5,32.0,1,Terry McAulay,HF,loss,-1.0,under
2003_05_OAK_CHI,2003,REG,5,2003-10-05,OAK,CHI,21.0,24.0,-3.5,43.5,45.0,0,Walt Anderson,AF,loss,-6.5,over
2003_05_SD_JAX,2003,REG,5,2003-10-05,SD,JAX,21.0,27.0,3.0,42.5,48.0,0,Tom White,HF,win,3.0,over
2003_05_SEA_GB,2003,REG,5,2003-10-05,SEA,GB,13.0,35.0,1.0,45.0,48.0,0,Larry Nemmers,HF,win,21.0,over
2003_05_TEN_NE,2003,REG,5,2003-10-05,TEN,NE,30.0,38.0,1.0,40.5,68.0,0,Ron Winter,HF,win,7.0,over
2003_05_WAS_PHI,2003,REG,5,2003-10-05,WAS,PHI,25.0,27.0,4.5,40.5,52.0,1,Ed Hochuli,HF,loss,-2.5,over
2003_06_ATL_STL,2003,REG,6,2003-10-13,ATL,STL,0.0,36.0,10.0,46.0,36.0,0,Bill Leavy,HF,win,26.0,under
2003_06_BAL_ARI,2003,REG,6,2003-10-12,BAL,ARI,26.0,18.0,-6.5,37.0,44.0,0,Tony Corrente,AF,win,1.5,over
2003_06_BUF_NYJ,2003,REG,6,2003-10-12,BUF,NYJ,3.0,30.0,-1.0,36.5,33.0,1,Tom White,AF,loss,-28.0,under
2003_06_CAR_IND,2003,REG,6,2003-10-12,CAR,IND,23.0,20.0,4.0,37.5,43.0,0,Larry Nemmers,HF,loss,-7.0,over
2003_06_CHI_NO,2003,REG,6,2003-10-12,CHI,NO,13.0,20.0,6.5,43.0,33.0,0,Ed Hochuli,HF,win,0.5,under
2003_06_HOU_TEN,2003,REG,6,2003-10-12,HOU,TEN,17.0,38.0,8.5,39.5,55.0,1,Gerald Austin,HF,win,12.5,over
2003_06_KC_GB,2003,REG,6,2003-10-12,KC,GB,40.0,34.0,2.5,47.5,74.0,0,Ron Winter,HF,loss,-8.5,over
2003_06_MIA_JAX,2003,REG,6,2003-10-12,MIA,JAX,24.0,10.0,-3.5,38.0,34.0,0,Walt Coleman,AF,win,10.5,under
2003_06_NYG_NE,2003,REG,6,2003-10-12,NYG,NE,6.0,17.0,2.5,42.5,23.0,0,Bill Carollo,HF,win,8.5,under
2003_06_OAK_CLE,2003,REG,6,2003-10-12,OAK,CLE,7.0,13.0,3.5,43.5,20.0,0,Johnny Grier,HF,win,2.5,under
2003_06_PHI_DAL,2003,REG,6,2003-10-12,PHI,DAL,21.0,23.0,1.0,37.5,44.0,1,Ron Blum,HF,win,1.0,over
2003_06_PIT_DEN,2003,REG,6,2003-10-12,PIT,DEN,14.0,17.0,6.5,45.0,31.0,0,Mike Carey,HF,loss,-3.5,under
2003_06_SF_SEA,2003,REG,6,2003-10-12,SF,SEA,19.0,20.0,3.5,44.5,39.0,1,Peter Morelli,HF,loss,-2.5,under
2003_06_TB_WAS,2003,REG,6,2003-10-12,TB,WAS,35.0,13.0,-3.5,37.0,48.0,0,Jeff Triplette,AF,win,18.5,over
2003_07_BAL_CIN,2003,REG,7,2003-10-19,BAL,CIN,26.0,34.0,-1.0,36.0,60.0,1,Johnny Grier,AF,loss,-9.0,over
2003_07_CHI_SEA,2003,REG,7,2003-10-19,CHI,SEA,17.0,24.0,11.0,41.5,41.0,0,Tony Corrente,HF,loss,-4.0,under
2003_07_DAL_DET,2003,REG,7,2003-10-19,DAL,DET,38.0,7.0,-3.0,39.0,45.0,0,Terry McAulay,AF,win,28.0,over
2003_07_DEN_MIN,2003,REG,7,2003-10-19,DEN,MIN,20.0,28.0,4.0,44.0,48.0,0,Bill Carollo,HF,win,4.0,over
2003_07_GB_STL,2003,REG,7,2003-10-19,GB,STL,24.0,34.0,4.0,48.5,58.0,0,Peter Morelli,HF,win,6.0,over
2003_07_KC_OAK,2003,REG,7,2003-10-20,KC,OAK,17.0,10.0,-4.5,47.5,27.0,1,Mike Carey,AF,win,2.5,under
2003_07_NE_MIA,2003,REG,7,2003-10-19,NE,MIA,19.0,13.0,6.5,37.0,32.0,1,Gerry Austin,HF,loss,-12.5,under
2003_07_NO_ATL,2003,REG,7,2003-10-19,NO,ATL,45.0,17.0,-3.0,42.0,62.0,1,Bernie Kukar,AF,win,25.0,over
2003_07_NYJ_HOU,2003,REG,7,2003-10-19,NYJ,HOU,19.0,14.0,-3.5,38.0,33.0,0,Ed Hochuli,AF,win,1.5,under
2003_07_PHI_NYG,2003,REG,7,2003-10-19,PHI,NYG,14.0,10.0,3.0,37.0,24.0,1,Tom White,HF,loss,-7.0,under
2003_07_SD_CLE,2003,REG,7,2003-10-19,SD,CLE,26.0,20.0,3.5,41.0,46.0,0,Jeff Triplette,HF,loss,-9.5,over
2003_07_TB_SF,2003,REG,7,2003-10-19,TB,SF,7.0,24.0,-5.0,39.0,31.0,0,Ron Blum,AF,loss,-22.0,under
2003_07_WAS_BUF,2003,REG,7,2003-10-19,WAS,BUF,7.0,24.0,3.0,38.0,31.0,0,Walt Anderson,HF,win,14.0,under
2003_08_BUF_KC,2003,REG,8,2003-10-26,BUF,KC,5.0,38.0,5.5,43.5,43.0,0,Ed Hochuli,HF,win,27.5,under
2003_08_CAR_NO,2003,REG,8,2003-10-26,CAR,NO,23.0,20.0,3.0,39.5,43.0,1,Mike Carey,HF,loss,-6.0,over
2003_08_CLE_NE,2003,REG,8,2003-10-26,CLE,NE,3.0,9.0,4.5,37.5,12.0,0,Bernie Kukar,HF,win,1.5,under
2003_08_DAL_TB,2003,REG,8,2003-10-26,DAL,TB,0.0,16.0,6.0,37.0,16.0,0,Bill Carollo,HF,win,10.0,under
2003_08_DEN_BAL,2003,REG,8,2003-10-26,DEN,BAL,6.0,26.0,2.5,36.5,32.0,0,Ron Winter,HF,win,17.5,under
2003_08_DET_CHI,2003,REG,8,2003-10-26,DET,CHI,16.0,24.0,3.0,37.5,40.0,1,Larry Nemmers,HF,win,5.0,over
2003_08_HOU_IND,2003,REG,8,2003-10-26,HOU,IND,21.0,30.0,13.0,44.0,51.0,1,Walt Coleman,HF,loss,-4.0,over
2003_08_MIA_SD,2003,REG,8,2003-10-27,MIA,SD,26.0,10.0,-6.5,38.5,36.0,0,Ron Blum,AF,win,9.5,under
2003_08_NYG_MIN,2003,REG,8,2003-10-26,NYG,MIN,29.0,17.0,5.5,44.5,46.0,0,Tony Corrente,HF,loss,-17.5,over
2003_08_NYJ_PHI,2003,REG,8,2003-10-26,NYJ,PHI,17.0,24.0,3.0,36.0,41.0,0,Gerry Austin,HF,win,4.0,over
2003_08_SEA_CIN,2003,REG,8,2003-10-26,SEA,CIN,24.0,27.0,-3.0,41.5,51.0,0,Walt Anderson,AF,loss,-6.0,over
2003_08_SF_ARI,2003,REG,8,2003-10-26,SF,ARI,13.0,16.0,-7.0,41.0,29.0,1,Bill Leavy,AF,loss,-10.0,under
2003_08_STL_PIT,2003,REG,8,2003-10-26,STL,PIT,33.0,21.0,1.0,45.5,54.0,0,Johnny Grier,HF,loss,-13.0,over
2003_08_TEN_JAX,2003,REG,8,2003-10-26,TEN,JAX,30.0,17.0,-4.5,43.5,47.0,1,Terry McAulay,AF,win,8.5,over
2003_09_CAR_HOU,2003,REG,9,2003-11-02,CAR,HOU,10.0,14.0,-6.0,37.0,24.0,0,Ron Blum,AF,loss,-10.0,under
2003_09_CIN_ARI,2003,REG,9,2003-11-02,CIN,ARI,14.0,17.0,-3.0,39.0,31.0,0,Mike Carey,AF,loss,-6.0,under
2003_09_GB_MIN,2003,REG,9,2003-11-02,GB,MIN,30.0,27.0,5.5,49.0,57.0,1,Bernie Kukar,HF,loss,-8.5,over
2003_09_IND_MIA,2003,REG,9,2003-11-02,IND,MIA,23.0,17.0,3.0,39.5,40.0,0,Tom White,HF,loss,-9.0,over
2003_09_JAX_BAL,2003,REG,9,2003-11-02,JAX,BAL,17.0,24.0,7.0,37.5,41.0,0,Walt Anderson,HF,push,0.0,over
2003_09_NE_DEN,2003,REG,9,2003-11-03,NE,DEN,30.0,26.0,2.0,36.0,56.0,0,Peter Morelli,HF,loss,-6.0,over
2003_09_NO_TB,2003,REG,9,2003-11-02,NO,TB,17.0,14.0,8.0,39.0,31.0,1,Gerry Austin,HF,loss,-11.0,under
2003_09_NYG_NYJ,2003,REG,9,2003-11-02,NYG,NYJ,31.0,28.0,-3.5,40.0,59.0,0,Johnny Grier,AF,loss,-0.5,over
2003_09_OAK_DET,2003,REG,9,2003-11-02,OAK,DET,13.0,23.0,-3.5,39.5,36.0,0,Jeff Triplette,AF,loss,-13.5,under
2003_09_PHI_ATL,2003,REG,9,2003-11-02,PHI,ATL,23.0,16.0,-6.0,39.5,39.0,0,Terry McAulay,AF,win,1.0,under
2003_09_PIT_SEA,2003,REG,9,2003-11-02,PIT,SEA,16.0,23.0,5.0,44.0,39.0,0,Bill Leavy,HF,win,2.0,under
2003_09_SD_CHI,2003,REG,9,2003-11-02,SD,CHI,7.0,20.0,1.0,39.0,27.0,0,Ron Winter,HF,win,12.0,under
2003_09_STL_SF,2003,REG,9,2003-11-02,STL,SF,10.0,30.0,-5.0,44.0,40.0,1,Tony Corrente,AF,loss,-25.0,under
2003_09_WAS_DAL,2003,REG,9,2003-11-02,WAS,DAL,14.0,21.0,6.0,38.5,35.0,1,Larry Nemmers,HF,win,1.0,under
2003_10_ARI_PIT,2003,REG,10,2003-11-09,ARI,PIT,15.0,28.0,7.0,40.5,43.0,0,Jeff Triplette,HF,win,6.0,over
2003_10_ATL_NYG,2003,REG,10,2003-11-09,ATL,NYG,27.0,7.0,11.5,41.0,34.0,0,Walt Anderson,HF,loss,-31.5,under
2003_10_BAL_STL,2003,REG,10,2003-11-09,BAL,STL,22.0,33.0,6.5,43.0,55.0,0,Larry Nemmers,HF,win,4.5,over
2003_10_BUF_DAL,2003,REG,10,2003-11-09,BUF,DAL,6.0,10.0,4.0,37.0,16.0,0,Bill Leavy,HF,push,0.0,under
2003_10_CLE_KC,2003,REG,10,2003-11-09,CLE,KC,20.0,41.0,9.0,43.5,61.0,0,Peter Morelli,HF,win,12.0,over
2003_10_HOU_CIN,2003,REG,10,2003-11-09,HOU,CIN,27.0,34.0,4.0,40.0,61.0,0,Terry McAulay,HF,win,3.0,over
2003_10_IND_JAX,2003,REG,10,2003-11-09,IND,JAX,23.0,28.0,-6.0,44.0,51.0,1,Ron Winter,AF,loss,-11.0,over
2003_10_MIA_TEN,2003,REG,10,2003-11-09,MIA,TEN,7.0,31.0,5.5,39.5,38.0,0,Mike Carey,HF,win,18.5,under
2003_10_MIN_SD,2003,REG,10,2003-11-09,MIN,SD,28.0,42.0,-5.5,45.0,70.0,0,Ed Hochuli,AF,loss,-19.5,over
2003_10_NYJ_OAK,2003,REG,10,2003-11-09,NYJ,OAK,27.0,24.0,-3.0,38.0,51.0,0,Tony Corrente,AF,push,0.0,over
2003_10_PHI_GB,2003,REG,10,2003-11-10,PHI,GB,17.0,14.0,4.5,43.0,31.0,0,Bill Carollo,HF,loss,-7.5,under
2003_10_SEA_WAS,2003,REG,10,2003-11-09,SEA,WAS,20.0,27.0,-3.0,41.0,47.0,0,Walt Coleman,AF,loss,-10.0,over
2003_10_TB_CAR,2003,REG,10,2003-11-09,TB,CAR,24.0,27.0,-3.5,34.5,51.0,1,Tom White,AF,loss,-6.5,over
2003_11_ARI_CLE,2003,REG,11,2003-11-16,ARI,CLE,6.0,44.0,5.0,37.5,50.0,0,Ron Winter,HF,win,33.0,over
2003_11_ATL_NO,2003,REG,11,2003-11-16,ATL,NO,20.0,23.0,9.0,44.0,43.0,1,Tony Corrente,HF,loss,-6.0,under
2003_11_BAL_MIA,2003,REG,11,2003-11-16,BAL,MIA,6.0,9.0,5.0,33.0,15.0,0,Terry McAulay,HF,loss,-2.0,under
2003_11_DAL_NE,2003,REG,11,2003-11-16,DAL,NE,0.0,12.0,4.0,35.0,12.0,0,Tom White,HF,win,8.0,under
2003_11_DET_SEA,2003,REG,11,2003-11-16,DET,SEA,14.0,35.0,11.0,39.5,49.0,0,Mike Carey,HF,win,10.0,over
2003_11_GB_TB,2003,REG,11,2003-11-16,GB,TB,20.0,13.0,3.5,41.0,33.0,0,Walt Coleman,HF,loss,-10.5,under
2003_11_HOU_BUF,2003,REG,11,2003-11-16,HOU,BUF,12.0,10.0,7.0,37.5,22.0,0,Johnny Grier,HF,loss,-9.0,under
2003_11_JAX_TEN,2003,REG,11,2003-11-16,JAX,TEN,3.0,10.0,9.0,44.5,13.0,1,Ron Blum,HF,loss,-2.0,under
2003_11_KC_CIN,2003,REG,11,2003-11-16,KC,CIN,19.0,24.0,-6.0,48.0,43.0,0,Jeff Triplette,AF,loss,-11.0,under
2003_11_MIN_OAK,2003,REG,11,2003-11-16,MIN,OAK,18.0,28.0,-4.5,46.0,46.0,0,Bill Leavy,AF,loss,-14.5,push
2003_11_NYG_PHI,2003,REG,11,2003-11-16,NYG,PHI,10.0,28.0,3.0,38.0,38.0,1,Bernie Kukar,HF,win,15.0,push
2003_11_NYJ_IND,2003,REG,11,2003-11-16,NYJ,IND,31.0,38.0,6.0,43.5,69.0,0,Peter Morelli,HF,win,1.0,over
2003_11_PIT_SF,2003,REG,11,2003-11-17,PIT,SF,14.0,30.0,4.0,41.5,44.0,0,Ed Hochuli,HF,win,12.0,over
2003_11_SD_DEN,2003,REG,11,2003-11-16,SD,DEN,8.0,37.0,8.5,44.0,45.0,1,Larry Nemmers,HF,win,20.5,over
2003_11_STL_CHI,2003,REG,11,2003-11-16,STL,CHI,23.0,21.0,-6.0,41.0,44.0,0,Bill Carollo,AF,loss,-4.0,over
2003_11_WAS_CAR,2003,REG,11,2003-11-16,WAS,CAR,17.0,20.0,6.0,37.0,37.0,0,Gerald Austin,HF,loss,-3.0,push
2003_12_CAR_DAL,2003,REG,12,2003-11-23,CAR,DAL,20.0,24.0,3.0,33.0,44.0,0,Ed Hochuli,HF,win,1.0,over
2003_12_CHI_DEN,2003,REG,12,2003-11-23,CHI,DEN,19.0,10.0,10.5,38.5,29.0,0,Bill Leavy,HF,loss,-19.5,under
2003_12_CIN_SD,2003,REG,12,2003-11-23,CIN,SD,34.0,27.0,-3.0,43.0,61.0,0,Tony Corrente,AF,win,4.0,over
2003_12_DET_MIN,2003,REG,12,2003-11-23,DET,MIN,14.0,24.0,10.5,47.5,38.0,1,Peter Morelli,HF,loss,-0.5,under
2003_12_IND_BUF,2003,REG,12,2003-11-23,IND,BUF,17.0,14.0,-3.0,38.5,31.0,0,Bernie Kukar,AF,push,0.0,under
2003_12_JAX_NYJ,2003,REG,12,2003-11-23,JAX,NYJ,10.0,13.0,4.0,43.0,23.0,0,Bill Carollo,HF,loss,-1.0,under
2003_12_NE_HOU,2003,REG,12,2003-11-23,NE,HOU,23.0,20.0,-5.0,37.0,43.0,0,Mike Carey,AF,loss,-2.0,over
2003_12_NO_PHI,2003,REG,12,2003-11-23,NO,PHI,20.0,33.0,5.5,39.5,53.0,0,Walt Anderson,HF,win,7.5,over
2003_12_NYG_TB,2003,REG,12,2003-11-24,NYG,TB,13.0,19.0,6.0,38.0,32.0,0,Terry McAulay,HF,push,0.0,under
2003_12_OAK_KC,2003,REG,12,2003-11-23,OAK,KC,24.0,27.0,11.0,44.5,51.0,1,Larry Nemmers,HF,loss,-8.0,over
2003_12_PIT_CLE,2003,REG,12,2003-11-23,PIT,CLE,13.0,6.0,3.0,40.5,19.0,1,Walt Coleman,HF,loss,-10.0,under
2003_12_SEA_BAL,2003,REG,12,2003-11-23,SEA,BAL,41.0,44.0,3.0,36.0,85.0,0,Tom White,HF,push,0.0,over
2003_12_SF_GB,2003,REG,12,2003-11-23,SF,GB,10.0,20.0,3.5,40.0,30.0,0,Jeff Triplette,HF,win,6.5,under
2003_12_STL_ARI,2003,REG,12,2003-11-23,STL,ARI,30.0,27.0,-7.0,44.0,57.0,1,Ron Blum,AF,loss,-4.0,over
2003_12_TEN_ATL,2003,REG,12,2003-11-23,TEN,ATL,38.0,31.0,-6.5,44.0,69.0,0,Gerry Austin,AF,win,0.5,over
2003_12_WAS_MIA,2003,REG,12,2003-11-23,WAS,MIA,23.0,24.0,7.0,35.0,47.0,0,Johnny Grier,HF,loss,-6.0,over
2003_13_ARI_CHI,2003,REG,13,2003-11-30,ARI,CHI,3.0,28.0,4.5,36.0,31.0,0,Johnny Grier,HF,win,20.5,under
2003_13_ATL_HOU,2003,REG,13,2003-11-30,ATL,HOU,13.0,17.0,3.0,42.5,30.0,0,Larry Nemmers,HF,win,1.0,under
2003_13_BUF_NYG,2003,REG,13,2003-11-30,BUF,NYG,24.0,7.0,3.0,35.5,31.0,0,Bill Carollo,HF,loss,-20.0,under
2003_13_CIN_PIT,2003,REG,13,2003-11-30,CIN,PIT,24.0,20.0,3.0,42.0,44.0,1,Bernie Kukar,HF,loss,-7.0,over
2003_13_CLE_SEA,2003,REG,13,2003-11-30,CLE,SEA,7.0,34.0,6.5,42.0,41.0,0,Ed Hochuli,HF,win,20.5,under
2003_13_DEN_OAK,2003,REG,13,2003-11-30,DEN,OAK,22.0,8.0,-3.0,42.0,30.0,1,Ron Blum,AF,win,11.0,under
2003_13_GB_DET,2003,REG,13,2003-11-27,GB,DET,14.0,22.0,-6.5,44.0,36.0,1,Ron Winter,AF,loss,-14.5,under
2003_13_KC_SD,2003,REG,13,2003-11-30,KC,SD,28.0,24.0,-7.5,48.5,52.0,1,Mike Carey,AF,loss,-3.5,over
2003_13_MIA_DAL,2003,REG,13,2003-11-27,MIA,DAL,40.0,21.0,3.0,34.5,61.0,0,Peter Morelli,HF,loss,-22.0,over
2003_13_MIN_STL,2003,REG,13,2003-11-30,MIN,STL,17.0,48.0,6.0,51.0,65.0,0,Terry McAulay,HF,win,25.0,over
2003_13_NE_IND,2003,REG,13,2003-11-30,NE,IND,38.0,34.0,3.5,43.5,72.0,0,Bill Leavy,HF,loss,-7.5,over
2003_13_NO_WAS,2003,REG,13,2003-11-30,NO,WAS,24.0,20.0,-1.0,42.5,44.0,0,Jeff Triplette,AF,win,3.0,over
2003_13_PHI_CAR,2003,REG,13,2003-11-30,PHI,CAR,25.0,16.0,1.5,37.0,41.0,0,Walt Coleman,HF,loss,-10.5,over
2003_13_SF_BAL,2003,REG,13,2003-11-30,SF,BAL,6.0,44.0,3.0,37.0,50.0,0,Gerald Austin,HF,win,35.0,over
2003_13_TB_JAX,2003,REG,13,2003-11-30,TB,JAX,10.0,17.0,-3.0,37.0,27.0,0,Tony Corrente,AF,loss,-10.0,under
2003_13_TEN_NYJ,2003,REG,13,2003-12-01,TEN,NYJ,17.0,24.0,-3.0,42.0,41.0,0,Walt Anderson,AF,loss,-10.0,under
2003_14_ARI_SF,2003,REG,14,2003-12-07,ARI,SF,14.0,50.0,10.5,40.5,64.0,1,Peter Morelli,HF,win,25.5,over
2003_14_CAR_ATL,2003,REG,14,2003-12-07,CAR,ATL,14.0,20.0,-1.0,41.0,34.0,1,Bill Carollo,AF,loss,-7.0,under
2003_14_CHI_GB,2003,REG,14,2003-12-07,CHI,GB,21.0,34.0,7.5,39.0,55.0,1,Ed Hochuli,HF,win,5.5,over
2003_14_CIN_BAL,2003,REG,14,2003-12-07,CIN,BAL,13.0,31.0,5.0,38.5,44.0,1,Ron Winter,HF,win,13.0,over
2003_14_DAL_PHI,2003,REG,14,2003-12-07,DAL,PHI,10.0,36.0,5.5,35.5,46.0,1,Gerry Austin,HF,win,20.5,over
2003_14_HOU_JAX,2003,REG,14,2003-12-07,HOU,JAX,0.0,27.0,9.5,37.5,27.0,1,Jeff Triplette,HF,win,17.5,under
2003_14_IND_TEN,2003,REG,14,2003-12-07,IND,TEN,29.0,27.0,3.5,46.5,56.0,1,Terry McAulay,HF,loss,-5.5,over
2003_14_KC_DEN,2003,REG,14,2003-12-07,KC,DEN,27.0,45.0,3.0,46.5,72.0,1,Tony Corrente,HF,win,15.0,over
2003_14_MIA_NE,2003,REG,14,2003-12-07,MIA,NE,0.0,12.0,3.0,33.5,12.0,1,Bernie Kukar,HF,win,9.0,under
2003_14_NYJ_BUF,2003,REG,14,2003-12-07,NYJ,BUF,6.0,17.0,3.0,37.0,23.0,1,Ron Blum,HF,win,8.0,under
2003_14_OAK_PIT,2003,REG,14,2003-12-07,OAK,PIT,7.0,27.0,5.5,40.5,34.0,0,Johnny Grier,HF,win,14.5,under
2003_14_SD_DET,2003,REG,14,2003-12-07,SD,DET,14.0,7.0,3.0,43.5,21.0,0,Walt Anderson,HF,loss,-10.0,under
2003_14_SEA_MIN,2003,REG,14,2003-12-07,SEA,MIN,7.0,34.0,-1.0,52.5,41.0,0,Larry Nemmers,AF,loss,-28.0,under
2003_14_STL_CLE,2003,REG,14,2003-12-08,STL,CLE,26.0,20.0,-5.5,43.5,46.0,0,Tom White,AF,win,0.5,over
2003_14_TB_NO,2003,REG,14,2003-12-07,TB,NO,14.0,7.0,3.0,40.5,21.0,1,Bill Leavy,HF,loss,-10.0,under
2003_14_WAS_NYG,2003,REG,14,2003-12-07,WAS,NYG,20.0,7.0,3.0,36.0,27.0,1,Walt Coleman,HF,loss,-16.0,under
2003_15_ATL_IND,2003,REG,15,2003-12-14,ATL,IND,7.0,38.0,7.5,48.0,45.0,0,Johnny Grier,HF,win,23.5,under
2003_15_BAL_OAK,2003,REG,15,2003-12-14,BAL,OAK,12.0,20.0,-7.0,38.0,32.0,0,Ed Hochuli,AF,loss,-15.0,under
2003_15_BUF_TEN,2003,REG,15,2003-12-14,BUF,TEN,26.0,28.0,5.0,37.0,54.0,0,Tom White,HF,loss,-3.0,over
2003_15_CAR_ARI,2003,REG,15,2003-12-14,CAR,ARI,20.0,17.0,-7.0,38.5,37.0,0,Larry Nemmers,AF,loss,-4.0,under
2003_15_CLE_DEN,2003,REG,15,2003-12-14,CLE,DEN,20.0,23.0,11.5,42.0,43.0,0,Mike Carey,HF,loss,-8.5,over
2003_15_DAL_WAS,2003,REG,15,2003-12-14,DAL,WAS,27.0,0.0,-3.0,34.0,27.0,1,Bernie Kukar,AF,win,24.0,under
2003_15_DET_KC,2003,REG,15,2003-12-14,DET,KC,17.0,45.0,14.5,45.0,62.0,0,Bill Leavy,HF,win,13.5,over
2003_15_GB_SD,2003,REG,15,2003-12-14,GB,SD,38.0,21.0,-5.0,45.5,59.0,0,Ron Blum,AF,win,12.0,over
2003_15_HOU_TB,2003,REG,15,2003-12-14,HOU,TB,3.0,16.0,11.5,36.0,19.0,0,Gerald Austin,HF,win,1.5,under
2003_15_JAX_NE,2003,REG,15,2003-12-14,JAX,NE,13.0,27.0,6.0,33.0,40.0,0,Walt Anderson,HF,win,8.0,over
2003_15_MIN_CHI,2003,REG,15,2003-12-14,MIN,CHI,10.0,13.0,-3.0,39.5,23.0,1,Jeff Triplette,AF,loss,-6.0,under
2003_15_NYG_NO,2003,REG,15,2003-12-14,NYG,NO,7.0,45.0,7.5,40.5,52.0,0,Peter Morelli,HF,win,30.5,over
2003_15_PHI_MIA,2003,REG,15,2003-12-15,PHI,MIA,34.0,27.0,3.0,37.0,61.0,0,Ron Winter,HF,loss,-10.0,over
2003_15_PIT_NYJ,2003,REG,15,2003-12-14,PIT,NYJ,0.0,6.0,3.0,36.0,6.0,0,Terry McAulay,HF,win,3.0,under
2003_15_SEA_STL,2003,REG,15,2003-12-14,SEA,STL,22.0,27.0,7.0,52.0,49.0,1,Walt Coleman,HF,loss,-2.0,under
2003_15_SF_CIN,2003,REG,15,2003-12-14,SF,CIN,38.0,41.0,3.0,42.0,79.0,0,Bill Carollo,HF,push,0.0,over
2003_16_ARI_SEA,2003,REG,16,2003-12-21,ARI,SEA,10.0,28.0,15.5,44.5,38.0,1,Bill Leavy,HF,win,2.5,under
2003_16_ATL_TB,2003,REG,16,2003-12-20,ATL,TB,30.0,28.0,6.5,38.5,58.0,1,Ron Winter,HF,loss,-8.5,over
2003_16_BAL_CLE,2003,REG,16,2003-12-21,BAL,CLE,35.0,0.0,-3.0,35.5,35.0,1,Johnny Grier,AF,win,32.0,under
2003_16_CIN_STL,2003,REG,16,2003-12-21,CIN,STL,10.0,27.0,7.0,54.0,37.0,0,Ed Hochuli,HF,win,10.0,under
2003_16_DEN_IND,2003,REG,16,2003-12-21,DEN,IND,31.0,17.0,6.5,48.5,48.0,0,Jeff Triplette,HF,loss,-20.5,under
2003_16_DET_CAR,2003,REG,16,2003-12-21,DET,CAR,14.0,20.0,7.5,37.0,34.0,0,Terry McAulay,HF,loss,-1.5,under
2003_16_GB_OAK,2003,REG,16,2003-12-22,GB,OAK,41.0,7.0,-5.5,44.0,48.0,0,Tony Corrente,AF,win,28.5,over
2003_16_KC_MIN,2003,REG,16,2003-12-20,KC,MIN,20.0,45.0,-3.0,54.0,65.0,0,Ron Blum,AF,loss,-28.0,over
2003_16_MIA_BUF,2003,REG,16,2003-12-21,MIA,BUF,20.0,3.0,3.0,33.0,23.0,1,Walt Anderson,HF,loss,-20.0,under
2003_16_NE_NYJ,2003,REG,16,2003-12-20,NE,NYJ,21.0,16.0,-3.0,35.0,37.0,1,Walt Coleman,AF,win,2.0,over
2003_16_NO_JAX,2003,REG,16,2003-12-21,NO,JAX,19.0,20.0,3.0,42.0,39.0,0,Gerry Austin,HF,loss,-2.0,under
2003_16_NYG_DAL,2003,REG,16,2003-12-21,NYG,DAL,3.0,19.0,12.5,35.5,22.0,1,Mike Carey,HF,win,3.5,under
2003_16_SD_PIT,2003,REG,16,2003-12-21,SD,PIT,24.0,40.0,6.5,42.0,64.0,0,Bill Carollo,HF,win,9.5,over
2003_16_SF_PHI,2003,REG,16,2003-12-21,SF,PHI,31.0,28.0,7.0,44.0,59.0,0,Tom White,HF,loss,-10.0,over
2003_16_TEN_HOU,2003,REG,16,2003-12-21,TEN,HOU,27.0,24.0,-5.5,39.0,51.0,1,Peter Morelli,AF,loss,-2.5,over
2003_16_WAS_CHI,2003,REG,16,2003-12-21,WAS,CHI,24.0,27.0,4.0,35.0,51.0,0,Larry Nemmers,HF,loss,-1.0,over
2003_17_BUF_NE,2003,REG,17,2003-12-27,BUF,NE,0.0,31.0,9.5,34.5,31.0,1,Ron Winter,HF,win,21.5,under
2003_17_CAR_NYG,2003,REG,17,2003-12-28,CAR,NYG,37.0,24.0,-4.5,34.5,61.0,0,Bernie Kukar,AF,win,8.5,over
2003_17_CHI_KC,2003,REG,17,2003-12-28,CHI,KC,3.0,31.0,7.5,43.5,34.0,0,Peter Morelli,HF,win,20.5,under
2003_17_CLE_CIN,2003,REG,17,2003-12-28,CLE,CIN,22.0,14.0,8.5,42.0,36.0,1,Jeff Triplette,HF,loss,-16.5,under
2003_17_DAL_NO,2003,REG,17,2003-12-28,DAL,NO,7.0,13.0,-1.0,38.0,20.0,0,Larry Nemmers,AF,loss,-7.0,under
2003_17_DEN_GB,2003,REG,17,2003-12-28,DEN,GB,3.0,31.0,10.0,41.5,34.0,0,Bill Carollo,HF,win,18.0,under
2003_17_IND_HOU,2003,REG,17,2003-12-28,IND,HOU,20.0,17.0,-9.0,46.5,37.0,1,Ed Hochuli,AF,loss,-6.0,under
2003_17_JAX_ATL,2003,REG,17,2003-12-28,JAX,ATL,14.0,21.0,2.5,44.0,35.0,0,Tom White,HF,win,4.5,under
2003_17_MIN_ARI,2003,REG,17,2003-12-28,MIN,ARI,17.0,18.0,-7.5,45.5,35.0,0,Tony Corrente,AF,loss,-8.5,under
2003_17_NYJ_MIA,2003,REG,17,2003-12-28,NYJ,MIA,21.0,23.0,3.5,37.5,44.0,1,Gerry Austin,HF,loss,-1.5,over
2003_17_OAK_SD,2003,REG,17,2003-12-28,OAK,SD,14.0,21.0,6.0,46.0,35.0,1,Bill Leavy,HF,win,1.0,under
2003_17_PHI_WAS,2003,REG,17,2003-12-27,PHI,WAS,31.0,7.0,-9.0,42.0,38.0,1,Terry McAulay,AF,win,15.0,under
2003_17_PIT_BAL,2003,REG,17,2003-12-28,PIT,BAL,10.0,13.0,6.0,37.5,23.0,1,Walt Anderson,HF,loss,-3.0,under
2003_17_SEA_SF,2003,REG,17,2003-12-27,SEA,SF,24.0,17.0,2.5,46.5,41.0,1,Mike Carey,HF,loss,-9.5,under
2003_17_STL_DET,2003,REG,17,2003-12-28,STL,DET,20.0,30.0,-12.0,45.0,50.0,0,Johnny Grier,AF,loss,-22.0,over
2003_17_TB_TEN,2003,REG,17,2003-12-28,TB,TEN,13.0,33.0,4.0,39.0,46.0,0,Walt Coleman,HF,win,16.0,over
2003_18_DAL_CAR,2003,WC,18,2004-01-03,DAL,CAR,10.0,29.0,3.0,34.0,39.0,0,Walt Coleman,HF,win,16.0,over
2003_18_DEN_IND,2003,WC,18,2004-01-04,DEN,IND,10.0,41.0,3.0,49.0,51.0,0,Johnny Grier,HF,win,28.0,over
2003_18_SEA_GB,2003,WC,18,2004-01-04,SEA,GB,27.0,33.0,7.5,43.5,60.0,0,Bernie Kukar,HF,loss,-1.5,over
2003_18_TEN_BAL,2003,WC,18,2004-01-03,TEN,BAL,20.0,17.0,-1.0,38.0,37.0,0,Jeff Triplette,AF,win,2.0,under
2003_19_CAR_STL,2003,DIV,19,2004-01-10,CAR,STL,29.0,23.0,7.0,46.0,52.0,0,Mike Carey,HF,loss,-13.0,over
2003_19_GB_PHI,2003,DIV,19,2004-01-11,GB,PHI,17.0,20.0,4.0,43.0,37.0,0,Ed Hochuli,HF,loss,-1.0,under
2003_19_IND_KC,2003,DIV,19,2004-01-11,IND,KC,38.0,31.0,3.0,53.0,69.0,0,Gerald Austin,HF,loss,-10.0,over
2003_19_TEN_NE,2003,DIV,19,2004-01-10,TEN,NE,14.0,17.0,6.0,34.0,31.0,0,Bill Carollo,HF,loss,-3.0,under
2003_20_CAR_PHI,2003,CON,20,2004-01-18,CAR,PHI,14.0,3.0,4.0,36.5,17.0,0,Bernie Kukar,HF,loss,-15.0,under
2003_20_IND_NE,2003,CON,20,2004-01-18,IND,NE,14.0,24.0,3.5,42.0,38.0,0,Walt Coleman,HF,win,6.5,under
2003_21_CAR_NE,2003,SB,21,2004-02-01,CAR,NE,29.0,32.0,7.0,38.0,61.0,0,Ed Hochuli,HF,loss,-4.0,over
2004_01_ARI_STL,2004,REG,1,2004-09-12,ARI,STL,10.0,17.0,11.0,46.0,27.0,1,Bill Carollo,HF,loss,-4.0,under
2004_01_ATL_SF,2004,REG,1,2004-09-12,ATL,SF,21.0,19.0,-3.0,44.5,40.0,0,Tony Corrente,AF,loss,-1.0,under
2004_01_BAL_CLE,2004,REG,1,2004-09-12,BAL,CLE,3.0,20.0,-3.5,37.0,23.0,1,Bill Vinovich,AF,loss,-20.5,under
2004_01_CIN_NYJ,2004,REG,1,2004-09-12,CIN,NYJ,24.0,31.0,5.5,42.0,55.0,0,Jeff Triplette,HF,win,1.5,over
2004_01_DAL_MIN,2004,REG,1,2004-09-12,DAL,MIN,17.0,35.0,6.5,44.0,52.0,0,Peter Morelli,HF,win,11.5,over
2004_01_DET_CHI,2004,REG,1,2004-09-12,DET,CHI,20.0,16.0,1.5,38.5,36.0,1,Larry Nemmers,HF,loss,-5.5,under
2004_01_GB_CAR,2004,REG,1,2004-09-13,GB,CAR,24.0,14.0,3.0,43.5,38.0,0,Walt Coleman,HF,loss,-13.0,under
2004_01_IND_NE,2004,REG,1,2004-09-09,IND,NE,24.0,27.0,3.0,44.5,51.0,0,Mike Carey,HF,push,0.0,over
2004_01_JAX_BUF,2004,REG,1,2004-09-12,JAX,BUF,13.0,10.0,3.0,35.0,23.0,0,Ron Winter,HF,loss,-6.0,under
2004_01_KC_DEN,2004,REG,1,2004-09-12,KC,DEN,24.0,34.0,3.0,48.5,58.0,1,Bernie Kukar,HF,win,7.0,over
2004_01_NYG_PHI,2004,REG,1,2004-09-12,NYG,PHI,17.0,31.0,9.5,41.5,48.0,1,Johnny Grier,HF,win,4.5,over
2004_01_OAK_PIT,2004,REG,1,2004-09-12,OAK,PIT,21.0,24.0,3.5,41.5,45.0,0,Walt Anderson,HF,loss,-0.5,over
2004_01_SD_HOU,2004,REG,1,2004-09-12,SD,HOU,27.0,20.0,4.5,44.0,47.0,0,Bill Leavy,HF,loss,-11.5,over
2004_01_SEA_NO,2004,REG,1,2004-09-12,SEA,NO,21.0,7.0,-2.5,45.0,28.0,0,Ed Hochuli,AF,win,11.5,under
2004_01_TB_WAS,2004,REG,1,2004-09-12,TB,WAS,10.0,16.0,2.5,38.5,26.0,0,Terry McAulay,HF,win,3.5,under
2004_01_TEN_MIA,2004,REG,1,2004-09-11,TEN,MIA,17.0,7.0,-3.0,38.0,24.0,0,Tom White,AF,win,7.0,under
2004_02_BUF_OAK,2004,REG,2,2004-09-19,BUF,OAK,10.0,13.0,3.5,37.5,23.0,0,Mike Carey,HF,loss,-0.5,under
2004_02_CAR_KC,2004,REG,2,2004-09-19,CAR,KC,28.0,17.0,7.0,46.0,45.0,0,Bill Vinovich,HF,loss,-18.0,under
2004_02_CHI_GB,2004,REG,2,2004-09-19,CHI,GB,21.0,10.0,9.0,41.0,31.0,1,Bernie Kukar,HF,loss,-20.0,under
2004_02_CLE_DAL,2004,REG,2,2004-09-19,CLE,DAL,12.0,19.0,4.5,38.0,31.0,0,Ed Hochuli,HF,win,2.5,under
2004_02_DEN_JAX,2004,REG,2,2004-09-19,DEN,JAX,6.0,7.0,-3.0,38.0,13.0,0,Gerry Austin,AF,loss,-4.0,under
2004_02_HOU_DET,2004,REG,2,2004-09-19,HOU,DET,16.0,28.0,3.0,43.5,44.0,0,Jeff Triplette,HF,win,9.0,over
2004_02_IND_TEN,2004,REG,2,2004-09-19,IND,TEN,31.0,17.0,-1.5,47.0,48.0,1,Ron Winter,AF,win,12.5,over
2004_02_MIA_CIN,2004,REG,2,2004-09-19,MIA,CIN,13.0,16.0,5.5,40.0,29.0,0,Walt Anderson,HF,loss,-2.5,under
2004_02_MIN_PHI,2004,REG,2,2004-09-20,MIN,PHI,16.0,27.0,3.0,51.0,43.0,0,Bill Carollo,HF,win,8.0,under
2004_02_NE_ARI,2004,REG,2,2004-09-19,NE,ARI,23.0,12.0,-8.0,41.5,35.0,0,Tony Corrente,AF,win,3.0,under
2004_02_NYJ_SD,2004,REG,2,2004-09-19,NYJ,SD,34.0,28.0,-3.0,47.0,62.0,0,Peter Morelli,AF,win,3.0,over
2004_02_PIT_BAL,2004,REG,2,2004-09-19,PIT,BAL,13.0,30.0,4.0,35.5,43.0,1,Walt Coleman,HF,win,13.0,over
2004_02_SEA_TB,2004,REG,2,2004-09-19,SEA,TB,10.0,6.0,-3.0,37.0,16.0,0,Johnny Grier,AF,win,1.0,under
2004_02_SF_NO,2004,REG,2,2004-09-19,SF,NO,27.0,30.0,7.5,42.0,57.0,0,Larry Nemmers,HF,loss,-4.5,over
2004_02_STL_ATL,2004,REG,2,2004-09-19,STL,ATL,17.0,34.0,2.0,46.0,51.0,0,Terry McAulay,HF,win,15.0,over
2004_02_WAS_NYG,2004,REG,2,2004-09-19,WAS,NYG,14.0,20.0,-3.0,40.0,34.0,1,Tom White,AF,loss,-9.0,under
2004_03_ARI_ATL,2004,REG,3,2004-09-26,ARI,ATL,3.0,6.0,11.0,44.0,9.0,0,Walt Coleman,HF,loss,-8.0,under
2004_03_BAL_CIN,2004,REG,3,2004-09-26,BAL,CIN,23.0,9.0,-1.5,35.0,32.0,1,Tom White,AF,win,12.5,under
2004_03_CHI_MIN,2004,REG,3,2004-09-26,CHI,MIN,22.0,27.0,12.0,45.0,49.0,1,Mike Carey,HF,loss,-7.0,over
2004_03_CLE_NYG,2004,REG,3,2004-09-26,CLE,NYG,10.0,27.0,3.0,38.0,37.0,0,Bernie Kukar,HF,win,14.0,under
2004_03_DAL_WAS,2004,REG,3,2004-09-27,DAL,WAS,21.0,18.0,1.5,35.5,39.0,1,Gerry Austin,HF,loss,-4.5,over
2004_03_GB_IND,2004,REG,3,2004-09-26,GB,IND,31.0,45.0,6.0,50.0,76.0,0,Ed Hochuli,HF,win,8.0,over
2004_03_HOU_KC,2004,REG,3,2004-09-26,HOU,KC,24.0,21.0,7.5,48.0,45.0,0,Peter Morelli,HF,loss,-10.5,under
2004_03_JAX_TEN,2004,REG,3,2004-09-26,JAX,TEN,15.0,12.0,6.0,34.5,27.0,1,Larry Nemmers,HF,loss,-9.0,under
2004_03_NO_STL,2004,REG,3,2004-09-26,NO,STL,28.0,25.0,6.0,49.0,53.0,0,Bill Vinovich,HF,loss,-9.0,over
2004_03_PHI_DET,2004,REG,3,2004-09-26,PHI,DET,30.0,13.0,-4.5,44.0,43.0,0,Terry McAulay,AF,win,12.5,under
2004_03_PIT_MIA,2004,REG,3,2004-09-26,PIT,MIA,13.0,3.0,2.5,31.0,16.0,0,Bill Leavy,HF,loss,-12.5,under
2004_03_SD_DEN,2004,REG,3,2004-09-26,SD,DEN,13.0,23.0,9.5,46.0,36.0,1,Johnny Grier,HF,win,0.5,under
2004_03_SF_SEA,2004,REG,3,2004-09-26,SF,SEA,0.0,34.0,10.0,41.5,34.0,1,Bill Carollo,HF,win,24.0,under
2004_03_TB_OAK,2004,REG,3,2004-09-26,TB,OAK,20.0,30.0,3.0,35.5,50.0,0,Tony Corrente,HF,win,7.0,over
2004_04_ATL_CAR,2004,REG,4,2004-10-03,ATL,CAR,27.0,10.0,3.5,39.0,37.0,1,Bernie Kukar,HF,loss,-20.5,under
2004_04_CIN_PIT,2004,REG,4,2004-10-03,CIN,PIT,17.0,28.0,4.0,39.5,45.0,1,Terry McAulay,HF,win,7.0,over
2004_04_DEN_TB,2004,REG,4,2004-10-03,DEN,TB,16.0,13.0,-3.0,35.0,29.0,0,Walt Coleman,AF,push,0.0,under
2004_04_IND_JAX,2004,REG,4,2004-10-03,IND,JAX,24.0,17.0,-4.0,42.0,41.0,1,Walt Anderson,AF,win,3.0,under
2004_04_KC_BAL,2004,REG,4,2004-10-04,KC,BAL,27.0,24.0,6.0,41.5,51.0,0,Jeff Triplette,HF,loss,-9.0,over
2004_04_NE_BUF,2004,REG,4,2004-10-03,NE,BUF,31.0,17.0,-5.5,35.0,48.0,1,Johnny Grier,AF,win,8.5,over
2004_04_NO_ARI,2004,REG,4,2004-10-03,NO,ARI,10.0,34.0,-3.5,40.0,44.0,0,Tom White,AF,loss,-27.5,over
2004_04_NYG_GB,2004,REG,4,2004-10-03,NYG,GB,14.0,7.0,7.0,44.0,21.0,0,Peter Morelli,HF,loss,-14.0,under
2004_04_NYJ_MIA,2004,REG,4,2004-10-03,NYJ,MIA,17.0,9.0,-5.5,36.0,26.0,1,Gerry Austin,AF,win,2.5,under
2004_04_OAK_HOU,2004,REG,4,2004-10-03,OAK,HOU,17.0,30.0,-2.0,42.0,47.0,0,Bill Vinovich,AF,loss,-15.0,over
2004_04_PHI_CHI,2004,REG,4,2004-10-03,PHI,CHI,19.0,9.0,-8.5,40.5,28.0,0,Ed Hochuli,AF,win,1.5,under
2004_04_STL_SF,2004,REG,4,2004-10-03,STL,SF,24.0,14.0,-4.0,44.0,38.0,1,Bill Leavy,AF,win,6.0,under
2004_04_TEN_SD,2004,REG,4,2004-10-03,TEN,SD,17.0,38.0,-3.0,41.0,55.0,0,Mike Carey,AF,loss,-24.0,over
2004_04_WAS_CLE,2004,REG,4,2004-10-03,WAS,CLE,13.0,17.0,-2.5,36.0,30.0,0,Ron Winter,AF,loss,-6.5,under
2004_05_ARI_SF,2004,REG,5,2004-10-10,ARI,SF,28.0,31.0,1.0,36.5,59.0,1,Walt Anderson,HF,win,2.0,over
2004_05_BUF_NYJ,2004,REG,5,2004-10-10,BUF,NYJ,14.0,16.0,6.5,37.0,30.0,1,Bill Carollo,HF,loss,-4.5,under
2004_05_CAR_DEN,2004,REG,5,2004-10-10,CAR,DEN,17.0,20.0,4.0,38.0,37.0,0,Larry Nemmers,HF,loss,-1.0,under
2004_05_CLE_PIT,2004,REG,5,2004-10-10,CLE,PIT,23.0,34.0,4.5,36.0,57.0,1,Gerry Austin,HF,win,6.5,over
2004_05_DET_ATL,2004,REG,5,2004-10-10,DET,ATL,17.0,10.0,6.5,41.0,27.0,0,Ron Winter,HF,loss,-13.5,under
2004_05_JAX_SD,2004,REG,5,2004-10-10,JAX,SD,21.0,34.0,-2.5,37.0,55.0,0,Tony Corrente,AF,loss,-15.5,over
2004_05_MIA_NE,2004,REG,5,2004-10-10,MIA,NE,10.0,24.0,11.0,34.0,34.0,1,Bernie Kukar,HF,win,3.0,push
2004_05_MIN_HOU,2004,REG,5,2004-10-10,MIN,HOU,34.0,28.0,-3.5,50.0,62.0,0,Ed Hochuli,AF,win,2.5,over
2004_05_NYG_DAL,2004,REG,5,2004-10-10,NYG,DAL,26.0,10.0,3.5,38.5,36.0,1,Bill Leavy,HF,loss,-19.5,under
2004_05_OAK_IND,2004,REG,5,2004-10-10,OAK,IND,14.0,35.0,8.5,52.0,49.0,0,Jeff Triplette,HF,win,12.5,under
2004_05_STL_SEA,2004,REG,5,2004-10-10,STL,SEA,33.0,27.0,8.0,44.0,60.0,1,Peter Morelli,HF,loss,-14.0,over
2004_05_TB_NO,2004,REG,5,2004-10-10,TB,NO,20.0,17.0,3.0,38.5,37.0,1,Mike Carey,HF,loss,-6.0,under
2004_05_TEN_GB,2004,REG,5,2004-10-11,TEN,GB,48.0,27.0,3.0,44.0,75.0,0,Bill Vinovich,HF,loss,-24.0,over
2004_06_CAR_PHI,2004,REG,6,2004-10-17,CAR,PHI,8.0,30.0,10.0,42.0,38.0,0,Gerry Austin,HF,win,12.0,under
2004_06_CIN_CLE,2004,REG,6,2004-10-17,CIN,CLE,17.0,34.0,3.0,40.0,51.0,1,Bill Carollo,HF,win,14.0,over
2004_06_DEN_OAK,2004,REG,6,2004-10-17,DEN,OAK,31.0,3.0,-2.5,42.0,34.0,1,Ron Winter,AF,win,25.5,under
2004_06_GB_DET,2004,REG,6,2004-10-17,GB,DET,38.0,10.0,3.0,45.0,48.0,1,Bill Leavy,HF,loss,-31.0,over
2004_06_HOU_TEN,2004,REG,6,2004-10-17,HOU,TEN,20.0,10.0,5.5,46.0,30.0,1,Walt Coleman,HF,loss,-15.5,under
2004_06_KC_JAX,2004,REG,6,2004-10-17,KC,JAX,16.0,22.0,-2.5,44.0,38.0,0,Ed Hochuli,AF,loss,-8.5,under
2004_06_MIA_BUF,2004,REG,6,2004-10-17,MIA,BUF,13.0,20.0,4.5,30.0,33.0,1,Jeff Triplette,HF,win,2.5,over
2004_06_MIN_NO,2004,REG,6,2004-10-17,MIN,NO,38.0,31.0,-3.5,53.0,69.0,0,Tony Corrente,AF,win,3.5,over
2004_06_PIT_DAL,2004,REG,6,2004-10-17,PIT,DAL,24.0,20.0,3.0,39.0,44.0,0,Mike Carey,HF,loss,-7.0,over
2004_06_SD_ATL,2004,REG,6,2004-10-17,SD,ATL,20.0,21.0,5.5,43.0,41.0,0,Walt Anderson,HF,loss,-4.5,under
2004_06_SEA_NE,2004,REG,6,2004-10-17,SEA,NE,20.0,30.0,3.5,42.0,50.0,0,Terry McAulay,HF,win,6.5,over
2004_06_SF_NYJ,2004,REG,6,2004-10-17,SF,NYJ,14.0,22.0,9.5,43.0,36.0,0,Tom White,HF,loss,-1.5,under
2004_06_TB_STL,2004,REG,6,2004-10-18,TB,STL,21.0,28.0,6.5,42.5,49.0,0,Larry Nemmers,HF,win,0.5,over
2004_06_WAS_CHI,2004,REG,6,2004-10-17,WAS,CHI,13.0,10.0,1.5,33.5,23.0,0,Bill Vinovich,HF,loss,-4.5,under
2004_07_ATL_KC,2004,REG,7,2004-10-24,ATL,KC,10.0,56.0,3.5,44.5,66.0,0,Tony Corrente,HF,win,42.5,over
2004_07_BUF_BAL,2004,REG,7,2004-10-24,BUF,BAL,6.0,20.0,4.5,31.0,26.0,0,Gerry Austin,HF,win,9.5,under
2004_07_CHI_TB,2004,REG,7,2004-10-24,CHI,TB,7.0,19.0,7.0,32.0,26.0,0,Jeff Triplette,HF,win,5.0,under
2004_07_DAL_GB,2004,REG,7,2004-10-24,DAL,GB,20.0,41.0,4.0,44.0,61.0,0,Larry Nemmers,HF,win,17.0,over
2004_07_DEN_CIN,2004,REG,7,2004-10-25,DEN,CIN,10.0,23.0,-7.0,42.5,33.0,0,Bernie Kukar,AF,loss,-20.0,under
2004_07_DET_NYG,2004,REG,7,2004-10-24,DET,NYG,28.0,13.0,7.0,40.0,41.0,0,Walt Coleman,HF,loss,-22.0,over
2004_07_JAX_IND,2004,REG,7,2004-10-24,JAX,IND,27.0,24.0,9.0,47.0,51.0,1,Terry McAulay,HF,loss,-12.0,over
2004_07_NO_OAK,2004,REG,7,2004-10-24,NO,OAK,31.0,26.0,3.0,45.5,57.0,0,Bill Leavy,HF,loss,-8.0,over
2004_07_NYJ_NE,2004,REG,7,2004-10-24,NYJ,NE,7.0,13.0,6.0,43.5,20.0,1,Walt Anderson,HF,push,0.0,under
2004_07_PHI_CLE,2004,REG,7,2004-10-24,PHI,CLE,34.0,31.0,-7.0,41.5,65.0,0,Tom White,AF,loss,-4.0,over
2004_07_SD_CAR,2004,REG,7,2004-10-24,SD,CAR,17.0,6.0,3.0,42.0,23.0,0,Ron Winter,HF,loss,-14.0,under
2004_07_SEA_ARI,2004,REG,7,2004-10-24,SEA,ARI,17.0,25.0,-6.5,40.0,42.0,1,Bill Vinovich,AF,loss,-14.5,over
2004_07_STL_MIA,2004,REG,7,2004-10-24,STL,MIA,14.0,31.0,-5.0,37.5,45.0,0,Johnny Grier,AF,loss,-22.0,over
2004_07_TEN_MIN,2004,REG,7,2004-10-24,TEN,MIN,3.0,20.0,6.0,53.0,23.0,0,Peter Morelli,HF,win,11.0,under
2004_08_ARI_BUF,2004,REG,8,2004-10-31,ARI,BUF,14.0,38.0,4.5,33.5,52.0,0,Bernie Kukar,HF,win,19.5,over
2004_08_ATL_DEN,2004,REG,8,2004-10-31,ATL,DEN,41.0,28.0,7.0,39.5,69.0,0,Terry McAulay,HF,loss,-20.0,over
2004_08_BAL_PHI,2004,REG,8,2004-10-31,BAL,PHI,10.0,15.0,7.5,37.0,25.0,0,Tony Corrente,HF,loss,-2.5,under
2004_08_CAR_SEA,2004,REG,8,2004-10-31,CAR,SEA,17.0,23.0,8.0,39.0,40.0,0,Ed Hochuli,HF,loss,-2.0,over
2004_08_CIN_TEN,2004,REG,8,2004-10-31,CIN,TEN,20.0,27.0,3.0,39.5,47.0,0,Johnny Grier,HF,win,4.0,over
2004_08_DET_DAL,2004,REG,8,2004-10-31,DET,DAL,21.0,31.0,3.0,40.0,52.0,0,Peter Morelli,HF,win,7.0,over
2004_08_GB_WAS,2004,REG,8,2004-10-31,GB,WAS,28.0,14.0,-1.0,40.5,42.0,0,Tom White,AF,win,13.0,over
2004_08_IND_KC,2004,REG,8,2004-10-31,IND,KC,35.0,45.0,-1.0,56.5,80.0,0,Mike Carey,AF,loss,-11.0,over
2004_08_JAX_HOU,2004,REG,8,2004-10-31,JAX,HOU,6.0,20.0,2.0,42.0,26.0,1,Bill Leavy,HF,win,12.0,under
2004_08_MIA_NYJ,2004,REG,8,2004-11-01,MIA,NYJ,14.0,41.0,7.0,35.5,55.0,1,Ron Winter,HF,win,20.0,over
2004_08_NE_PIT,2004,REG,8,2004-10-31,NE,PIT,20.0,34.0,-3.0,42.0,54.0,0,Walt Coleman,AF,loss,-17.0,over
2004_08_NYG_MIN,2004,REG,8,2004-10-31,NYG,MIN,34.0,13.0,6.5,48.5,47.0,0,Larry Nemmers,HF,loss,-27.5,under
2004_08_OAK_SD,2004,REG,8,2004-10-31,OAK,SD,14.0,42.0,6.0,46.0,56.0,1,Bill Carollo,HF,win,22.0,over
2004_08_SF_CHI,2004,REG,8,2004-10-31,SF,CHI,13.0,23.0,2.0,35.5,36.0,0,Gerry Austin,HF,win,8.0,over
2004_09_ARI_MIA,2004,REG,9,2004-11-07,ARI,MIA,24.0,23.0,3.0,34.5,47.0,0,Larry Nemmers,HF,loss,-4.0,over
2004_09_CHI_NYG,2004,REG,9,2004-11-07,CHI,NYG,28.0,21.0,9.0,34.5,49.0,0,Tom White,HF,loss,-16.0,over
2004_09_CLE_BAL,2004,REG,9,2004-11-07,CLE,BAL,13.0,27.0,6.0,35.0,40.0,1,Walt Coleman,HF,win,8.0,over
2004_09_HOU_DEN,2004,REG,9,2004-11-07,HOU,DEN,13.0,31.0,7.0,44.0,44.0,0,Jeff Triplette,HF,win,11.0,push
2004_09_KC_TB,2004,REG,9,2004-11-07,KC,TB,31.0,34.0,-3.0,45.5,65.0,0,Ron Winter,AF,loss,-6.0,over
2004_09_MIN_IND,2004,REG,9,2004-11-08,MIN,IND,28.0,31.0,7.0,58.0,59.0,0,Gerry Austin,HF,loss,-4.0,over
2004_09_NE_STL,2004,REG,9,2004-11-07,NE,STL,40.0,22.0,2.5,49.5,62.0,0,Ed Hochuli,HF,loss,-20.5,over
2004_09_NO_SD,2004,REG,9,2004-11-07,NO,SD,17.0,43.0,6.5,49.5,60.0,0,Peter Morelli,HF,win,19.5,over
2004_09_NYJ_BUF,2004,REG,9,2004-11-07,NYJ,BUF,17.0,22.0,-3.0,34.0,39.0,1,Terry McAulay,AF,loss,-8.0,over
2004_09_OAK_CAR,2004,REG,9,2004-11-07,OAK,CAR,27.0,24.0,6.0,41.0,51.0,0,Walt Anderson,HF,loss,-9.0,over
2004_09_PHI_PIT,2004,REG,9,2004-11-07,PHI,PIT,3.0,27.0,-1.5,44.5,30.0,0,Bill Carollo,AF,loss,-25.5,under
2004_09_SEA_SF,2004,REG,9,2004-11-07,SEA,SF,42.0,27.0,-7.0,40.5,69.0,1,Tony Corrente,AF,win,8.0,over
2004_09_WAS_DET,2004,REG,9,2004-11-07,WAS,DET,17.0,10.0,3.5,37.0,27.0,0,Mike Carey,HF,loss,-10.5,under
2004_10_BAL_NYJ,2004,REG,10,2004-11-14,BAL,NYJ,20.0,17.0,-1.0,32.0,37.0,0,Bill Vinovich,AF,win,2.0,over
2004_10_BUF_NE,2004,REG,10,2004-11-14,BUF,NE,6.0,29.0,7.0,38.0,35.0,1,Tom White,HF,win,16.0,under
2004_10_CAR_SF,2004,REG,10,2004-11-14,CAR,SF,37.0,27.0,1.5,41.5,64.0,0,Mike Carey,HF,loss,-11.5,over
2004_10_CHI_TEN,2004,REG,10,2004-11-14,CHI,TEN,19.0,17.0,5.5,34.0,36.0,0,Walt Anderson,HF,loss,-7.5,over
2004_10_CIN_WAS,2004,REG,10,2004-11-14,CIN,WAS,17.0,10.0,4.0,36.5,27.0,0,Gerry Austin,HF,loss,-11.0,under
2004_10_DET_JAX,2004,REG,10,2004-11-14,DET,JAX,17.0,23.0,3.5,34.5,40.0,0,Scott Green,HF,win,2.5,over
2004_10_HOU_IND,2004,REG,10,2004-11-14,HOU,IND,14.0,49.0,8.5,54.5,63.0,1,Bill Carollo,HF,win,26.5,over
2004_10_KC_NO,2004,REG,10,2004-11-14,KC,NO,20.0,27.0,-3.5,56.5,47.0,0,Larry Nemmers,AF,loss,-10.5,under
2004_10_MIN_GB,2004,REG,10,2004-11-14,MIN,GB,31.0,34.0,4.5,50.0,65.0,1,Ron Winter,HF,loss,-1.5,over
2004_10_NYG_ARI,2004,REG,10,2004-11-14,NYG,ARI,14.0,17.0,1.0,39.0,31.0,0,Peter Morelli,HF,win,2.0,under
2004_10_PHI_DAL,2004,REG,10,2004-11-15,PHI,DAL,49.0,21.0,-7.0,43.0,70.0,1,Ed Hochuli,AF,win,21.0,over
2004_10_PIT_CLE,2004,REG,10,2004-11-14,PIT,CLE,24.0,10.0,-3.5,41.0,34.0,1,Jeff Triplette,AF,win,10.5,under
2004_10_SEA_STL,2004,REG,10,2004-11-14,SEA,STL,12.0,23.0,-2.5,50.5,35.0,1,Bill Leavy,AF,loss,-13.5,under
2004_10_TB_ATL,2004,REG,10,2004-11-14,TB,ATL,14.0,24.0,3.5,41.0,38.0,1,Bernie Kukar,HF,win,6.5,under
2004_11_ARI_CAR,2004,REG,11,2004-11-21,ARI,CAR,10.0,35.0,3.0,38.0,45.0,0,Bill Carollo,HF,win,22.0,over
2004_11_ATL_NYG,2004,REG,11,2004-11-21,ATL,NYG,14.0,10.0,-3.0,40.0,24.0,0,Jeff Triplette,AF,win,1.0,under
2004_11_DAL_BAL,2004,REG,11,2004-11-21,DAL,BAL,10.0,30.0,7.5,36.0,40.0,0,Tom White,HF,win,12.5,over
2004_11_DEN_NO,2004,REG,11,2004-11-21,DEN,NO,34.0,13.0,-6.0,48.5,47.0,0,Bill Vinovich,AF,win,15.0,under
2004_11_DET_MIN,2004,REG,11,2004-11-21,DET,MIN,19.0,22.0,8.0,48.0,41.0,1,Ed Hochuli,HF,loss,-5.0,under
2004_11_GB_HOU,2004,REG,11,2004-11-21,GB,HOU,16.0,13.0,-3.0,51.0,29.0,0,Peter Morelli,AF,push,0.0,under
2004_11_IND_CHI,2004,REG,11,2004-11-21,IND,CHI,41.0,10.0,-8.0,44.5,51.0,0,Ron Winter,AF,win,23.0,over
2004_11_MIA_SEA,2004,REG,11,2004-11-21,MIA,SEA,17.0,24.0,9.5,37.0,41.0,0,Mike Carey,HF,loss,-2.5,over
2004_11_NE_KC,2004,REG,11,2004-11-22,NE,KC,27.0,19.0,-3.0,52.0,46.0,0,Bill Leavy,AF,win,5.0,under
2004_11_NYJ_CLE,2004,REG,11,2004-11-21,NYJ,CLE,10.0,7.0,-1.5,38.0,17.0,0,Tony Corrente,AF,win,1.5,under
2004_11_PIT_CIN,2004,REG,11,2004-11-21,PIT,CIN,19.0,14.0,-4.0,40.5,33.0,1,Larry Nemmers,AF,win,1.0,under
2004_11_SD_OAK,2004,REG,11,2004-11-21,SD,OAK,23.0,17.0,-4.5,47.5,40.0,1,Bernie Kukar,AF,win,1.5,under
2004_11_SF_TB,2004,REG,11,2004-11-21,SF,TB,3.0,35.0,8.0,42.0,38.0,0,Terry McAulay,HF,win,24.0,under
2004_11_STL_BUF,2004,REG,11,2004-11-21,STL,BUF,17.0,37.0,2.0,40.0,54.0,0,Walt Coleman,HF,win,18.0,over
2004_11_TEN_JAX,2004,REG,11,2004-11-21,TEN,JAX,18.0,15.0,3.0,36.0,33.0,1,Gerry Austin,HF,loss,-6.0,under
2004_11_WAS_PHI,2004,REG,11,2004-11-21,WAS,PHI,6.0,28.0,10.0,38.5,34.0,1,Walt Anderson,HF,win,12.0,under
2004_12_BAL_NE,2004,REG,12,2004-11-28,BAL,NE,3.0,24.0,7.0,34.5,27.0,0,Scott Green,HF,win,14.0,under
2004_12_BUF_SEA,2004,REG,12,2004-11-28,BUF,SEA,38.0,9.0,4.0,38.0,47.0,0,Peter Morelli,HF,loss,-33.0,over
2004_12_CHI_DAL,2004,REG,12,2004-11-25,CHI,DAL,7.0,21.0,3.5,36.0,28.0,0,Bill Leavy,HF,win,10.5,under
2004_12_CLE_CIN,2004,REG,12,2004-11-28,CLE,CIN,48.0,58.0,6.0,37.5,106.0,1,Ron Winter,HF,win,4.0,over
2004_12_IND_DET,2004,REG,12,2004-11-25,IND,DET,41.0,9.0,-8.5,54.0,50.0,0,Tom White,AF,win,23.5,under
2004_12_JAX_MIN,2004,REG,12,2004-11-28,JAX,MIN,16.0,27.0,6.0,45.5,43.0,0,Bill Carollo,HF,win,5.0,under
2004_12_NO_ATL,2004,REG,12,2004-11-28,NO,ATL,21.0,24.0,9.0,47.5,45.0,1,Walt Anderson,HF,loss,-6.0,under
2004_12_NYJ_ARI,2004,REG,12,2004-11-28,NYJ,ARI,13.0,3.0,-3.0,36.5,16.0,0,Gerry Austin,AF,win,7.0,under
2004_12_OAK_DEN,2004,REG,12,2004-11-28,OAK,DEN,25.0,24.0,11.5,42.5,49.0,1,Mike Carey,HF,loss,-12.5,over
2004_12_PHI_NYG,2004,REG,12,2004-11-28,PHI,NYG,27.0,6.0,-7.0,35.5,33.0,1,Terry McAulay,AF,win,14.0,under
2004_12_SD_KC,2004,REG,12,2004-11-28,SD,KC,34.0,31.0,3.0,54.0,65.0,1,Bill Vinovich,HF,loss,-6.0,over
2004_12_STL_GB,2004,REG,12,2004-11-29,STL,GB,17.0,45.0,7.0,51.0,62.0,0,Tony Corrente,HF,win,21.0,over
2004_12_TB_CAR,2004,REG,12,2004-11-28,TB,CAR,14.0,21.0,-3.0,39.0,35.0,1,Walt Coleman,AF,loss,-10.0,under
2004_12_TEN_HOU,2004,REG,12,2004-11-28,TEN,HOU,21.0,31.0,2.0,43.0,52.0,1,Larry Nemmers,HF,win,8.0,over
2004_12_WAS_PIT,2004,REG,12,2004-11-28,WAS,PIT,7.0,16.0,10.0,34.5,23.0,0,Bernie Kukar,HF,loss,-1.0,under
2004_13_ARI_DET,2004,REG,13,2004-12-05,ARI,DET,12.0,26.0,6.0,37.0,38.0,0,Jeff Triplette,HF,win,8.0,over
2004_13_ATL_TB,2004,REG,13,2004-12-05,ATL,TB,0.0,27.0,2.0,39.5,27.0,1,Peter Morelli,HF,win,25.0,under
2004_13_BUF_MIA,2004,REG,13,2004-12-05,BUF,MIA,42.0,32.0,-5.0,34.0,74.0,1,Gerry Austin,AF,win,5.0,over
2004_13_CAR_NO,2004,REG,13,2004-12-05,CAR,NO,32.0,21.0,-2.0,46.5,53.0,1,Bill Leavy,AF,win,9.0,over
2004_13_CIN_BAL,2004,REG,13,2004-12-05,CIN,BAL,27.0,26.0,6.5,37.0,53.0,1,Walt Anderson,HF,loss,-7.5,over
2004_13_DAL_SEA,2004,REG,13,2004-12-06,DAL,SEA,43.0,39.0,7.0,42.0,82.0,0,Terry McAulay,HF,loss,-11.0,over
2004_13_DEN_SD,2004,REG,13,2004-12-05,DEN,SD,17.0,20.0,3.0,46.5,37.0,1,Ron Winter,HF,push,0.0,under
2004_13_GB_PHI,2004,REG,13,2004-12-05,GB,PHI,17.0,47.0,5.5,48.5,64.0,0,Scott Green,HF,win,24.5,over
2004_13_HOU_NYJ,2004,REG,13,2004-12-05,HOU,NYJ,7.0,29.0,7.0,42.0,36.0,0,Tom White,HF,win,15.0,under
2004_13_KC_OAK,2004,REG,13,2004-12-05,KC,OAK,34.0,27.0,-1.0,52.0,61.0,1,Ed Hochuli,AF,win,6.0,over
2004_13_MIN_CHI,2004,REG,13,2004-12-05,MIN,CHI,14.0,24.0,-7.0,40.5,38.0,1,Tony Corrente,AF,loss,-17.0,under
2004_13_NE_CLE,2004,REG,13,2004-12-05,NE,CLE,42.0,15.0,-11.0,41.0,57.0,0,Bill Carollo,AF,win,16.0,over
2004_13_NYG_WAS,2004,REG,13,2004-12-05,NYG,WAS,7.0,31.0,3.0,33.0,38.0,1,Walt Coleman,HF,win,21.0,over
2004_13_PIT_JAX,2004,REG,13,2004-12-05,PIT,JAX,17.0,16.0,-3.0,35.5,33.0,0,Bill Vinovich,AF,loss,-2.0,under
2004_13_SF_STL,2004,REG,13,2004-12-05,SF,STL,6.0,16.0,11.0,49.0,22.0,1,Larry Nemmers,HF,loss,-1.0,under
2004_13_TEN_IND,2004,REG,13,2004-12-05,TEN,IND,24.0,51.0,12.0,54.0,75.0,1,Bernie Kukar,HF,win,15.0,over
2004_14_CHI_JAX,2004,REG,14,2004-12-12,CHI,JAX,3.0,22.0,7.0,34.0,25.0,0,Bernie Kukar,HF,win,12.0,under
2004_14_CIN_NE,2004,REG,14,2004-12-12,CIN,NE,28.0,35.0,10.5,47.0,63.0,0,Jeff Triplette,HF,loss,-3.5,over
2004_14_CLE_BUF,2004,REG,14,2004-12-12,CLE,BUF,7.0,37.0,11.0,38.5,44.0,0,Scott Green,HF,win,19.0,over
2004_14_DET_GB,2004,REG,14,2004-12-12,DET,GB,13.0,16.0,9.0,41.0,29.0,1,Larry Nemmers,HF,loss,-6.0,under
2004_14_IND_HOU,2004,REG,14,2004-12-12,IND,HOU,23.0,14.0,-10.0,57.0,37.0,1,Ed Hochuli,AF,loss,-1.0,under
2004_14_KC_TEN,2004,REG,14,2004-12-13,KC,TEN,49.0,38.0,-2.5,53.0,87.0,0,Tom White,AF,win,8.5,over
2004_14_MIA_DEN,2004,REG,14,2004-12-12,MIA,DEN,17.0,20.0,11.5,41.0,37.0,0,Walt Coleman,HF,loss,-8.5,under
2004_14_NO_DAL,2004,REG,14,2004-12-12,NO,DAL,27.0,13.0,7.0,49.0,40.0,0,Tony Corrente,HF,loss,-21.0,under
2004_14_NYG_BAL,2004,REG,14,2004-12-12,NYG,BAL,14.0,37.0,10.0,34.0,51.0,0,Bill Carollo,HF,win,13.0,over
2004_14_NYJ_PIT,2004,REG,14,2004-12-12,NYJ,PIT,6.0,17.0,4.5,35.0,23.0,0,Walt Anderson,HF,win,6.5,under
2004_14_OAK_ATL,2004,REG,14,2004-12-12,OAK,ATL,10.0,35.0,7.5,46.0,45.0,0,Gerry Austin,HF,win,17.5,under
2004_14_PHI_WAS,2004,REG,14,2004-12-12,PHI,WAS,17.0,14.0,-8.0,38.5,31.0,1,Ron Winter,AF,loss,-5.0,under
2004_14_SEA_MIN,2004,REG,14,2004-12-12,SEA,MIN,27.0,23.0,6.5,54.0,50.0,0,Bill Vinovich,HF,loss,-10.5,under
2004_14_SF_ARI,2004,REG,14,2004-12-12,SF,ARI,31.0,28.0,7.0,36.0,59.0,1,Bill Leavy,HF,loss,-10.0,over
2004_14_STL_CAR,2004,REG,14,2004-12-12,STL,CAR,7.0,20.0,7.0,44.5,27.0,0,Terry McAulay,HF,win,6.0,under
2004_14_TB_SD,2004,REG,14,2004-12-12,TB,SD,24.0,31.0,4.0,42.5,55.0,0,Mike Carey,HF,win,3.0,over
2004_15_BAL_IND,2004,REG,15,2004-12-19,BAL,IND,10.0,20.0,7.5,48.5,30.0,0,Terry McAulay,HF,win,2.5,under
2004_15_BUF_CIN,2004,REG,15,2004-12-19,BUF,CIN,33.0,17.0,-3.0,41.0,50.0,0,Bill Carollo,AF,win,13.0,over
2004_15_CAR_ATL,2004,REG,15,2004-12-18,CAR,ATL,31.0,34.0,3.5,41.0,65.0,1,Larry Nemmers,HF,loss,-0.5,over
2004_15_DAL_PHI,2004,REG,15,2004-12-19,DAL,PHI,7.0,12.0,11.5,45.0,19.0,1,Walt Coleman,HF,loss,-6.5,under
2004_15_DEN_KC,2004,REG,15,2004-12-19,DEN,KC,17.0,45.0,-3.0,52.5,62.0,1,Tony Corrente,AF,loss,-31.0,over
2004_15_HOU_CHI,2004,REG,15,2004-12-19,HOU,CHI,24.0,5.0,1.0,34.0,29.0,0,Bill Vinovich,HF,loss,-20.0,under
2004_15_JAX_GB,2004,REG,15,2004-12-19,JAX,GB,28.0,25.0,3.5,37.0,53.0,0,Ed Hochuli,HF,loss,-6.5,over
2004_15_MIN_DET,2004,REG,15,2004-12-19,MIN,DET,28.0,27.0,-3.0,48.5,55.0,1,Bernie Kukar,AF,loss,-2.0,over
2004_15_NE_MIA,2004,REG,15,2004-12-20,NE,MIA,28.0,29.0,-10.0,44.0,57.0,1,Walt Anderson,AF,loss,-11.0,over
2004_15_NO_TB,2004,REG,15,2004-12-19,NO,TB,21.0,17.0,7.5,43.5,38.0,1,Jeff Triplette,HF,loss,-11.5,under
2004_15_PIT_NYG,2004,REG,15,2004-12-18,PIT,NYG,33.0,30.0,-10.0,36.5,63.0,0,Gerry Austin,AF,loss,-7.0,over
2004_15_SD_CLE,2004,REG,15,2004-12-19,SD,CLE,21.0,0.0,-8.0,35.0,21.0,0,Tom White,AF,win,13.0,under
2004_15_SEA_NYJ,2004,REG,15,2004-12-19,SEA,NYJ,14.0,37.0,6.5,41.5,51.0,0,Scott Green,HF,win,16.5,over
2004_15_STL_ARI,2004,REG,15,2004-12-19,STL,ARI,7.0,31.0,-3.0,41.5,38.0,1,Mike Carey,AF,loss,-27.0,under
2004_15_TEN_OAK,2004,REG,15,2004-12-19,TEN,OAK,35.0,40.0,3.5,49.5,75.0,0,Bill Leavy,HF,win,1.5,over
2004_15_WAS_SF,2004,REG,15,2004-12-18,WAS,SF,26.0,16.0,-6.5,36.5,42.0,0,Peter Morelli,AF,win,3.5,over
2004_16_ARI_SEA,2004,REG,16,2004-12-26,ARI,SEA,21.0,24.0,7.0,44.0,45.0,1,Tony Corrente,HF,loss,-4.0,over
2004_16_ATL_NO,2004,REG,16,2004-12-26,ATL,NO,13.0,26.0,6.5,44.0,39.0,1,Ron Winter,HF,win,6.5,under
2004_16_BAL_PIT,2004,REG,16,2004-12-26,BAL,PIT,7.0,20.0,5.0,34.0,27.0,1,Jeff Triplette,HF,win,8.0,under
2004_16_BUF_SF,2004,REG,16,2004-12-26,BUF,SF,41.0,7.0,-10.0,41.5,48.0,0,Mike Carey,AF,win,24.0,over
2004_16_CAR_TB,2004,REG,16,2004-12-26,CAR,TB,37.0,20.0,1.5,39.0,57.0,1,Gerald Austin,HF,loss,-18.5,over
2004_16_CHI_DET,2004,REG,16,2004-12-26,CHI,DET,13.0,19.0,6.0,37.0,32.0,1,Terry McAulay,HF,push,0.0,under
2004_16_CLE_MIA,2004,REG,16,2004-12-26,CLE,MIA,7.0,10.0,9.0,40.5,17.0,0,Ed Hochuli,HF,loss,-6.0,under
2004_16_DEN_TEN,2004,REG,16,2004-12-25,DEN,TEN,37.0,16.0,-4.0,50.5,53.0,0,Bill Carollo,AF,win,17.0,over
2004_16_GB_MIN,2004,REG,16,2004-12-24,GB,MIN,34.0,31.0,3.5,56.0,65.0,1,Bill Leavy,HF,loss,-6.5,over
2004_16_HOU_JAX,2004,REG,16,2004-12-26,HOU,JAX,21.0,0.0,6.5,36.5,21.0,1,Walt Coleman,HF,loss,-27.5,under
2004_16_NYG_CIN,2004,REG,16,2004-12-26,NYG,CIN,22.0,23.0,6.5,46.5,45.0,0,Scott Green,HF,loss,-5.5,under
2004_16_OAK_KC,2004,REG,16,2004-12-25,OAK,KC,30.0,31.0,9.5,60.0,61.0,1,Larry Nemmers,HF,loss,-8.5,over
2004_16_PHI_STL,2004,REG,16,2004-12-27,PHI,STL,7.0,20.0,4.0,42.5,27.0,0,Peter Morelli,HF,win,9.0,under
2004_16_SD_IND,2004,REG,16,2004-12-26,SD,IND,31.0,34.0,7.0,56.0,65.0,0,Walt Anderson,HF,loss,-4.0,over
2004_16_WAS_DAL,2004,REG,16,2004-12-26,WAS,DAL,10.0,13.0,-2.5,35.0,23.0,1,Bill Vinovich,AF,loss,-5.5,under
2004_17_ATL_SEA,2004,REG,17,2005-01-02,ATL,SEA,26.0,28.0,5.5,41.0,54.0,0,Mike Carey,HF,loss,-3.5,over
2004_17_CIN_PHI,2004,REG,17,2005-01-02,CIN,PHI,38.0,10.0,-4.0,37.5,48.0,0,Tom White,AF,win,24.0,over
2004_17_CLE_HOU,2004,REG,17,2005-01-02,CLE,HOU,22.0,14.0,10.0,41.0,36.0,0,Gerry Austin,HF,loss,-18.0,under
2004_17_DAL_NYG,2004,REG,17,2005-01-02,DAL,NYG,24.0,28.0,1.0,38.5,52.0,1,Jeff Triplette,HF,win,3.0,over
2004_17_DET_TEN,2004,REG,17,2005-01-02,DET,TEN,19.0,24.0,-2.5,45.5,43.0,0,Ed Hochuli,AF,loss,-7.5,under
2004_17_GB_CHI,2004,REG,17,2005-01-02,GB,CHI,31.0,14.0,3.0,34.0,45.0,1,Ron Winter,HF,loss,-20.0,over
2004_17_IND_DEN,2004,REG,17,2005-01-02,IND,DEN,14.0,33.0,10.0,44.0,47.0,0,Peter Morelli,HF,win,9.0,over
2004_17_JAX_OAK,2004,REG,17,2005-01-02,JAX,OAK,13.0,6.0,-2.5,43.0,19.0,0,Tony Corrente,AF,win,4.5,under
2004_17_KC_SD,2004,REG,17,2005-01-02,KC,SD,17.0,24.0,-6.5,51.5,41.0,1,Bill Leavy,AF,loss,-13.5,under
2004_17_MIA_BAL,2004,REG,17,2005-01-02,MIA,BAL,23.0,30.0,11.0,33.0,53.0,0,Bernie Kukar,HF,loss,-4.0,over
2004_17_MIN_WAS,2004,REG,17,2005-01-02,MIN,WAS,18.0,21.0,-4.0,41.0,39.0,0,Scott Green,AF,loss,-7.0,under
2004_17_NO_CAR,2004,REG,17,2005-01-02,NO,CAR,21.0,18.0,7.0,46.0,39.0,1,Bill Carollo,HF,loss,-10.0,under
2004_17_NYJ_STL,2004,REG,17,2005-01-02,NYJ,STL,29.0,32.0,-3.5,46.0,61.0,0,Bill Vinovich,AF,loss,-6.5,over
2004_17_PIT_BUF,2004,REG,17,2005-01-02,PIT,BUF,29.0,24.0,9.5,33.0,53.0,0,Terry McAulay,HF,loss,-14.5,over
2004_17_SF_NE,2004,REG,17,2005-01-02,SF,NE,7.0,21.0,13.0,37.0,28.0,0,Walt Coleman,HF,win,1.0,under
2004_17_TB_ARI,2004,REG,17,2005-01-02,TB,ARI,7.0,12.0,4.0,38.5,19.0,0,Walt Anderson,HF,win,1.0,under
2004_18_DEN_IND,2004,WC,18,2005-01-09,DEN,IND,24.0,49.0,10.0,56.0,73.0,0,Mike Carey,HF,win,15.0,over
2004_18_MIN_GB,2004,WC,18,2005-01-09,MIN,GB,31.0,17.0,6.0,52.5,48.0,1,Walt Anderson,HF,loss,-20.0,under
2004_18_NYJ_SD,2004,WC,18,2005-01-08,NYJ,SD,20.0,17.0,6.5,42.5,37.0,0,Ed Hochuli,HF,loss,-9.5,under
2004_18_STL_SEA,2004,WC,18,2005-01-08,STL,SEA,27.0,20.0,4.0,51.0,47.0,1,Walt Coleman,HF,loss,-11.0,under
2004_19_IND_NE,2004,DIV,19,2005-01-16,IND,NE,3.0,20.0,1.0,51.0,23.0,0,Bill Carollo,HF,win,16.0,under
2004_19_MIN_PHI,2004,DIV,19,2005-01-16,MIN,PHI,14.0,27.0,8.0,47.0,41.0,0,Peter Morelli,HF,win,5.0,under
2004_19_NYJ_PIT,2004,DIV,19,2005-01-15,NYJ,PIT,17.0,20.0,9.0,35.5,37.0,0,Billy Leavy,HF,loss,-6.0,over
2004_19_STL_ATL,2004,DIV,19,2005-01-15,STL,ATL,17.0,47.0,6.5,49.0,64.0,0,Terry McAulay,HF,win,23.5,over
2004_20_ATL_PHI,2004,CON,20,2005-01-23,ATL,PHI,10.0,27.0,6.0,37.0,37.0,0,Bill Carollo,HF,win,11.0,push
2004_20_NE_PIT,2004,CON,20,2005-01-23,NE,PIT,41.0,27.0,-3.0,36.5,68.0,0,Walt Anderson,AF,win,11.0,over
2004_21_NE_PHI,2004,SB,21,2005-02-06,NE,PHI,24.0,21.0,-7.0,47.0,45.0,0,Terry McAulay,AF,loss,-4.0,under
2005_01_ARI_NYG,2005,REG,1,2005-09-11,ARI,NYG,19.0,42.0,1.5,37.5,61.0,0,Bernie Kukar,HF,win,21.5,over
2005_01_CHI_WAS,2005,REG,1,2005-09-11,CHI,WAS,7.0,9.0,6.0,33.0,16.0,0,Terry McAulay,HF,loss,-4.0,under
2005_01_CIN_CLE,2005,REG,1,2005-09-11,CIN,CLE,27.0,13.0,-3.5,44.5,40.0,1,Scott Green,AF,win,10.5,under
2005_01_DAL_SD,2005,REG,1,2005-09-11,DAL,SD,28.0,24.0,5.0,41.0,52.0,0,Peter Morelli,HF,loss,-9.0,over
2005_01_DEN_MIA,2005,REG,1,2005-09-11,DEN,MIA,10.0,34.0,-4.5,38.5,44.0,0,Bill Leavy,AF,loss,-28.5,over
2005_01_GB_DET,2005,REG,1,2005-09-11,GB,DET,3.0,17.0,3.0,46.0,20.0,1,Jeff Triplette,HF,win,11.0,under
2005_01_HOU_BUF,2005,REG,1,2005-09-11,HOU,BUF,7.0,22.0,4.5,39.0,29.0,0,Ron Winter,HF,win,10.5,under
2005_01_IND_BAL,2005,REG,1,2005-09-11,IND,BAL,24.0,7.0,-3.0,47.0,31.0,0,Bill Carollo,AF,win,14.0,under
2005_01_NO_CAR,2005,REG,1,2005-09-11,NO,CAR,23.0,20.0,6.5,45.5,43.0,1,Tom White,HF,loss,-9.5,under
2005_01_NYJ_KC,2005,REG,1,2005-09-11,NYJ,KC,7.0,27.0,3.0,48.5,34.0,0,Larry Nemmers,HF,win,17.0,under
2005_01_OAK_NE,2005,REG,1,2005-09-08,OAK,NE,20.0,30.0,7.5,50.0,50.0,0,Tony Corrente,HF,win,2.5,push
2005_01_PHI_ATL,2005,REG,1,2005-09-12,PHI,ATL,10.0,14.0,-2.0,41.5,24.0,0,Walt Coleman,AF,loss,-6.0,under
2005_01_SEA_JAX,2005,REG,1,2005-09-11,SEA,JAX,14.0,26.0,3.0,40.0,40.0,0,Ed Hochuli,HF,win,9.0,push
2005_01_STL_SF,2005,REG,1,2005-09-11,STL,SF,25.0,28.0,-4.5,46.0,53.0,1,Bill Vinovich,AF,loss,-7.5,over
2005_01_TB_MIN,2005,REG,1,2005-09-11,TB,MIN,24.0,13.0,6.0,43.5,37.0,0,Mike Carey,HF,loss,-17.0,under
2005_01_TEN_PIT,2005,REG,1,2005-09-11,TEN,PIT,7.0,34.0,7.0,40.5,41.0,0,Gerry Austin,HF,win,20.0,over
2005_02_ATL_SEA,2005,REG,2,2005-09-18,ATL,SEA,18.0,21.0,1.0,41.5,39.0,0,Mike Carey,HF,win,2.0,under
2005_02_BAL_TEN,2005,REG,2,2005-09-18,BAL,TEN,10.0,25.0,-3.5,36.0,35.0,0,Walt Coleman,AF,loss,-18.5,under
2005_02_BUF_TB,2005,REG,2,2005-09-18,BUF,TB,3.0,19.0,2.5,35.0,22.0,0,Terry McAulay,HF,win,13.5,under
2005_02_CLE_GB,2005,REG,2,2005-09-18,CLE,GB,26.0,24.0,7.0,43.0,50.0,0,Peter Morelli,HF,loss,-9.0,over
2005_02_DET_CHI,2005,REG,2,2005-09-18,DET,CHI,6.0,38.0,-2.5,34.0,44.0,1,Tony Corrente,AF,loss,-34.5,over
2005_02_JAX_IND,2005,REG,2,2005-09-18,JAX,IND,3.0,10.0,9.0,46.0,13.0,1,Scott Green,HF,loss,-2.0,under
2005_02_KC_OAK,2005,REG,2,2005-09-18,KC,OAK,23.0,17.0,-1.5,53.0,40.0,1,Bill Leavy,AF,win,4.5,under
2005_02_MIA_NYJ,2005,REG,2,2005-09-18,MIA,NYJ,7.0,17.0,6.0,37.0,24.0,1,Ron Winter,HF,win,4.0,under
2005_02_MIN_CIN,2005,REG,2,2005-09-18,MIN,CIN,8.0,37.0,3.0,47.0,45.0,0,Bill Carollo,HF,win,26.0,under
2005_02_NE_CAR,2005,REG,2,2005-09-18,NE,CAR,17.0,27.0,-3.0,44.0,44.0,0,Walt Anderson,AF,loss,-13.0,push
2005_02_NYG_NO,2005,REG,2,2005-09-19,NYG,NO,27.0,10.0,-3.0,43.0,37.0,0,Ed Hochuli,AF,win,14.0,under
2005_02_PIT_HOU,2005,REG,2,2005-09-18,PIT,HOU,27.0,7.0,-4.5,39.5,34.0,0,Bill Vinovich,AF,win,15.5,under
2005_02_SD_DEN,2005,REG,2,2005-09-18,SD,DEN,17.0,20.0,3.0,44.0,37.0,1,Gerry Austin,HF,push,0.0,under
2005_02_SF_PHI,2005,REG,2,2005-09-18,SF,PHI,3.0,42.0,11.5,43.0,45.0,0,Tom White,HF,win,27.5,over
2005_02_STL_ARI,2005,REG,2,2005-09-18,STL,ARI,17.0,12.0,-1.0,44.0,29.0,1,Jeff Triplette,AF,win,4.0,under
2005_02_WAS_DAL,2005,REG,2,2005-09-19,WAS,DAL,14.0,13.0,6.0,36.0,27.0,1,Larry Nemmers,HF,loss,-7.0,under
2005_03_ARI_SEA,2005,REG,3,2005-09-25,ARI,SEA,12.0,37.0,6.5,42.0,49.0,1,Tony Corrente,HF,win,18.5,over
2005_03_ATL_BUF,2005,REG,3,2005-09-25,ATL,BUF,24.0,16.0,3.0,36.0,40.0,0,Scott Green,HF,loss,-11.0,over
2005_03_CAR_MIA,2005,REG,3,2005-09-25,CAR,MIA,24.0,27.0,-3.5,37.5,51.0,0,Bill Vinovich,AF,loss,-6.5,over
2005_03_CIN_CHI,2005,REG,3,2005-09-25,CIN,CHI,24.0,7.0,-3.0,39.0,31.0,0,Mike Carey,AF,win,14.0,under
2005_03_CLE_IND,2005,REG,3,2005-09-25,CLE,IND,6.0,13.0,13.5,47.0,19.0,0,Jeff Triplette,HF,loss,-6.5,under
2005_03_DAL_SF,2005,REG,3,2005-09-25,DAL,SF,34.0,31.0,-6.5,41.0,65.0,0,Bernie Kukar,AF,loss,-3.5,over
2005_03_JAX_NYJ,2005,REG,3,2005-09-25,JAX,NYJ,26.0,20.0,2.5,34.5,46.0,0,Bill Leavy,HF,loss,-8.5,over
2005_03_KC_DEN,2005,REG,3,2005-09-26,KC,DEN,10.0,30.0,2.5,49.0,40.0,1,Terry McAulay,HF,win,17.5,under
2005_03_NE_PIT,2005,REG,3,2005-09-25,NE,PIT,23.0,20.0,3.0,41.5,43.0,0,Bill Carollo,HF,loss,-6.0,over
2005_03_NO_MIN,2005,REG,3,2005-09-25,NO,MIN,16.0,33.0,3.5,44.5,49.0,0,Peter Morelli,HF,win,13.5,over
2005_03_NYG_SD,2005,REG,3,2005-09-25,NYG,SD,23.0,45.0,5.5,42.5,68.0,0,Walt Anderson,HF,win,16.5,over
2005_03_OAK_PHI,2005,REG,3,2005-09-25,OAK,PHI,20.0,23.0,8.5,47.0,43.0,0,Larry Nemmers,HF,loss,-5.5,under
2005_03_TB_GB,2005,REG,3,2005-09-25,TB,GB,17.0,16.0,-3.0,38.0,33.0,0,Ron Winter,AF,loss,-2.0,under
2005_03_TEN_STL,2005,REG,3,2005-09-25,TEN,STL,27.0,31.0,6.5,46.0,58.0,0,Tom White,HF,loss,-2.5,over
2005_04_BUF_NO,2005,REG,4,2005-10-02,BUF,NO,7.0,19.0,-1.0,38.5,26.0,0,Bill Vinovich,AF,loss,-13.0,under
2005_04_DAL_OAK,2005,REG,4,2005-10-02,DAL,OAK,13.0,19.0,3.0,46.0,32.0,0,Bill Carollo,HF,win,3.0,under
2005_04_DEN_JAX,2005,REG,4,2005-10-02,DEN,JAX,20.0,7.0,4.0,37.5,27.0,0,Tom White,HF,loss,-17.0,under
2005_04_DET_TB,2005,REG,4,2005-10-02,DET,TB,13.0,17.0,6.5,35.0,30.0,0,Gerry Austin,HF,loss,-2.5,under
2005_04_GB_CAR,2005,REG,4,2005-10-03,GB,CAR,29.0,32.0,3.0,43.0,61.0,0,Mike Carey,HF,push,0.0,over
2005_04_HOU_CIN,2005,REG,4,2005-10-02,HOU,CIN,10.0,16.0,9.5,41.5,26.0,0,Larry Nemmers,HF,loss,-3.5,under
2005_04_IND_TEN,2005,REG,4,2005-10-02,IND,TEN,31.0,10.0,-7.0,45.0,41.0,1,Walt Anderson,AF,win,14.0,under
2005_04_MIN_ATL,2005,REG,4,2005-10-02,MIN,ATL,10.0,30.0,6.0,44.5,40.0,0,Jeff Triplette,HF,win,14.0,under
2005_04_NYJ_BAL,2005,REG,4,2005-10-02,NYJ,BAL,3.0,13.0,7.5,31.5,16.0,0,Scott Green,HF,win,2.5,under
2005_04_PHI_KC,2005,REG,4,2005-10-02,PHI,KC,37.0,31.0,2.5,46.5,68.0,0,Peter Morelli,HF,loss,-8.5,over
2005_04_SD_NE,2005,REG,4,2005-10-02,SD,NE,41.0,17.0,5.5,47.0,58.0,0,Bill Leavy,HF,loss,-29.5,over
2005_04_SEA_WAS,2005,REG,4,2005-10-02,SEA,WAS,17.0,20.0,2.0,37.0,37.0,0,Bernie Kukar,HF,win,1.0,push
2005_04_SF_ARI,2005,REG,4,2005-10-02,SF,ARI,14.0,31.0,3.0,42.0,45.0,1,Ed Hochuli,HF,win,14.0,over
2005_04_STL_NYG,2005,REG,4,2005-10-02,STL,NYG,24.0,44.0,3.0,46.0,68.0,0,Walt Coleman,HF,win,17.0,over
2005_05_BAL_DET,2005,REG,5,2005-10-09,BAL,DET,17.0,35.0,2.0,33.0,52.0,0,Mike Carey,HF,win,16.0,over
2005_05_CAR_ARI,2005,REG,5,2005-10-09,CAR,ARI,24.0,20.0,-3.0,42.0,44.0,0,Gerald Austin,AF,win,1.0,over
2005_05_CHI_CLE,2005,REG,5,2005-10-09,CHI,CLE,10.0,20.0,3.0,35.0,30.0,0,Tom White,HF,win,7.0,under
2005_05_CIN_JAX,2005,REG,5,2005-10-09,CIN,JAX,20.0,23.0,3.0,38.0,43.0,0,Bernie Kukar,HF,push,0.0,over
2005_05_IND_SF,2005,REG,5,2005-10-09,IND,SF,28.0,3.0,-14.0,47.0,31.0,0,Larry Nemmers,AF,win,11.0,under
2005_05_MIA_BUF,2005,REG,5,2005-10-09,MIA,BUF,14.0,20.0,2.5,33.0,34.0,1,Walt Coleman,HF,win,3.5,over
2005_05_NE_ATL,2005,REG,5,2005-10-09,NE,ATL,31.0,28.0,2.5,43.5,59.0,0,Terry McAulay,HF,loss,-5.5,over
2005_05_NO_GB,2005,REG,5,2005-10-09,NO,GB,3.0,52.0,3.0,41.0,55.0,0,Tony Corrente,HF,win,46.0,over
2005_05_PHI_DAL,2005,REG,5,2005-10-09,PHI,DAL,10.0,33.0,-3.5,44.0,43.0,1,Bill Vinovich,AF,loss,-26.5,under
2005_05_PIT_SD,2005,REG,5,2005-10-10,PIT,SD,24.0,22.0,3.0,45.5,46.0,0,Jeff Triplette,HF,loss,-5.0,over
2005_05_SEA_STL,2005,REG,5,2005-10-09,SEA,STL,37.0,31.0,3.0,48.0,68.0,1,Ron Winter,HF,loss,-9.0,over
2005_05_TB_NYJ,2005,REG,5,2005-10-09,TB,NYJ,12.0,14.0,-3.5,32.0,26.0,0,Walt Anderson,AF,loss,-5.5,under
2005_05_TEN_HOU,2005,REG,5,2005-10-09,TEN,HOU,34.0,20.0,1.5,40.5,54.0,1,Ed Hochuli,HF,loss,-15.5,over
2005_05_WAS_DEN,2005,REG,5,2005-10-09,WAS,DEN,19.0,21.0,7.0,34.5,40.0,0,Peter Morelli,HF,loss,-5.0,over
2005_06_ATL_NO,2005,REG,6,2005-10-16,ATL,NO,34.0,31.0,-4.0,42.0,65.0,1,Bill Carollo,AF,loss,-1.0,over
2005_06_CIN_TEN,2005,REG,6,2005-10-16,CIN,TEN,31.0,23.0,-3.0,44.5,54.0,0,Ron Winter,AF,win,5.0,over
2005_06_CLE_BAL,2005,REG,6,2005-10-16,CLE,BAL,3.0,16.0,4.0,33.5,19.0,1,Walt Anderson,HF,win,9.0,under
2005_06_HOU_SEA,2005,REG,6,2005-10-16,HOU,SEA,10.0,42.0,8.5,45.5,52.0,0,Scott Green,HF,win,23.5,over
2005_06_JAX_PIT,2005,REG,6,2005-10-16,JAX,PIT,23.0,17.0,5.0,36.0,40.0,0,Terry McAulay,HF,loss,-11.0,over
2005_06_MIA_TB,2005,REG,6,2005-10-16,MIA,TB,13.0,27.0,4.5,33.0,40.0,0,Ed Hochuli,HF,win,9.5,over
2005_06_MIN_CHI,2005,REG,6,2005-10-16,MIN,CHI,3.0,28.0,2.0,37.5,31.0,1,Bernie Kukar,HF,win,23.0,under
2005_06_NE_DEN,2005,REG,6,2005-10-16,NE,DEN,20.0,28.0,3.0,44.0,48.0,0,Walt Coleman,HF,win,5.0,over
2005_06_NYG_DAL,2005,REG,6,2005-10-16,NYG,DAL,13.0,16.0,3.5,45.5,29.0,1,Bill Leavy,HF,loss,-0.5,under
2005_06_NYJ_BUF,2005,REG,6,2005-10-16,NYJ,BUF,17.0,27.0,3.0,33.0,44.0,1,Jeff Triplette,HF,win,7.0,over
2005_06_STL_IND,2005,REG,6,2005-10-17,STL,IND,28.0,45.0,13.0,50.5,73.0,0,Gerry Austin,HF,win,4.0,over
2005_06_WAS_KC,2005,REG,6,2005-10-16,WAS,KC,21.0,28.0,6.5,42.5,49.0,0,Tony Corrente,HF,win,0.5,over
2005_07_BAL_CHI,2005,REG,7,2005-10-23,BAL,CHI,6.0,10.0,1.0,32.0,16.0,0,Ed Hochuli,HF,win,3.0,under
2005_07_BUF_OAK,2005,REG,7,2005-10-23,BUF,OAK,17.0,38.0,3.0,42.0,55.0,0,Peter Morelli,HF,win,18.0,over
2005_07_DAL_SEA,2005,REG,7,2005-10-23,DAL,SEA,10.0,13.0,3.0,45.5,23.0,0,Terry McAulay,HF,push,0.0,under
2005_07_DEN_NYG,2005,REG,7,2005-10-23,DEN,NYG,23.0,24.0,2.0,46.5,47.0,0,Jeff Triplette,HF,loss,-1.0,over
2005_07_DET_CLE,2005,REG,7,2005-10-23,DET,CLE,13.0,10.0,3.0,36.0,23.0,0,Walt Coleman,HF,loss,-6.0,under
2005_07_GB_MIN,2005,REG,7,2005-10-23,GB,MIN,20.0,23.0,2.0,46.0,43.0,1,Bill Leavy,HF,win,1.0,under
2005_07_IND_HOU,2005,REG,7,2005-10-23,IND,HOU,38.0,20.0,-14.5,44.5,58.0,1,Bill Carollo,AF,win,3.5,over
2005_07_KC_MIA,2005,REG,7,2005-10-21,KC,MIA,30.0,20.0,-1.0,42.5,50.0,0,Gerry Austin,AF,win,9.0,over
2005_07_NO_STL,2005,REG,7,2005-10-23,NO,STL,17.0,28.0,5.0,50.0,45.0,0,Mike Carey,HF,win,6.0,under
2005_07_NYJ_ATL,2005,REG,7,2005-10-24,NYJ,ATL,14.0,27.0,7.5,41.0,41.0,0,Bill Vinovich,HF,win,5.5,push
2005_07_PIT_CIN,2005,REG,7,2005-10-23,PIT,CIN,27.0,13.0,3.0,43.0,40.0,1,Tony Corrente,HF,loss,-17.0,under
2005_07_SD_PHI,2005,REG,7,2005-10-23,SD,PHI,17.0,20.0,4.0,47.0,37.0,0,Ron Winter,HF,loss,-1.0,under
2005_07_SF_WAS,2005,REG,7,2005-10-23,SF,WAS,17.0,52.0,11.5,38.0,69.0,0,Scott Green,HF,win,23.5,over
2005_07_TEN_ARI,2005,REG,7,2005-10-23,TEN,ARI,10.0,20.0,3.0,45.0,30.0,0,Larry Nemmers,HF,win,7.0,under
2005_08_ARI_DAL,2005,REG,8,2005-10-30,ARI,DAL,13.0,34.0,7.0,41.0,47.0,0,Mike Carey,HF,win,14.0,over
2005_08_BAL_PIT,2005,REG,8,2005-10-31,BAL,PIT,19.0,20.0,8.5,33.0,39.0,1,Peter Morelli,HF,loss,-7.5,over
2005_08_BUF_NE,2005,REG,8,2005-10-30,BUF,NE,16.0,21.0,7.0,43.5,37.0,1,Ron Winter,HF,loss,-2.0,under
2005_08_CHI_DET,2005,REG,8,2005-10-30,CHI,DET,19.0,13.0,3.0,32.5,32.0,1,Bill Carollo,HF,loss,-9.0,under
2005_08_CLE_HOU,2005,REG,8,2005-10-30,CLE,HOU,16.0,19.0,2.0,37.5,35.0,0,Bill Leavy,HF,win,1.0,under
2005_08_GB_CIN,2005,REG,8,2005-10-30,GB,CIN,14.0,21.0,7.0,46.0,35.0,0,Bill Vinovich,HF,push,0.0,under
2005_08_JAX_STL,2005,REG,8,2005-10-30,JAX,STL,21.0,24.0,-3.0,43.0,45.0,0,Walt Anderson,AF,loss,-6.0,over
2005_08_KC_SD,2005,REG,8,2005-10-30,KC,SD,20.0,28.0,5.0,51.0,48.0,1,Ed Hochuli,HF,win,3.0,under
2005_08_MIA_NO,2005,REG,8,2005-10-30,MIA,NO,21.0,6.0,2.0,41.0,27.0,0,Tom White,HF,loss,-17.0,under
2005_08_MIN_CAR,2005,REG,8,2005-10-30,MIN,CAR,13.0,38.0,8.0,44.0,51.0,0,Scott Green,HF,win,17.0,over
2005_08_OAK_TEN,2005,REG,8,2005-10-30,OAK,TEN,34.0,25.0,-2.0,46.0,59.0,0,Terry McAulay,AF,win,7.0,over
2005_08_PHI_DEN,2005,REG,8,2005-10-30,PHI,DEN,21.0,49.0,3.0,44.0,70.0,0,Bernie Kukar,HF,win,25.0,over
2005_08_TB_SF,2005,REG,8,2005-10-30,TB,SF,10.0,15.0,-11.5,37.0,25.0,0,Tony Corrente,AF,loss,-16.5,under
2005_08_WAS_NYG,2005,REG,8,2005-10-30,WAS,NYG,0.0,36.0,3.0,41.0,36.0,1,Gerry Austin,HF,win,33.0,under
2005_09_ATL_MIA,2005,REG,9,2005-11-06,ATL,MIA,17.0,10.0,-2.0,39.5,27.0,0,Scott Green,AF,win,5.0,under
2005_09_CHI_NO,2005,REG,9,2005-11-06,CHI,NO,20.0,17.0,-2.5,34.5,37.0,0,Bill Leavy,AF,win,0.5,over
2005_09_CIN_BAL,2005,REG,9,2005-11-06,CIN,BAL,21.0,9.0,-3.5,36.0,30.0,1,Jeff Triplette,AF,win,8.5,under
2005_09_DET_MIN,2005,REG,9,2005-11-06,DET,MIN,14.0,27.0,-1.5,37.5,41.0,1,Bill Vinovich,AF,loss,-14.5,over
2005_09_HOU_JAX,2005,REG,9,2005-11-06,HOU,JAX,14.0,21.0,11.0,37.5,35.0,1,Gerry Austin,HF,loss,-4.0,under
2005_09_IND_NE,2005,REG,9,2005-11-07,IND,NE,40.0,21.0,-3.0,46.5,61.0,0,Bernie Kukar,AF,win,16.0,over
2005_09_NYG_SF,2005,REG,9,2005-11-06,NYG,SF,24.0,6.0,-9.5,42.0,30.0,0,Peter Morelli,AF,win,8.5,under
2005_09_OAK_KC,2005,REG,9,2005-11-06,OAK,KC,23.0,27.0,4.5,51.5,50.0,1,Larry Nemmers,HF,loss,-0.5,under
2005_09_PIT_GB,2005,REG,9,2005-11-06,PIT,GB,20.0,10.0,-6.5,42.0,30.0,0,Ed Hochuli,AF,win,3.5,under
2005_09_SD_NYJ,2005,REG,9,2005-11-06,SD,NYJ,31.0,26.0,-5.5,41.5,57.0,0,Walt Coleman,AF,loss,-0.5,over
2005_09_SEA_ARI,2005,REG,9,2005-11-06,SEA,ARI,33.0,19.0,-4.5,44.0,52.0,1,Walt Anderson,AF,win,9.5,over
2005_09_TEN_CLE,2005,REG,9,2005-11-06,TEN,CLE,14.0,20.0,3.0,39.0,34.0,0,Mike Carey,HF,win,3.0,under
2005_10_ARI_DET,2005,REG,10,2005-11-13,ARI,DET,21.0,29.0,4.0,40.0,50.0,0,Scott Green,HF,win,4.0,over
2005_10_BAL_JAX,2005,REG,10,2005-11-13,BAL,JAX,3.0,30.0,8.0,34.0,33.0,0,Walt Coleman,HF,win,19.0,under
2005_10_CLE_PIT,2005,REG,10,2005-11-13,CLE,PIT,21.0,34.0,7.5,34.5,55.0,1,Larry Nemmers,HF,win,5.5,over
2005_10_DAL_PHI,2005,REG,10,2005-11-14,DAL,PHI,21.0,20.0,3.0,40.0,41.0,1,Bill Carollo,HF,loss,-4.0,over
2005_10_DEN_OAK,2005,REG,10,2005-11-13,DEN,OAK,31.0,17.0,-2.5,47.0,48.0,1,Tony Corrente,AF,win,11.5,over
2005_10_GB_ATL,2005,REG,10,2005-11-13,GB,ATL,33.0,25.0,9.5,42.0,58.0,0,Bernie Kukar,HF,loss,-17.5,over
2005_10_HOU_IND,2005,REG,10,2005-11-13,HOU,IND,17.0,31.0,17.0,45.0,48.0,1,Peter Morelli,HF,loss,-3.0,over
2005_10_KC_BUF,2005,REG,10,2005-11-13,KC,BUF,3.0,14.0,2.5,42.5,17.0,0,Tom White,HF,win,8.5,under
2005_10_MIN_NYG,2005,REG,10,2005-11-13,MIN,NYG,24.0,21.0,10.0,45.0,45.0,0,Terry McAulay,HF,loss,-13.0,push
2005_10_NE_MIA,2005,REG,10,2005-11-13,NE,MIA,23.0,16.0,-2.5,40.0,39.0,1,Mike Carey,AF,win,4.5,under
2005_10_NYJ_CAR,2005,REG,10,2005-11-13,NYJ,CAR,3.0,30.0,9.5,40.5,33.0,0,Ron Winter,HF,win,17.5,under
2005_10_SF_CHI,2005,REG,10,2005-11-13,SF,CHI,9.0,17.0,12.0,33.0,26.0,0,Walt Anderson,HF,loss,-4.0,under
2005_10_STL_SEA,2005,REG,10,2005-11-13,STL,SEA,16.0,31.0,7.0,48.5,47.0,1,Jeff Triplette,HF,win,8.0,under
2005_10_WAS_TB,2005,REG,10,2005-11-13,WAS,TB,35.0,36.0,-1.0,34.0,71.0,0,Bill Vinovich,AF,loss,-2.0,over
2005_11_ARI_STL,2005,REG,11,2005-11-20,ARI,STL,38.0,28.0,9.0,48.0,66.0,1,Terry McAulay,HF,loss,-19.0,over
2005_11_BUF_SD,2005,REG,11,2005-11-20,BUF,SD,10.0,48.0,9.0,42.0,58.0,0,Bill Leavy,HF,win,29.0,over
2005_11_CAR_CHI,2005,REG,11,2005-11-20,CAR,CHI,3.0,13.0,-3.0,34.5,16.0,0,Peter Morelli,AF,loss,-13.0,under
2005_11_DET_DAL,2005,REG,11,2005-11-20,DET,DAL,7.0,20.0,8.0,39.0,27.0,0,Ed Hochuli,HF,win,5.0,under
2005_11_IND_CIN,2005,REG,11,2005-11-20,IND,CIN,45.0,37.0,-4.5,48.5,82.0,0,Tom White,AF,win,3.5,over
2005_11_JAX_TEN,2005,REG,11,2005-11-20,JAX,TEN,31.0,28.0,-4.0,38.0,59.0,1,Scott Green,AF,loss,-1.0,over
2005_11_KC_HOU,2005,REG,11,2005-11-20,KC,HOU,45.0,17.0,-6.5,44.5,62.0,0,Walt Coleman,AF,win,21.5,over
2005_11_MIA_CLE,2005,REG,11,2005-11-20,MIA,CLE,0.0,22.0,2.5,34.5,22.0,0,Bernie Kukar,HF,win,19.5,under
2005_11_MIN_GB,2005,REG,11,2005-11-21,MIN,GB,20.0,17.0,3.5,45.0,37.0,1,Walt Anderson,HF,loss,-6.5,under
2005_11_NO_NE,2005,REG,11,2005-11-20,NO,NE,17.0,24.0,10.0,45.0,41.0,0,Gerry Austin,HF,loss,-3.0,under
2005_11_NYJ_DEN,2005,REG,11,2005-11-20,NYJ,DEN,0.0,27.0,13.0,41.0,27.0,0,Bill Carollo,HF,win,14.0,under
2005_11_OAK_WAS,2005,REG,11,2005-11-20,OAK,WAS,16.0,13.0,6.0,42.0,29.0,0,Jeff Triplette,HF,loss,-9.0,under
2005_11_PHI_NYG,2005,REG,11,2005-11-20,PHI,NYG,17.0,27.0,3.5,43.0,44.0,1,Tony Corrente,HF,win,6.5,over
2005_11_PIT_BAL,2005,REG,11,2005-11-20,PIT,BAL,13.0,16.0,-4.0,34.5,29.0,1,Ron Winter,AF,loss,-7.0,under
2005_11_SEA_SF,2005,REG,11,2005-11-20,SEA,SF,27.0,25.0,-12.0,42.5,52.0,1,Mike Carey,AF,loss,-10.0,over
2005_11_TB_ATL,2005,REG,11,2005-11-20,TB,ATL,30.0,27.0,6.0,38.0,57.0,1,Larry Nemmers,HF,loss,-9.0,over
2005_12_ATL_DET,2005,REG,12,2005-11-24,ATL,DET,27.0,7.0,-3.0,40.5,34.0,0,Peter Morelli,AF,win,17.0,under
2005_12_BAL_CIN,2005,REG,12,2005-11-27,BAL,CIN,29.0,42.0,9.0,36.5,71.0,1,Scott Green,HF,win,4.0,over
2005_12_CAR_BUF,2005,REG,12,2005-11-27,CAR,BUF,13.0,9.0,-4.0,36.5,22.0,0,Mike Carey,AF,push,0.0,under
2005_12_CHI_TB,2005,REG,12,2005-11-27,CHI,TB,13.0,10.0,3.0,33.0,23.0,0,Bernie Kukar,HF,loss,-6.0,under
2005_12_CLE_MIN,2005,REG,12,2005-11-27,CLE,MIN,12.0,24.0,3.5,40.0,36.0,0,Tony Corrente,HF,win,8.5,under
2005_12_DEN_DAL,2005,REG,12,2005-11-24,DEN,DAL,24.0,21.0,1.5,41.0,45.0,0,Gerry Austin,HF,loss,-4.5,over
2005_12_GB_PHI,2005,REG,12,2005-11-27,GB,PHI,14.0,19.0,3.5,41.5,33.0,0,Walt Coleman,HF,win,1.5,under
2005_12_JAX_ARI,2005,REG,12,2005-11-27,JAX,ARI,24.0,17.0,-3.5,41.5,41.0,0,Tom White,AF,win,3.5,under
2005_12_MIA_OAK,2005,REG,12,2005-11-27,MIA,OAK,33.0,21.0,7.0,42.5,54.0,0,Ron Winter,HF,loss,-19.0,over
2005_12_NE_KC,2005,REG,12,2005-11-27,NE,KC,16.0,26.0,3.0,51.0,42.0,0,Bill Vinovich,HF,win,7.0,under
2005_12_NO_NYJ,2005,REG,12,2005-11-27,NO,NYJ,21.0,19.0,-1.0,37.0,40.0,0,Terry McAulay,AF,win,1.0,over
2005_12_NYG_SEA,2005,REG,12,2005-11-27,NYG,SEA,21.0,24.0,5.5,47.5,45.0,0,Larry Nemmers,HF,loss,-2.5,under
2005_12_PIT_IND,2005,REG,12,2005-11-28,PIT,IND,7.0,26.0,8.0,47.0,33.0,0,Bill Leavy,HF,win,11.0,under
2005_12_SD_WAS,2005,REG,12,2005-11-27,SD,WAS,23.0,17.0,-3.0,44.0,40.0,0,Walt Anderson,AF,win,3.0,under
2005_12_SF_TEN,2005,REG,12,2005-11-27,SF,TEN,22.0,33.0,7.0,42.5,55.0,0,Jeff Triplette,HF,win,4.0,over
2005_12_STL_HOU,2005,REG,12,2005-11-27,STL,HOU,33.0,27.0,-3.5,44.5,60.0,0,Ed Hochuli,AF,win,2.5,over
2005_13_ARI_SF,2005,REG,13,2005-12-04,ARI,SF,17.0,10.0,-3.0,43.5,27.0,1,Walt Coleman,AF,win,4.0,under
2005_13_ATL_CAR,2005,REG,13,2005-12-04,ATL,CAR,6.0,24.0,3.0,43.5,30.0,1,Gerald Austin,HF,win,15.0,under
2005_13_BUF_MIA,2005,REG,13,2005-12-04,BUF,MIA,23.0,24.0,3.0,35.5,47.0,1,Ed Hochuli,HF,loss,-2.0,over
2005_13_CIN_PIT,2005,REG,13,2005-12-04,CIN,PIT,38.0,31.0,4.0,43.0,69.0,1,Bernie Kukar,HF,loss,-11.0,over
2005_13_DAL_NYG,2005,REG,13,2005-12-04,DAL,NYG,10.0,17.0,3.0,41.0,27.0,1,Walt Anderson,HF,win,4.0,under
2005_13_GB_CHI,2005,REG,13,2005-12-04,GB,CHI,7.0,19.0,7.0,32.0,26.0,1,Larry Nemmers,HF,win,5.0,under
2005_13_HOU_BAL,2005,REG,13,2005-12-04,HOU,BAL,15.0,16.0,7.0,37.0,31.0,0,Terry McAulay,HF,loss,-6.0,under
2005_13_JAX_CLE,2005,REG,13,2005-12-04,JAX,CLE,20.0,14.0,-3.0,36.5,34.0,0,Ron Winter,AF,win,3.0,under
2005_13_MIN_DET,2005,REG,13,2005-12-04,MIN,DET,21.0,16.0,-3.0,38.0,37.0,1,Tom White,AF,win,2.0,under
2005_13_NYJ_NE,2005,REG,13,2005-12-04,NYJ,NE,3.0,16.0,7.5,42.5,19.0,1,Jeff Triplette,HF,win,5.5,under
2005_13_OAK_SD,2005,REG,13,2005-12-04,OAK,SD,10.0,34.0,10.0,50.5,44.0,1,Bill Vinovich,HF,win,14.0,under
2005_13_SEA_PHI,2005,REG,13,2005-12-05,SEA,PHI,42.0,0.0,-3.0,44.0,42.0,0,Scott Green,AF,win,39.0,under
2005_13_TB_NO,2005,REG,13,2005-12-04,TB,NO,10.0,3.0,-3.5,39.0,13.0,1,Peter Morelli,AF,win,3.5,under
2005_13_TEN_IND,2005,REG,13,2005-12-04,TEN,IND,3.0,35.0,14.0,47.5,38.0,1,Tony Corrente,HF,win,18.0,under
2005_13_WAS_STL,2005,REG,13,2005-12-04,WAS,STL,24.0,9.0,-3.0,45.0,33.0,0,Bill Carollo,AF,win,12.0,under
2005_14_BAL_DEN,2005,REG,14,2005-12-11,BAL,DEN,10.0,12.0,14.0,40.5,22.0,0,Walt Anderson,HF,loss,-12.0,under
2005_14_CHI_PIT,2005,REG,14,2005-12-11,CHI,PIT,9.0,21.0,4.0,32.0,30.0,0,Bill Vinovich,HF,win,8.0,under
2005_14_CLE_CIN,2005,REG,14,2005-12-11,CLE,CIN,20.0,23.0,12.5,41.5,43.0,1,Terry McAulay,HF,loss,-9.5,over
2005_14_DET_GB,2005,REG,14,2005-12-11,DET,GB,13.0,16.0,5.5,37.0,29.0,1,Mike Carey,HF,loss,-2.5,under
2005_14_HOU_TEN,2005,REG,14,2005-12-11,HOU,TEN,10.0,13.0,6.5,44.0,23.0,1,Bernie Kukar,HF,loss,-3.5,under
2005_14_IND_JAX,2005,REG,14,2005-12-11,IND,JAX,26.0,18.0,-7.5,43.0,44.0,1,Jeff Triplette,AF,win,0.5,over
2005_14_KC_DAL,2005,REG,14,2005-12-11,KC,DAL,28.0,31.0,3.0,44.0,59.0,0,Peter Morelli,HF,push,0.0,over
2005_14_MIA_SD,2005,REG,14,2005-12-11,MIA,SD,23.0,21.0,13.5,45.0,44.0,0,Tony Corrente,HF,loss,-15.5,under
2005_14_NE_BUF,2005,REG,14,2005-12-11,NE,BUF,35.0,7.0,-3.5,38.0,42.0,1,Bill Carollo,AF,win,24.5,over
2005_14_NO_ATL,2005,REG,14,2005-12-12,NO,ATL,17.0,36.0,10.0,44.0,53.0,1,Ron Winter,HF,win,9.0,over
2005_14_NYG_PHI,2005,REG,14,2005-12-11,NYG,PHI,26.0,23.0,-3.0,40.0,49.0,1,Gerald Austin,AF,push,0.0,over
2005_14_OAK_NYJ,2005,REG,14,2005-12-11,OAK,NYJ,10.0,26.0,-3.0,37.5,36.0,0,Scott Green,AF,loss,-19.0,under
2005_14_SF_SEA,2005,REG,14,2005-12-11,SF,SEA,3.0,41.0,15.5,45.0,44.0,1,Ed Hochuli,HF,win,22.5,under
2005_14_STL_MIN,2005,REG,14,2005-12-11,STL,MIN,13.0,27.0,7.0,45.5,40.0,0,Larry Nemmers,HF,win,7.0,under
2005_14_TB_CAR,2005,REG,14,2005-12-11,TB,CAR,20.0,10.0,5.5,37.0,30.0,1,Walt Coleman,HF,loss,-15.5,under
2005_14_WAS_ARI,2005,REG,14,2005-12-11,WAS,ARI,17.0,13.0,-3.0,41.5,30.0,0,Bill Leavy,AF,win,1.0,under
2005_15_ARI_HOU,2005,REG,15,2005-12-18,ARI,HOU,19.0,30.0,-1.0,43.5,49.0,0,Bill Vinovich,AF,loss,-12.0,over
2005_15_ATL_CHI,2005,REG,15,2005-12-18,ATL,CHI,3.0,16.0,3.0,30.5,19.0,0,Jeff Triplette,HF,win,10.0,under
2005_15_CAR_NO,2005,REG,15,2005-12-18,CAR,NO,27.0,10.0,-7.0,40.5,37.0,1,Tony Corrente,AF,win,10.0,under
2005_15_CIN_DET,2005,REG,15,2005-12-18,CIN,DET,41.0,17.0,-7.5,44.0,58.0,0,Walt Anderson,AF,win,16.5,over
2005_15_CLE_OAK,2005,REG,15,2005-12-18,CLE,OAK,9.0,7.0,3.0,40.5,16.0,0,Mike Carey,HF,loss,-5.0,under
2005_15_DAL_WAS,2005,REG,15,2005-12-18,DAL,WAS,7.0,35.0,3.0,36.0,42.0,1,Ron Winter,HF,win,25.0,over
2005_15_DEN_BUF,2005,REG,15,2005-12-17,DEN,BUF,28.0,17.0,-8.0,35.0,45.0,0,Bernie Kukar,AF,win,3.0,over
2005_15_GB_BAL,2005,REG,15,2005-12-19,GB,BAL,3.0,48.0,3.5,33.0,51.0,0,Tom White,HF,win,41.5,over
2005_15_KC_NYG,2005,REG,15,2005-12-17,KC,NYG,17.0,27.0,3.0,45.5,44.0,0,Bill Carollo,HF,win,7.0,under
2005_15_NYJ_MIA,2005,REG,15,2005-12-18,NYJ,MIA,20.0,24.0,7.5,35.5,44.0,1,Walt Coleman,HF,loss,-3.5,over
2005_15_PHI_STL,2005,REG,15,2005-12-18,PHI,STL,17.0,16.0,3.0,44.0,33.0,0,Bill Leavy,HF,loss,-4.0,under
2005_15_PIT_MIN,2005,REG,15,2005-12-18,PIT,MIN,18.0,3.0,-3.0,41.5,21.0,0,Ed Hochuli,AF,win,12.0,under
2005_15_SD_IND,2005,REG,15,2005-12-18,SD,IND,26.0,17.0,7.5,51.0,43.0,0,Terry McAulay,HF,loss,-16.5,under
2005_15_SEA_TEN,2005,REG,15,2005-12-18,SEA,TEN,28.0,24.0,-7.5,45.0,52.0,0,Gerry Austin,AF,loss,-3.5,over
2005_15_SF_JAX,2005,REG,15,2005-12-18,SF,JAX,9.0,10.0,14.5,39.5,19.0,0,Larry Nemmers,HF,loss,-13.5,under
2005_15_TB_NE,2005,REG,15,2005-12-17,TB,NE,0.0,28.0,4.5,36.0,28.0,0,Scott Green,HF,win,23.5,under
2005_16_ATL_TB,2005,REG,16,2005-12-24,ATL,TB,24.0,27.0,3.0,37.5,51.0,1,Bill Leavy,HF,push,0.0,over
2005_16_BUF_CIN,2005,REG,16,2005-12-24,BUF,CIN,37.0,27.0,13.0,44.0,64.0,0,Peter Morelli,HF,loss,-23.0,over
2005_16_CHI_GB,2005,REG,16,2005-12-25,CHI,GB,24.0,17.0,-7.0,31.0,41.0,1,Scott Green,AF,push,0.0,over
2005_16_DAL_CAR,2005,REG,16,2005-12-24,DAL,CAR,24.0,20.0,5.5,38.5,44.0,0,Terry McAulay,HF,loss,-9.5,over
2005_16_DET_NO,2005,REG,16,2005-12-24,DET,NO,13.0,12.0,3.0,37.5,25.0,0,Larry Nemmers,HF,loss,-4.0,under
2005_16_IND_SEA,2005,REG,16,2005-12-24,IND,SEA,13.0,28.0,7.0,47.0,41.0,0,Bill Vinovich,HF,win,8.0,under
2005_16_JAX_HOU,2005,REG,16,2005-12-24,JAX,HOU,38.0,20.0,-6.0,38.0,58.0,1,Tony Corrente,AF,win,12.0,over
2005_16_MIN_BAL,2005,REG,16,2005-12-25,MIN,BAL,23.0,30.0,2.5,34.0,53.0,0,Gerald Austin,HF,win,4.5,over
2005_16_NE_NYJ,2005,REG,16,2005-12-26,NE,NYJ,31.0,21.0,-4.0,37.5,52.0,1,Ed Hochuli,AF,win,6.0,over
2005_16_NYG_WAS,2005,REG,16,2005-12-24,NYG,WAS,20.0,35.0,3.0,38.0,55.0,1,Walt Coleman,HF,win,12.0,over
2005_16_OAK_DEN,2005,REG,16,2005-12-24,OAK,DEN,3.0,22.0,12.5,42.5,25.0,1,Tom White,HF,win,6.5,under
2005_16_PHI_ARI,2005,REG,16,2005-12-24,PHI,ARI,21.0,27.0,1.0,39.5,48.0,0,Bernie Kukar,HF,win,5.0,over
2005_16_PIT_CLE,2005,REG,16,2005-12-24,PIT,CLE,41.0,0.0,-7.0,33.0,41.0,1,Bill Carollo,AF,win,34.0,over
2005_16_SD_KC,2005,REG,16,2005-12-24,SD,KC,7.0,20.0,1.0,49.5,27.0,1,Mike Carey,HF,win,12.0,under
2005_16_SF_STL,2005,REG,16,2005-12-24,SF,STL,24.0,20.0,9.0,42.0,44.0,1,Ron Winter,HF,loss,-13.0,over
2005_16_TEN_MIA,2005,REG,16,2005-12-24,TEN,MIA,10.0,24.0,5.5,43.0,34.0,0,Walt Anderson,HF,win,8.5,under
2005_17_ARI_IND,2005,REG,17,2006-01-01,ARI,IND,13.0,17.0,6.0,43.5,30.0,0,Ron Winter,HF,loss,-2.0,under
2005_17_BAL_CLE,2005,REG,17,2006-01-01,BAL,CLE,16.0,20.0,-3.0,37.0,36.0,1,Bill Vinovich,AF,loss,-7.0,under
2005_17_BUF_NYJ,2005,REG,17,2006-01-01,BUF,NYJ,26.0,30.0,1.5,37.5,56.0,1,Gerry Austin,HF,win,2.5,over
2005_17_CAR_ATL,2005,REG,17,2006-01-01,CAR,ATL,44.0,11.0,-3.5,42.0,55.0,1,Walt Anderson,AF,win,29.5,over
2005_17_CHI_MIN,2005,REG,17,2006-01-01,CHI,MIN,10.0,34.0,3.0,35.0,44.0,1,Mike Carey,HF,win,21.0,over
2005_17_CIN_KC,2005,REG,17,2006-01-01,CIN,KC,3.0,37.0,7.5,47.0,40.0,0,Ed Hochuli,HF,win,26.5,under
2005_17_DEN_SD,2005,REG,17,2005-12-31,DEN,SD,23.0,7.0,7.0,44.0,30.0,1,Scott Green,HF,loss,-23.0,under
2005_17_DET_PIT,2005,REG,17,2006-01-01,DET,PIT,21.0,35.0,15.5,35.5,56.0,0,Walt Coleman,HF,loss,-1.5,over
2005_17_HOU_SF,2005,REG,17,2006-01-01,HOU,SF,17.0,20.0,-1.0,37.5,37.0,0,Bill Leavy,AF,loss,-4.0,under
2005_17_MIA_NE,2005,REG,17,2006-01-01,MIA,NE,28.0,26.0,3.0,37.0,54.0,1,Tom White,HF,loss,-5.0,over
2005_17_NO_TB,2005,REG,17,2006-01-01,NO,TB,13.0,27.0,13.0,37.5,40.0,1,Jeff Triplette,HF,win,1.0,over
2005_17_NYG_OAK,2005,REG,17,2005-12-31,NYG,OAK,30.0,21.0,-7.5,44.0,51.0,0,Peter Morelli,AF,win,1.5,over
2005_17_SEA_GB,2005,REG,17,2006-01-01,SEA,GB,17.0,23.0,3.0,40.5,40.0,0,Bernie Kukar,HF,win,3.0,under
2005_17_STL_DAL,2005,REG,17,2006-01-01,STL,DAL,20.0,10.0,12.5,43.0,30.0,0,Tony Corrente,HF,loss,-22.5,under
2005_17_TEN_JAX,2005,REG,17,2006-01-01,TEN,JAX,13.0,40.0,4.0,38.0,53.0,1,Bill Carollo,HF,win,23.0,over
2005_17_WAS_PHI,2005,REG,17,2006-01-01,WAS,PHI,31.0,20.0,-7.0,37.0,51.0,1,Terry McAulay,AF,win,4.0,over
2005_18_CAR_NYG,2005,WC,18,2006-01-08,CAR,NYG,23.0,0.0,3.0,43.5,23.0,0,Bill Leavy,HF,loss,-26.0,under
2005_18_JAX_NE,2005,WC,18,2006-01-07,JAX,NE,3.0,28.0,8.0,37.5,31.0,0,Walt Anderson,HF,win,17.0,under
2005_18_PIT_CIN,2005,WC,18,2006-01-08,PIT,CIN,31.0,17.0,-3.0,44.0,48.0,1,Larry Nemmers,AF,win,11.0,over
2005_18_WAS_TB,2005,WC,18,2006-01-07,WAS,TB,17.0,10.0,2.5,37.5,27.0,0,Mike Carey,HF,loss,-9.5,under
2005_19_CAR_CHI,2005,DIV,19,2006-01-15,CAR,CHI,29.0,21.0,3.0,31.0,50.0,0,Walt Coleman,HF,loss,-11.0,over
2005_19_NE_DEN,2005,DIV,19,2006-01-14,NE,DEN,13.0,27.0,3.0,44.0,40.0,0,Jeff Triplette,HF,win,11.0,under
2005_19_PIT_IND,2005,DIV,19,2006-01-15,PIT,IND,21.0,18.0,8.5,46.5,39.0,0,Peter Morelli,HF,loss,-11.5,under
2005_19_WAS_SEA,2005,DIV,19,2006-01-14,WAS,SEA,10.0,20.0,8.5,41.0,30.0,0,Ron Winter,HF,win,1.5,under
2005_20_CAR_SEA,2005,CON,20,2006-01-22,CAR,SEA,14.0,34.0,5.5,43.0,48.0,0,Ed Hochuli,HF,win,14.5,over
2005_20_PIT_DEN,2005,CON,20,2006-01-22,PIT,DEN,34.0,17.0,3.5,41.0,51.0,0,Terry McAulay,HF,loss,-20.5,over
2005_21_SEA_PIT,2005,SB,21,2006-02-05,SEA,PIT,10.0,21.0,4.0,47.0,31.0,0,Bill Leavy,HF,win,7.0,under
2006_01_ATL_CAR,2006,REG,1,2006-09-10,ATL,CAR,20.0,6.0,4.5,39.0,26.0,1,Bill Carollo,HF,loss,-18.5,under
2006_01_BAL_TB,2006,REG,1,2006-09-10,BAL,TB,27.0,0.0,3.0,33.0,27.0,0,Ron Winter,HF,loss,-30.0,under
2006_01_BUF_NE,2006,REG,1,2006-09-10,BUF,NE,17.0,19.0,10.0,41.0,36.0,1,Terry McAulay,HF,loss,-8.0,under
2006_01_CHI_GB,2006,REG,1,2006-09-10,CHI,GB,26.0,0.0,-3.5,35.0,26.0,1,Tony Corrente,AF,win,22.5,under
2006_01_CIN_KC,2006,REG,1,2006-09-10,CIN,KC,23.0,10.0,-1.5,49.5,33.0,0,Larry Nemmers,AF,win,11.5,under
2006_01_DAL_JAX,2006,REG,1,2006-09-10,DAL,JAX,17.0,24.0,-2.5,36.5,41.0,0,Gerry Austin,AF,loss,-9.5,over
2006_01_DEN_STL,2006,REG,1,2006-09-10,DEN,STL,10.0,18.0,-3.5,46.0,28.0,0,Bill Vinovich,AF,loss,-11.5,under
2006_01_IND_NYG,2006,REG,1,2006-09-10,IND,NYG,26.0,21.0,-3.0,47.5,47.0,0,Walt Anderson,AF,win,2.0,under
2006_01_MIA_PIT,2006,REG,1,2006-09-07,MIA,PIT,17.0,28.0,1.5,34.5,45.0,0,Walt Coleman,HF,win,9.5,over
2006_01_MIN_WAS,2006,REG,1,2006-09-11,MIN,WAS,19.0,16.0,4.0,35.5,35.0,0,Mike Carey,HF,loss,-7.0,under
2006_01_NO_CLE,2006,REG,1,2006-09-10,NO,CLE,19.0,14.0,3.0,36.0,33.0,0,Jerome Boger,HF,loss,-8.0,under
2006_01_NYJ_TEN,2006,REG,1,2006-09-10,NYJ,TEN,23.0,16.0,2.5,35.0,39.0,0,Gene Steratore,HF,loss,-9.5,over
2006_01_PHI_HOU,2006,REG,1,2006-09-10,PHI,HOU,24.0,10.0,-6.0,37.0,34.0,0,Peter Morelli,AF,win,8.0,under
2006_01_SD_OAK,2006,REG,1,2006-09-11,SD,OAK,27.0,0.0,-3.0,41.5,27.0,1,Bill Leavy,AF,win,24.0,under
2006_01_SEA_DET,2006,REG,1,2006-09-10,SEA,DET,9.0,6.0,-6.0,44.0,15.0,0,Jeff Triplette,AF,loss,-3.0,under
2006_01_SF_ARI,2006,REG,1,2006-09-10,SF,ARI,27.0,34.0,9.5,44.0,61.0,1,Ed Hochuli,HF,loss,-2.5,over
2006_02_ARI_SEA,2006,REG,2,2006-09-17,ARI,SEA,10.0,21.0,7.0,48.0,31.0,1,Larry Nemmers,HF,win,4.0,under
2006_02_BUF_MIA,2006,REG,2,2006-09-17,BUF,MIA,16.0,6.0,6.5,37.0,22.0,1,Walt Anderson,HF,loss,-16.5,under
2006_02_CAR_MIN,2006,REG,2,2006-09-17,CAR,MIN,13.0,16.0,2.0,37.5,29.0,0,Bill Leavy,HF,win,1.0,under
2006_02_CLE_CIN,2006,REG,2,2006-09-17,CLE,CIN,17.0,34.0,10.5,40.5,51.0,1,Walt Coleman,HF,win,6.5,over
2006_02_DET_CHI,2006,REG,2,2006-09-17,DET,CHI,7.0,34.0,7.0,32.0,41.0,1,Mike Carey,HF,win,20.0,over
2006_02_HOU_IND,2006,REG,2,2006-09-17,HOU,IND,24.0,43.0,12.5,47.0,67.0,1,Jeff Triplette,HF,win,6.5,over
2006_02_KC_DEN,2006,REG,2,2006-09-17,KC,DEN,6.0,9.0,11.0,38.0,15.0,1,Ron Winter,HF,loss,-8.0,under
2006_02_NE_NYJ,2006,REG,2,2006-09-17,NE,NYJ,24.0,17.0,-6.0,38.5,41.0,1,Scott Green,AF,win,1.0,over
2006_02_NO_GB,2006,REG,2,2006-09-17,NO,GB,34.0,27.0,-1.0,40.5,61.0,0,Peter Morelli,AF,win,6.0,over
2006_02_NYG_PHI,2006,REG,2,2006-09-17,NYG,PHI,30.0,24.0,3.0,42.0,54.0,1,Bill Carollo,HF,loss,-9.0,over
2006_02_OAK_BAL,2006,REG,2,2006-09-17,OAK,BAL,6.0,28.0,13.0,34.0,34.0,0,Jerome Boger,HF,win,9.0,push
2006_02_PIT_JAX,2006,REG,2,2006-09-18,PIT,JAX,0.0,9.0,-2.5,36.5,9.0,0,Terry McAulay,AF,loss,-11.5,under
2006_02_STL_SF,2006,REG,2,2006-09-17,STL,SF,13.0,20.0,-3.0,44.5,33.0,1,Gene Steratore,AF,loss,-10.0,under
2006_02_TB_ATL,2006,REG,2,2006-09-17,TB,ATL,3.0,14.0,4.5,36.0,17.0,1,Bill Vinovich,HF,win,6.5,under
2006_02_TEN_SD,2006,REG,2,2006-09-17,TEN,SD,7.0,40.0,12.0,38.5,47.0,0,Ed Hochuli,HF,win,21.0,over
2006_02_WAS_DAL,2006,REG,2,2006-09-17,WAS,DAL,10.0,27.0,7.0,37.0,37.0,1,Tony Corrente,HF,win,10.0,push
2006_03_ATL_NO,2006,REG,3,2006-09-25,ATL,NO,3.0,23.0,-4.0,45.0,26.0,1,Ed Hochuli,AF,loss,-24.0,under
2006_03_BAL_CLE,2006,REG,3,2006-09-24,BAL,CLE,15.0,14.0,-6.5,33.0,29.0,1,Bill Leavy,AF,loss,-5.5,under
2006_03_CAR_TB,2006,REG,3,2006-09-24,CAR,TB,26.0,24.0,-3.0,33.5,50.0,1,Tony Corrente,AF,loss,-1.0,over
2006_03_CHI_MIN,2006,REG,3,2006-09-24,CHI,MIN,19.0,16.0,-3.5,35.0,35.0,1,Scott Green,AF,loss,-0.5,push
2006_03_CIN_PIT,2006,REG,3,2006-09-24,CIN,PIT,28.0,20.0,2.0,42.0,48.0,1,Jeff Triplette,HF,loss,-10.0,over
2006_03_DEN_NE,2006,REG,3,2006-09-24,DEN,NE,17.0,7.0,6.5,38.5,24.0,0,Gerry Austin,HF,loss,-16.5,under
2006_03_GB_DET,2006,REG,3,2006-09-24,GB,DET,31.0,24.0,6.5,41.0,55.0,1,Walt Anderson,HF,loss,-13.5,over
2006_03_JAX_IND,2006,REG,3,2006-09-24,JAX,IND,14.0,21.0,6.5,41.5,35.0,1,Peter Morelli,HF,win,0.5,under
2006_03_NYG_SEA,2006,REG,3,2006-09-24,NYG,SEA,30.0,42.0,4.0,43.0,72.0,0,Mike Carey,HF,win,8.0,over
2006_03_NYJ_BUF,2006,REG,3,2006-09-24,NYJ,BUF,28.0,20.0,6.0,33.0,48.0,1,Jerome Boger,HF,loss,-14.0,over
2006_03_PHI_SF,2006,REG,3,2006-09-24,PHI,SF,38.0,24.0,-6.0,42.5,62.0,0,Terry McAulay,AF,win,8.0,over
2006_03_STL_ARI,2006,REG,3,2006-09-24,STL,ARI,16.0,14.0,5.5,45.0,30.0,1,Bill Carollo,HF,loss,-7.5,under
2006_03_TEN_MIA,2006,REG,3,2006-09-24,TEN,MIA,10.0,13.0,10.5,36.0,23.0,0,Ron Winter,HF,loss,-7.5,under
2006_03_WAS_HOU,2006,REG,3,2006-09-24,WAS,HOU,31.0,15.0,-3.5,37.5,46.0,0,Gene Steratore,AF,win,12.5,over
2006_04_ARI_ATL,2006,REG,4,2006-10-01,ARI,ATL,10.0,32.0,7.0,41.0,42.0,0,Gene Steratore,HF,win,15.0,over
2006_04_CLE_OAK,2006,REG,4,2006-10-01,CLE,OAK,24.0,21.0,-1.0,33.5,45.0,0,Ed Hochuli,AF,win,2.0,over
2006_04_DAL_TEN,2006,REG,4,2006-10-01,DAL,TEN,45.0,14.0,-10.0,37.0,59.0,0,Jerome Boger,AF,win,21.0,over
2006_04_DET_STL,2006,REG,4,2006-10-01,DET,STL,34.0,41.0,5.5,42.0,75.0,0,Larry Nemmers,HF,win,1.5,over
2006_04_GB_PHI,2006,REG,4,2006-10-02,GB,PHI,9.0,31.0,12.0,49.5,40.0,0,Scott Green,HF,win,10.0,under
2006_04_IND_NYJ,2006,REG,4,2006-10-01,IND,NYJ,31.0,28.0,-7.5,46.5,59.0,0,Gerry Austin,AF,loss,-4.5,over
2006_04_JAX_WAS,2006,REG,4,2006-10-01,JAX,WAS,30.0,36.0,-2.5,33.5,66.0,0,Jeff Triplette,AF,loss,-8.5,over
2006_04_MIA_HOU,2006,REG,4,2006-10-01,MIA,HOU,15.0,17.0,-3.5,41.0,32.0,0,Bill Leavy,AF,loss,-5.5,under
2006_04_MIN_BUF,2006,REG,4,2006-10-01,MIN,BUF,12.0,17.0,1.0,34.5,29.0,0,Ron Winter,HF,win,4.0,under
2006_04_NE_CIN,2006,REG,4,2006-10-01,NE,CIN,38.0,13.0,5.5,46.0,51.0,0,Bill Vinovich,HF,loss,-30.5,over
2006_04_NO_CAR,2006,REG,4,2006-10-01,NO,CAR,18.0,21.0,7.0,41.0,39.0,1,Walt Coleman,HF,loss,-4.0,under
2006_04_SD_BAL,2006,REG,4,2006-10-01,SD,BAL,13.0,16.0,1.0,33.5,29.0,0,Mike Carey,HF,win,2.0,under
2006_04_SEA_CHI,2006,REG,4,2006-10-01,SEA,CHI,6.0,37.0,3.5,37.0,43.0,0,Terry McAulay,HF,win,27.5,over
2006_04_SF_KC,2006,REG,4,2006-10-01,SF,KC,0.0,41.0,7.0,39.0,41.0,0,Walt Anderson,HF,win,34.0,over
2006_05_BAL_DEN,2006,REG,5,2006-10-09,BAL,DEN,3.0,13.0,5.5,33.0,16.0,0,Walt Coleman,HF,win,4.5,under
2006_05_BUF_CHI,2006,REG,5,2006-10-08,BUF,CHI,7.0,40.0,9.5,34.5,47.0,0,Bill Carollo,HF,win,23.5,over
2006_05_CLE_CAR,2006,REG,5,2006-10-08,CLE,CAR,12.0,20.0,7.5,38.0,32.0,0,Walt Anderson,HF,win,0.5,under
2006_05_DAL_PHI,2006,REG,5,2006-10-08,DAL,PHI,24.0,38.0,-1.0,43.5,62.0,1,Bill Leavy,AF,loss,-15.0,over
2006_05_DET_MIN,2006,REG,5,2006-10-08,DET,MIN,17.0,26.0,4.0,41.0,43.0,1,Gerry Austin,HF,win,5.0,over
2006_05_KC_ARI,2006,REG,5,2006-10-08,KC,ARI,23.0,20.0,-3.5,40.0,43.0,0,Terry McAulay,AF,loss,-0.5,over
2006_05_MIA_NE,2006,REG,5,2006-10-08,MIA,NE,10.0,20.0,9.5,36.5,30.0,1,Ed Hochuli,HF,win,0.5,under
2006_05_NYJ_JAX,2006,REG,5,2006-10-08,NYJ,JAX,0.0,41.0,7.0,38.5,41.0,0,Tony Corrente,HF,win,34.0,over
2006_05_OAK_SF,2006,REG,5,2006-10-08,OAK,SF,20.0,34.0,3.0,39.0,54.0,0,Peter Morelli,HF,win,11.0,over
2006_05_PIT_SD,2006,REG,5,2006-10-08,PIT,SD,13.0,23.0,3.5,37.0,36.0,0,Bill Vinovich,HF,win,6.5,under
2006_05_STL_GB,2006,REG,5,2006-10-08,STL,GB,23.0,20.0,-2.5,46.5,43.0,0,Ron Winter,AF,win,0.5,under
2006_05_TB_NO,2006,REG,5,2006-10-08,TB,NO,21.0,24.0,7.0,34.5,45.0,1,Gene Steratore,HF,loss,-4.0,over
2006_05_TEN_IND,2006,REG,5,2006-10-08,TEN,IND,13.0,14.0,13.5,47.5,27.0,1,Mike Carey,HF,loss,-12.5,under
2006_05_WAS_NYG,2006,REG,5,2006-10-08,WAS,NYG,3.0,19.0,6.0,46.0,22.0,1,Larry Nemmers,HF,win,10.0,under
2006_06_BUF_DET,2006,REG,6,2006-10-15,BUF,DET,17.0,20.0,-1.0,41.0,37.0,0,Gene Steratore,AF,loss,-4.0,under
2006_06_CAR_BAL,2006,REG,6,2006-10-15,CAR,BAL,23.0,21.0,3.0,33.5,44.0,0,Peter Morelli,HF,loss,-5.0,over
2006_06_CHI_ARI,2006,REG,6,2006-10-16,CHI,ARI,24.0,23.0,-11.5,40.0,47.0,0,Jerome Boger,AF,loss,-10.5,over
2006_06_CIN_TB,2006,REG,6,2006-10-15,CIN,TB,13.0,14.0,-4.5,44.0,27.0,0,Mike Carey,AF,loss,-5.5,under
2006_06_HOU_DAL,2006,REG,6,2006-10-15,HOU,DAL,6.0,34.0,13.0,43.5,40.0,0,Larry Nemmers,HF,win,15.0,under
2006_06_KC_PIT,2006,REG,6,2006-10-15,KC,PIT,7.0,45.0,6.5,37.0,52.0,0,Scott Green,HF,win,31.5,over
2006_06_MIA_NYJ,2006,REG,6,2006-10-15,MIA,NYJ,17.0,20.0,2.0,36.0,37.0,1,Terry McAulay,HF,win,1.0,over
2006_06_NYG_ATL,2006,REG,6,2006-10-15,NYG,ATL,27.0,14.0,3.0,41.0,41.0,0,Walt Coleman,HF,loss,-16.0,push
2006_06_OAK_DEN,2006,REG,6,2006-10-15,OAK,DEN,3.0,13.0,14.0,36.0,16.0,1,Jeff Triplette,HF,loss,-4.0,under
2006_06_PHI_NO,2006,REG,6,2006-10-15,PHI,NO,24.0,27.0,-3.0,47.0,51.0,0,Bill Vinovich,AF,loss,-6.0,over
2006_06_SD_SF,2006,REG,6,2006-10-15,SD,SF,48.0,19.0,-9.5,41.5,67.0,0,Tony Corrente,AF,win,19.5,over
2006_06_SEA_STL,2006,REG,6,2006-10-15,SEA,STL,30.0,28.0,-3.0,45.0,58.0,1,Ed Hochuli,AF,loss,-1.0,over
2006_06_TEN_WAS,2006,REG,6,2006-10-15,TEN,WAS,25.0,22.0,11.5,39.0,47.0,0,Bill Carollo,HF,loss,-14.5,over
2006_07_ARI_OAK,2006,REG,7,2006-10-22,ARI,OAK,9.0,22.0,-3.0,39.5,31.0,0,Bill Vinovich,AF,loss,-16.0,under
2006_07_CAR_CIN,2006,REG,7,2006-10-22,CAR,CIN,14.0,17.0,3.0,44.0,31.0,0,Larry Nemmers,HF,push,0.0,under
2006_07_DEN_CLE,2006,REG,7,2006-10-22,DEN,CLE,17.0,7.0,-4.5,31.0,24.0,0,Tony Corrente,AF,win,5.5,under
2006_07_DET_NYJ,2006,REG,7,2006-10-22,DET,NYJ,24.0,31.0,4.0,43.5,55.0,0,Bill Carollo,HF,win,3.0,over
2006_07_GB_MIA,2006,REG,7,2006-10-22,GB,MIA,34.0,24.0,6.0,40.0,58.0,0,Gene Steratore,HF,loss,-16.0,over
2006_07_JAX_HOU,2006,REG,7,2006-10-22,JAX,HOU,7.0,27.0,-7.5,39.5,34.0,1,Jerome Boger,AF,loss,-27.5,under
2006_07_MIN_SEA,2006,REG,7,2006-10-22,MIN,SEA,31.0,13.0,6.0,40.0,44.0,0,Walt Anderson,HF,loss,-24.0,over
2006_07_NE_BUF,2006,REG,7,2006-10-22,NE,BUF,28.0,6.0,-5.5,35.5,34.0,1,Jeff Triplette,AF,win,16.5,under
2006_07_NYG_DAL,2006,REG,7,2006-10-23,NYG,DAL,36.0,22.0,3.0,43.5,58.0,1,Peter Morelli,HF,loss,-17.0,over
2006_07_PHI_TB,2006,REG,7,2006-10-22,PHI,TB,21.0,23.0,-6.0,42.0,44.0,0,Gerry Austin,AF,loss,-8.0,over
2006_07_PIT_ATL,2006,REG,7,2006-10-22,PIT,ATL,38.0,41.0,-2.5,39.5,79.0,0,Ron Winter,AF,loss,-5.5,over
2006_07_SD_KC,2006,REG,7,2006-10-22,SD,KC,27.0,30.0,-6.0,38.0,57.0,1,Bill Leavy,AF,loss,-9.0,over
2006_07_WAS_IND,2006,REG,7,2006-10-22,WAS,IND,22.0,36.0,8.0,47.0,58.0,0,Scott Green,HF,win,6.0,over
2006_08_ARI_GB,2006,REG,8,2006-10-29,ARI,GB,14.0,31.0,4.0,44.5,45.0,0,Bill Leavy,HF,win,13.0,over
2006_08_ATL_CIN,2006,REG,8,2006-10-29,ATL,CIN,29.0,27.0,3.5,44.5,56.0,0,Walt Anderson,HF,loss,-5.5,over
2006_08_BAL_NO,2006,REG,8,2006-10-29,BAL,NO,35.0,22.0,1.0,37.0,57.0,0,Jerome Boger,HF,loss,-14.0,over
2006_08_DAL_CAR,2006,REG,8,2006-10-29,DAL,CAR,35.0,14.0,4.5,41.0,49.0,0,Scott Green,HF,loss,-25.5,over
2006_08_HOU_TEN,2006,REG,8,2006-10-29,HOU,TEN,22.0,28.0,3.0,41.0,50.0,1,Gerry Austin,HF,win,3.0,over
2006_08_IND_DEN,2006,REG,8,2006-10-29,IND,DEN,34.0,31.0,3.0,40.0,65.0,0,Terry McAulay,HF,loss,-6.0,over
2006_08_JAX_PHI,2006,REG,8,2006-10-29,JAX,PHI,13.0,6.0,9.0,39.0,19.0,0,Ed Hochuli,HF,loss,-16.0,under
2006_08_NE_MIN,2006,REG,8,2006-10-30,NE,MIN,31.0,7.0,-1.0,39.5,38.0,0,Larry Nemmers,AF,win,23.0,under
2006_08_NYJ_CLE,2006,REG,8,2006-10-29,NYJ,CLE,13.0,20.0,1.0,37.0,33.0,0,Mike Carey,HF,win,6.0,under
2006_08_PIT_OAK,2006,REG,8,2006-10-29,PIT,OAK,13.0,20.0,-9.0,39.0,33.0,0,Tony Corrente,AF,loss,-16.0,under
2006_08_SEA_KC,2006,REG,8,2006-10-29,SEA,KC,28.0,35.0,4.0,36.5,63.0,0,Peter Morelli,HF,win,3.0,over
2006_08_SF_CHI,2006,REG,8,2006-10-29,SF,CHI,10.0,41.0,16.0,41.5,51.0,0,Ron Winter,HF,win,15.0,over
2006_08_STL_SD,2006,REG,8,2006-10-29,STL,SD,24.0,38.0,9.5,45.0,62.0,0,Walt Coleman,HF,win,4.5,over
2006_08_TB_NYG,2006,REG,8,2006-10-29,TB,NYG,3.0,17.0,9.5,38.5,20.0,0,Jeff Triplette,HF,win,4.5,under
2006_09_ATL_DET,2006,REG,9,2006-11-05,ATL,DET,14.0,30.0,-5.0,47.5,44.0,0,Jerome Boger,AF,loss,-21.0,under
2006_09_CIN_BAL,2006,REG,9,2006-11-05,CIN,BAL,20.0,26.0,3.0,41.5,46.0,1,Gerry Austin,HF,win,3.0,over
2006_09_CLE_SD,2006,REG,9,2006-11-05,CLE,SD,25.0,32.0,13.0,41.0,57.0,0,Gene Steratore,HF,loss,-6.0,over
2006_09_DAL_WAS,2006,REG,9,2006-11-05,DAL,WAS,19.0,22.0,-3.0,41.0,41.0,1,Terry McAulay,AF,loss,-6.0,push
2006_09_DEN_PIT,2006,REG,9,2006-11-05,DEN,PIT,31.0,20.0,3.0,36.5,51.0,0,Walt Anderson,HF,loss,-14.0,over
2006_09_GB_BUF,2006,REG,9,2006-11-05,GB,BUF,10.0,24.0,3.5,41.0,34.0,0,Walt Coleman,HF,win,10.5,under
2006_09_HOU_NYG,2006,REG,9,2006-11-05,HOU,NYG,10.0,14.0,13.0,43.0,24.0,0,Bill Vinovich,HF,loss,-9.0,under
2006_09_IND_NE,2006,REG,9,2006-11-05,IND,NE,27.0,20.0,3.0,48.0,47.0,0,Ron Winter,HF,loss,-10.0,under
2006_09_KC_STL,2006,REG,9,2006-11-05,KC,STL,31.0,17.0,2.5,48.0,48.0,0,Mike Carey,HF,loss,-16.5,push
2006_09_MIA_CHI,2006,REG,9,2006-11-05,MIA,CHI,31.0,13.0,13.0,37.0,44.0,0,Peter Morelli,HF,loss,-31.0,over
2006_09_MIN_SF,2006,REG,9,2006-11-05,MIN,SF,3.0,9.0,-4.0,42.5,12.0,0,Ed Hochuli,AF,loss,-10.0,under
2006_09_NO_TB,2006,REG,9,2006-11-05,NO,TB,31.0,14.0,1.0,37.5,45.0,1,Bill Leavy,HF,loss,-18.0,over
2006_09_OAK_SEA,2006,REG,9,2006-11-06,OAK,SEA,0.0,16.0,7.0,34.0,16.0,0,Bill Carollo,HF,win,9.0,under
2006_09_TEN_JAX,2006,REG,9,2006-11-05,TEN,JAX,7.0,37.0,9.5,37.5,44.0,1,Scott Green,HF,win,20.5,over
2006_10_BAL_TEN,2006,REG,10,2006-11-12,BAL,TEN,27.0,26.0,-7.0,38.5,53.0,0,Jeff Triplette,AF,loss,-6.0,over
2006_10_BUF_IND,2006,REG,10,2006-11-12,BUF,IND,16.0,17.0,12.0,44.5,33.0,0,Tony Corrente,HF,loss,-11.0,under
2006_10_CHI_NYG,2006,REG,10,2006-11-12,CHI,NYG,38.0,20.0,1.0,37.0,58.0,0,Ed Hochuli,HF,loss,-19.0,over
2006_10_CLE_ATL,2006,REG,10,2006-11-12,CLE,ATL,17.0,13.0,9.0,42.0,30.0,0,Larry Nemmers,HF,loss,-13.0,under
2006_10_DAL_ARI,2006,REG,10,2006-11-12,DAL,ARI,27.0,10.0,-6.5,43.0,37.0,0,Mike Carey,AF,win,10.5,under
2006_10_DEN_OAK,2006,REG,10,2006-11-12,DEN,OAK,17.0,13.0,-9.0,33.5,30.0,1,Bill Leavy,AF,loss,-5.0,under
2006_10_GB_MIN,2006,REG,10,2006-11-12,GB,MIN,23.0,17.0,5.0,40.0,40.0,1,Terry McAulay,HF,loss,-11.0,push
2006_10_HOU_JAX,2006,REG,10,2006-11-12,HOU,JAX,13.0,10.0,10.0,37.0,23.0,1,Gene Steratore,HF,loss,-13.0,under
2006_10_KC_MIA,2006,REG,10,2006-11-12,KC,MIA,10.0,13.0,1.0,40.0,23.0,0,Jerome Boger,HF,win,2.0,under
2006_10_NO_PIT,2006,REG,10,2006-11-12,NO,PIT,31.0,38.0,6.5,45.5,69.0,0,Bill Carollo,HF,win,0.5,over
2006_10_NYJ_NE,2006,REG,10,2006-11-12,NYJ,NE,17.0,14.0,10.5,38.0,31.0,1,Peter Morelli,HF,loss,-13.5,under
2006_10_SD_CIN,2006,REG,10,2006-11-12,SD,CIN,49.0,41.0,-1.0,48.0,90.0,0,Scott Green,AF,win,7.0,over
2006_10_SF_DET,2006,REG,10,2006-11-12,SF,DET,19.0,13.0,6.5,46.0,32.0,0,Walt Coleman,HF,loss,-12.5,under
2006_10_STL_SEA,2006,REG,10,2006-11-12,STL,SEA,22.0,24.0,3.0,43.0,46.0,1,Gerry Austin,HF,loss,-1.0,over
2006_10_TB_CAR,2006,REG,10,2006-11-13,TB,CAR,10.0,24.0,10.0,37.0,34.0,1,Bill Vinovich,HF,win,4.0,under
2006_10_WAS_PHI,2006,REG,10,2006-11-12,WAS,PHI,3.0,27.0,9.0,41.5,30.0,1,Ron Winter,HF,win,15.0,under
2006_11_ATL_BAL,2006,REG,11,2006-11-19,ATL,BAL,10.0,24.0,3.5,41.0,34.0,0,Bill Leavy,HF,win,10.5,under
2006_11_BUF_HOU,2006,REG,11,2006-11-19,BUF,HOU,24.0,21.0,3.0,36.5,45.0,0,Terry McAulay,HF,loss,-6.0,over
2006_11_CHI_NYJ,2006,REG,11,2006-11-19,CHI,NYJ,10.0,0.0,-5.5,39.0,10.0,0,Gene Steratore,AF,win,4.5,under
2006_11_CIN_NO,2006,REG,11,2006-11-19,CIN,NO,31.0,16.0,3.5,51.5,47.0,0,Tony Corrente,HF,loss,-18.5,under
2006_11_DET_ARI,2006,REG,11,2006-11-19,DET,ARI,10.0,17.0,2.5,45.5,27.0,0,Scott Green,HF,win,4.5,under
2006_11_IND_DAL,2006,REG,11,2006-11-19,IND,DAL,14.0,21.0,-1.0,49.0,35.0,0,Bill Vinovich,AF,loss,-8.0,under
2006_11_MIN_MIA,2006,REG,11,2006-11-19,MIN,MIA,20.0,24.0,3.0,34.0,44.0,0,Jeff Triplette,HF,win,1.0,over
2006_11_NE_GB,2006,REG,11,2006-11-19,NE,GB,35.0,0.0,-5.5,45.5,35.0,0,Mike Carey,AF,win,29.5,under
2006_11_NYG_JAX,2006,REG,11,2006-11-20,NYG,JAX,10.0,26.0,4.0,38.0,36.0,0,Ron Winter,HF,win,12.0,under
2006_11_OAK_KC,2006,REG,11,2006-11-19,OAK,KC,13.0,17.0,9.0,36.0,30.0,1,Walt Anderson,HF,loss,-5.0,under
2006_11_PIT_CLE,2006,REG,11,2006-11-19,PIT,CLE,24.0,20.0,-4.0,36.0,44.0,1,Gerry Austin,AF,push,0.0,over
2006_11_SD_DEN,2006,REG,11,2006-11-19,SD,DEN,35.0,27.0,2.5,43.0,62.0,1,Bill Carollo,HF,loss,-10.5,over
2006_11_SEA_SF,2006,REG,11,2006-11-19,SEA,SF,14.0,20.0,-3.0,43.0,34.0,1,Larry Nemmers,AF,loss,-9.0,under
2006_11_STL_CAR,2006,REG,11,2006-11-19,STL,CAR,0.0,15.0,6.5,44.0,15.0,0,Jerome Boger,HF,win,8.5,under
2006_11_TEN_PHI,2006,REG,11,2006-11-19,TEN,PHI,31.0,13.0,13.0,44.0,44.0,0,Walt Coleman,HF,loss,-31.0,push
2006_11_WAS_TB,2006,REG,11,2006-11-19,WAS,TB,17.0,20.0,3.0,33.5,37.0,0,Peter Morelli,HF,push,0.0,over
2006_12_ARI_MIN,2006,REG,12,2006-11-26,ARI,MIN,26.0,31.0,7.0,39.0,57.0,0,Jerome Boger,HF,loss,-2.0,over
2006_12_CAR_WAS,2006,REG,12,2006-11-26,CAR,WAS,13.0,17.0,-5.5,36.5,30.0,0,Ed Hochuli,AF,loss,-9.5,under
2006_12_CHI_NE,2006,REG,12,2006-11-26,CHI,NE,13.0,17.0,4.5,38.0,30.0,0,Walt Coleman,HF,loss,-0.5,under
2006_12_CIN_CLE,2006,REG,12,2006-11-26,CIN,CLE,30.0,0.0,-3.0,44.0,30.0,1,Jeff Triplette,AF,win,27.0,under
2006_12_DEN_KC,2006,REG,12,2006-11-23,DEN,KC,10.0,19.0,1.0,39.0,29.0,1,Bill Vinovich,HF,win,8.0,under
2006_12_GB_SEA,2006,REG,12,2006-11-27,GB,SEA,24.0,34.0,10.0,42.0,58.0,0,Tony Corrente,HF,push,0.0,over
2006_12_HOU_NYJ,2006,REG,12,2006-11-26,HOU,NYJ,11.0,26.0,4.5,40.5,37.0,0,Bill Leavy,HF,win,10.5,under
2006_12_JAX_BUF,2006,REG,12,2006-11-26,JAX,BUF,24.0,27.0,-3.0,35.0,51.0,0,Gerry Austin,AF,loss,-6.0,over
2006_12_MIA_DET,2006,REG,12,2006-11-23,MIA,DET,27.0,10.0,-3.0,40.5,37.0,0,Ron Winter,AF,win,14.0,under
2006_12_NO_ATL,2006,REG,12,2006-11-26,NO,ATL,31.0,13.0,3.0,48.0,44.0,1,Scott Green,HF,loss,-21.0,under
2006_12_NYG_TEN,2006,REG,12,2006-11-26,NYG,TEN,21.0,24.0,-4.0,45.0,45.0,0,Larry Nemmers,AF,loss,-7.0,push
2006_12_OAK_SD,2006,REG,12,2006-11-26,OAK,SD,14.0,21.0,13.5,43.0,35.0,1,Mike Carey,HF,loss,-6.5,under
2006_12_PHI_IND,2006,REG,12,2006-11-26,PHI,IND,21.0,45.0,10.0,44.0,66.0,0,Bill Carollo,HF,win,14.0,over
2006_12_PIT_BAL,2006,REG,12,2006-11-26,PIT,BAL,0.0,27.0,3.0,40.5,27.0,1,Gene Steratore,HF,win,24.0,under
2006_12_SF_STL,2006,REG,12,2006-11-26,SF,STL,17.0,20.0,4.5,44.5,37.0,1,Terry McAulay,HF,loss,-1.5,under
2006_12_TB_DAL,2006,REG,12,2006-11-23,TB,DAL,10.0,38.0,12.5,39.0,48.0,0,Walt Anderson,HF,win,15.5,over
2006_13_ARI_STL,2006,REG,13,2006-12-03,ARI,STL,34.0,20.0,6.0,45.5,54.0,1,Ron Winter,HF,loss,-20.0,over
2006_13_ATL_WAS,2006,REG,13,2006-12-03,ATL,WAS,24.0,14.0,-1.0,39.0,38.0,0,Gerry Austin,AF,win,9.0,under
2006_13_BAL_CIN,2006,REG,13,2006-11-30,BAL,CIN,7.0,13.0,3.0,42.0,20.0,1,Peter Morelli,HF,win,3.0,under
2006_13_CAR_PHI,2006,REG,13,2006-12-04,CAR,PHI,24.0,27.0,-3.0,37.5,51.0,0,Walt Anderson,AF,loss,-6.0,over
2006_13_DAL_NYG,2006,REG,13,2006-12-03,DAL,NYG,23.0,20.0,-3.0,43.0,43.0,1,Walt Coleman,AF,push,0.0,push
2006_13_DET_NE,2006,REG,13,2006-12-03,DET,NE,21.0,28.0,13.0,41.0,49.0,0,Jeff Triplette,HF,loss,-6.0,over
2006_13_HOU_OAK,2006,REG,13,2006-12-03,HOU,OAK,23.0,14.0,3.0,35.0,37.0,0,Jerome Boger,HF,loss,-12.0,over
2006_13_IND_TEN,2006,REG,13,2006-12-03,IND,TEN,17.0,20.0,-7.5,47.0,37.0,1,Bill Leavy,AF,loss,-10.5,under
2006_13_JAX_MIA,2006,REG,13,2006-12-03,JAX,MIA,24.0,10.0,1.0,35.5,34.0,0,Bill Vinovich,HF,loss,-15.0,under
2006_13_KC_CLE,2006,REG,13,2006-12-03,KC,CLE,28.0,31.0,-4.0,36.0,59.0,0,Bill Carollo,AF,loss,-7.0,over
2006_13_MIN_CHI,2006,REG,13,2006-12-03,MIN,CHI,13.0,23.0,9.0,34.0,36.0,1,Tony Corrente,HF,win,1.0,over
2006_13_NYJ_GB,2006,REG,13,2006-12-03,NYJ,GB,38.0,10.0,1.0,39.0,48.0,0,Larry Nemmers,HF,loss,-29.0,over
2006_13_SD_BUF,2006,REG,13,2006-12-03,SD,BUF,24.0,21.0,-5.5,40.0,45.0,0,Ed Hochuli,AF,loss,-2.5,over
2006_13_SEA_DEN,2006,REG,13,2006-12-03,SEA,DEN,23.0,20.0,4.5,41.0,43.0,0,Scott Green,HF,loss,-7.5,over
2006_13_SF_NO,2006,REG,13,2006-12-03,SF,NO,10.0,34.0,7.0,45.0,44.0,0,Mike Carey,HF,win,17.0,under
2006_13_TB_PIT,2006,REG,13,2006-12-03,TB,PIT,3.0,20.0,9.0,39.5,23.0,0,Terry McAulay,HF,win,8.0,under
2006_14_ATL_TB,2006,REG,14,2006-12-10,ATL,TB,17.0,6.0,-4.0,37.5,23.0,1,Walt Coleman,AF,win,7.0,under
2006_14_BAL_KC,2006,REG,14,2006-12-10,BAL,KC,20.0,10.0,3.0,37.0,30.0,0,Ed Hochuli,HF,loss,-13.0,under
2006_14_BUF_NYJ,2006,REG,14,2006-12-10,BUF,NYJ,31.0,13.0,4.5,38.0,44.0,1,Walt Anderson,HF,loss,-22.5,over
2006_14_CHI_STL,2006,REG,14,2006-12-11,CHI,STL,42.0,27.0,-6.0,41.5,69.0,0,Jeff Triplette,AF,win,9.0,over
2006_14_CLE_PIT,2006,REG,14,2006-12-07,CLE,PIT,7.0,27.0,7.0,34.0,34.0,1,Bill Vinovich,HF,win,13.0,push
2006_14_DEN_SD,2006,REG,14,2006-12-10,DEN,SD,20.0,48.0,9.0,41.0,68.0,1,Peter Morelli,HF,win,19.0,over
2006_14_GB_SF,2006,REG,14,2006-12-10,GB,SF,30.0,19.0,4.0,44.0,49.0,0,Bill Leavy,HF,loss,-15.0,over
2006_14_IND_JAX,2006,REG,14,2006-12-10,IND,JAX,17.0,44.0,-1.0,44.0,61.0,1,Jerome Boger,AF,loss,-28.0,over
2006_14_MIN_DET,2006,REG,14,2006-12-10,MIN,DET,30.0,20.0,1.0,40.5,50.0,1,Bill Carollo,HF,loss,-11.0,over
2006_14_NE_MIA,2006,REG,14,2006-12-10,NE,MIA,0.0,21.0,-3.0,37.0,21.0,1,Larry Nemmers,AF,loss,-24.0,under
2006_14_NO_DAL,2006,REG,14,2006-12-10,NO,DAL,42.0,17.0,7.5,47.0,59.0,0,Gerry Austin,HF,loss,-32.5,over
2006_14_NYG_CAR,2006,REG,14,2006-12-10,NYG,CAR,27.0,13.0,-3.0,38.5,40.0,0,Terry McAulay,AF,win,11.0,over
2006_14_OAK_CIN,2006,REG,14,2006-12-10,OAK,CIN,10.0,27.0,10.5,40.0,37.0,0,Ron Winter,HF,win,6.5,under
2006_14_PHI_WAS,2006,REG,14,2006-12-10,PHI,WAS,21.0,19.0,-2.0,40.0,40.0,1,Scott Green,AF,push,0.0,push
2006_14_SEA_ARI,2006,REG,14,2006-12-10,SEA,ARI,21.0,27.0,-3.0,44.5,48.0,1,Gene Steratore,AF,loss,-9.0,over
2006_14_TEN_HOU,2006,REG,14,2006-12-10,TEN,HOU,26.0,20.0,1.0,42.0,46.0,1,Tony Corrente,HF,loss,-7.0,over
2006_15_CIN_IND,2006,REG,15,2006-12-18,CIN,IND,16.0,34.0,3.5,55.0,50.0,0,Gene Steratore,HF,win,14.5,under
2006_15_CLE_BAL,2006,REG,15,2006-12-17,CLE,BAL,17.0,27.0,13.0,35.5,44.0,1,Terry McAulay,HF,loss,-3.0,over
2006_15_DAL_ATL,2006,REG,15,2006-12-16,DAL,ATL,38.0,28.0,-4.0,45.0,66.0,0,Jerome Boger,AF,win,6.0,over
2006_15_DEN_ARI,2006,REG,15,2006-12-17,DEN,ARI,37.0,20.0,-2.5,44.0,57.0,0,Walt Anderson,AF,win,14.5,over
2006_15_DET_GB,2006,REG,15,2006-12-17,DET,GB,9.0,17.0,6.0,45.0,26.0,1,Ed Hochuli,HF,win,2.0,under
2006_15_HOU_NE,2006,REG,15,2006-12-17,HOU,NE,7.0,40.0,13.0,37.5,47.0,0,Scott Green,HF,win,20.0,over
2006_15_JAX_TEN,2006,REG,15,2006-12-17,JAX,TEN,17.0,24.0,-3.5,40.5,41.0,1,Mike Carey,AF,loss,-10.5,over
2006_15_KC_SD,2006,REG,15,2006-12-17,KC,SD,9.0,20.0,9.5,46.5,29.0,1,Jeff Triplette,HF,win,1.5,under
2006_15_MIA_BUF,2006,REG,15,2006-12-17,MIA,BUF,0.0,21.0,1.0,34.0,21.0,1,Bill Carollo,HF,win,20.0,under
2006_15_NYJ_MIN,2006,REG,15,2006-12-17,NYJ,MIN,26.0,13.0,3.5,41.0,39.0,0,Bill Vinovich,HF,loss,-16.5,under
2006_15_PHI_NYG,2006,REG,15,2006-12-17,PHI,NYG,36.0,22.0,5.5,45.5,58.0,1,Gerry Austin,HF,loss,-19.5,over
2006_15_PIT_CAR,2006,REG,15,2006-12-17,PIT,CAR,37.0,3.0,-3.0,39.0,40.0,0,Ron Winter,AF,win,31.0,over
2006_15_SF_SEA,2006,REG,15,2006-12-14,SF,SEA,24.0,14.0,10.0,38.0,38.0,1,Peter Morelli,HF,loss,-20.0,push
2006_15_STL_OAK,2006,REG,15,2006-12-17,STL,OAK,20.0,0.0,3.0,40.0,20.0,0,Tony Corrente,HF,loss,-23.0,under
2006_15_TB_CHI,2006,REG,15,2006-12-17,TB,CHI,31.0,34.0,13.0,35.0,65.0,0,Larry Nemmers,HF,loss,-10.0,over
2006_15_WAS_NO,2006,REG,15,2006-12-17,WAS,NO,16.0,10.0,10.0,47.0,26.0,0,Walt Coleman,HF,loss,-16.0,under
2006_16_ARI_SF,2006,REG,16,2006-12-24,ARI,SF,26.0,20.0,3.5,45.0,46.0,1,Bill Vinovich,HF,loss,-9.5,over
2006_16_BAL_PIT,2006,REG,16,2006-12-24,BAL,PIT,31.0,7.0,4.0,37.0,38.0,1,Larry Nemmers,HF,loss,-28.0,over
2006_16_CAR_ATL,2006,REG,16,2006-12-24,CAR,ATL,10.0,3.0,6.0,40.5,13.0,1,Tony Corrente,HF,loss,-13.0,under
2006_16_CHI_DET,2006,REG,16,2006-12-24,CHI,DET,26.0,21.0,-6.0,41.5,47.0,1,Terry McAulay,AF,loss,-1.0,over
2006_16_CIN_DEN,2006,REG,16,2006-12-24,CIN,DEN,23.0,24.0,3.0,44.5,47.0,0,Walt Coleman,HF,loss,-2.0,over
2006_16_IND_HOU,2006,REG,16,2006-12-24,IND,HOU,24.0,27.0,-9.0,47.0,51.0,1,Ed Hochuli,AF,loss,-12.0,over
2006_16_KC_OAK,2006,REG,16,2006-12-23,KC,OAK,20.0,9.0,-7.0,36.5,29.0,1,Peter Morelli,AF,win,4.0,under
2006_16_MIN_GB,2006,REG,16,2006-12-21,MIN,GB,7.0,9.0,4.0,38.0,16.0,1,Gene Steratore,HF,loss,-2.0,under
2006_16_NE_JAX,2006,REG,16,2006-12-24,NE,JAX,24.0,21.0,3.0,36.5,45.0,0,Walt Anderson,HF,loss,-6.0,over
2006_16_NO_NYG,2006,REG,16,2006-12-24,NO,NYG,30.0,7.0,3.0,47.0,37.0,0,Bill Carollo,HF,loss,-26.0,under
2006_16_NYJ_MIA,2006,REG,16,2006-12-25,NYJ,MIA,13.0,10.0,2.5,36.0,23.0,1,Gerry Austin,HF,loss,-5.5,under
2006_16_PHI_DAL,2006,REG,16,2006-12-25,PHI,DAL,23.0,7.0,6.5,47.5,30.0,1,Mike Carey,HF,loss,-22.5,under
2006_16_SD_SEA,2006,REG,16,2006-12-24,SD,SEA,20.0,17.0,-4.0,45.0,37.0,0,Ron Winter,AF,loss,-1.0,under
2006_16_TB_CLE,2006,REG,16,2006-12-24,TB,CLE,22.0,7.0,3.5,37.5,29.0,0,Scott Green,HF,loss,-18.5,under
2006_16_TEN_BUF,2006,REG,16,2006-12-24,TEN,BUF,30.0,29.0,5.5,37.5,59.0,0,Jeff Triplette,HF,loss,-6.5,over
2006_16_WAS_STL,2006,REG,16,2006-12-24,WAS,STL,31.0,37.0,1.0,43.0,68.0,0,Bill Leavy,HF,win,5.0,over
2006_17_ARI_SD,2006,REG,17,2006-12-31,ARI,SD,20.0,27.0,13.5,44.5,47.0,0,Gerry Austin,HF,loss,-6.5,over
2006_17_ATL_PHI,2006,REG,17,2006-12-31,ATL,PHI,17.0,24.0,7.0,43.0,41.0,0,Terry McAulay,HF,push,0.0,under
2006_17_BUF_BAL,2006,REG,17,2006-12-31,BUF,BAL,7.0,19.0,9.5,37.0,26.0,0,Scott Green,HF,win,2.5,under
2006_17_CAR_NO,2006,REG,17,2006-12-31,CAR,NO,31.0,21.0,-3.0,38.0,52.0,1,Bill Leavy,AF,win,7.0,over
2006_17_CLE_HOU,2006,REG,17,2006-12-31,CLE,HOU,6.0,14.0,6.0,38.0,20.0,0,Mike Carey,HF,win,2.0,under
2006_17_DET_DAL,2006,REG,17,2006-12-31,DET,DAL,39.0,31.0,13.5,45.5,70.0,0,Gene Steratore,HF,loss,-21.5,over
2006_17_GB_CHI,2006,REG,17,2006-12-31,GB,CHI,26.0,7.0,2.5,37.0,33.0,1,Bill Vinovich,HF,loss,-21.5,under
2006_17_JAX_KC,2006,REG,17,2006-12-31,JAX,KC,30.0,35.0,1.0,36.5,65.0,0,Tony Corrente,HF,win,4.0,over
2006_17_MIA_IND,2006,REG,17,2006-12-31,MIA,IND,22.0,27.0,9.5,44.0,49.0,0,Walt Coleman,HF,loss,-4.5,over
2006_17_NE_TEN,2006,REG,17,2006-12-31,NE,TEN,40.0,23.0,3.5,41.0,63.0,0,Ed Hochuli,HF,loss,-20.5,over
2006_17_NYG_WAS,2006,REG,17,2006-12-30,NYG,WAS,34.0,28.0,-1.0,43.0,62.0,1,Walt Anderson,AF,win,5.0,over
2006_17_OAK_NYJ,2006,REG,17,2006-12-31,OAK,NYJ,3.0,23.0,10.0,34.0,26.0,0,Jeff Triplette,HF,win,10.0,under
2006_17_PIT_CIN,2006,REG,17,2006-12-31,PIT,CIN,23.0,17.0,6.0,45.0,40.0,1,Bill Carollo,HF,loss,-12.0,under
2006_17_SEA_TB,2006,REG,17,2006-12-31,SEA,TB,23.0,7.0,3.0,37.0,30.0,0,Jerome Boger,HF,loss,-19.0,under
2006_17_SF_DEN,2006,REG,17,2006-12-31,SF,DEN,26.0,23.0,10.5,39.0,49.0,0,Larry Nemmers,HF,loss,-13.5,over
2006_17_STL_MIN,2006,REG,17,2006-12-31,STL,MIN,41.0,21.0,-1.0,43.0,62.0,0,Peter Morelli,AF,win,19.0,over
2006_18_DAL_SEA,2006,WC,18,2007-01-06,DAL,SEA,20.0,21.0,1.0,48.0,41.0,0,Walt Anderson,HF,push,0.0,under
2006_18_KC_IND,2006,WC,18,2007-01-06,KC,IND,8.0,23.0,7.0,50.5,31.0,0,Jeff Triplette,HF,win,8.0,under
2006_18_NYG_PHI,2006,WC,18,2007-01-07,NYG,PHI,20.0,23.0,6.5,45.5,43.0,1,Peter Morelli,HF,loss,-3.5,under
2006_18_NYJ_NE,2006,WC,18,2007-01-07,NYJ,NE,16.0,37.0,9.5,38.5,53.0,1,Bill Vinovich,HF,win,11.5,over
2006_19_IND_BAL,2006,DIV,19,2007-01-13,IND,BAL,15.0,6.0,4.0,41.0,21.0,0,Bill Leavy,HF,loss,-13.0,under
2006_19_NE_SD,2006,DIV,19,2007-01-14,NE,SD,24.0,21.0,5.0,45.5,45.0,0,Tony Corrente,HF,loss,-8.0,under
2006_19_PHI_NO,2006,DIV,19,2007-01-13,PHI,NO,24.0,27.0,5.5,48.5,51.0,0,Mike Carey,HF,loss,-2.5,over
2006_19_SEA_CHI,2006,DIV,19,2007-01-14,SEA,CHI,24.0,27.0,3.5,37.5,51.0,0,Gerry Austin,HF,loss,-0.5,over
2006_20_NE_IND,2006,CON,20,2007-01-21,NE,IND,34.0,38.0,3.5,47.0,72.0,0,Bill Carollo,HF,win,0.5,over
2006_20_NO_CHI,2006,CON,20,2007-01-21,NO,CHI,14.0,39.0,2.5,42.5,53.0,0,Terry McAulay,HF,win,22.5,over
2006_21_IND_CHI,2006,SB,21,2007-02-04,IND,CHI,29.0,17.0,-6.5,47.0,46.0,0,Tony Corrente,AF,win,5.5,under
2007_01_ARI_SF,2007,REG,1,2007-09-10,ARI,SF,17.0,20.0,3.5,47.0,37.0,1,Walt Coleman,HF,loss,-0.5,under
2007_01_ATL_MIN,2007,REG,1,2007-09-09,ATL,MIN,3.0,24.0,3.0,34.5,27.0,0,John Parry,HF,win,18.0,under
2007_01_BAL_CIN,2007,REG,1,2007-09-10,BAL,CIN,20.0,27.0,2.5,39.5,47.0,1,Terry McAulay,HF,win,4.5,over
2007_01_CAR_STL,2007,REG,1,2007-09-09,CAR,STL,27.0,13.0,1.5,43.0,40.0,0,Bill Leavy,HF,loss,-15.5,under
2007_01_CHI_SD,2007,REG,1,2007-09-09,CHI,SD,3.0,14.0,7.0,43.0,17.0,0,Peter Morelli,HF,win,4.0,under
2007_01_DEN_BUF,2007,REG,1,2007-09-09,DEN,BUF,15.0,14.0,-3.0,38.0,29.0,0,Gerry Austin,AF,loss,-2.0,under
2007_01_DET_OAK,2007,REG,1,2007-09-09,DET,OAK,36.0,21.0,3.0,39.5,57.0,0,Tony Corrente,HF,loss,-18.0,over
2007_01_KC_HOU,2007,REG,1,2007-09-09,KC,HOU,3.0,20.0,3.0,37.5,23.0,0,Jerome Boger,HF,win,14.0,under
2007_01_MIA_WAS,2007,REG,1,2007-09-09,MIA,WAS,13.0,16.0,3.0,34.0,29.0,0,Gene Steratore,HF,push,0.0,under
2007_01_NE_NYJ,2007,REG,1,2007-09-09,NE,NYJ,38.0,14.0,-6.0,41.5,52.0,1,Jeff Triplette,AF,win,18.0,over
2007_01_NO_IND,2007,REG,1,2007-09-06,NO,IND,10.0,41.0,5.5,52.5,51.0,0,Walt Anderson,HF,win,25.5,under
2007_01_NYG_DAL,2007,REG,1,2007-09-09,NYG,DAL,35.0,45.0,6.0,44.0,80.0,1,Ed Hochuli,HF,win,4.0,over
2007_01_PHI_GB,2007,REG,1,2007-09-09,PHI,GB,13.0,16.0,-3.0,41.5,29.0,0,Mike Carey,AF,loss,-6.0,under
2007_01_PIT_CLE,2007,REG,1,2007-09-09,PIT,CLE,34.0,7.0,-4.5,36.5,41.0,1,Scott Green,AF,win,22.5,over
2007_01_TB_SEA,2007,REG,1,2007-09-09,TB,SEA,6.0,20.0,6.0,40.5,26.0,0,Larry Nemmers,HF,win,8.0,under
2007_01_TEN_JAX,2007,REG,1,2007-09-09,TEN,JAX,13.0,10.0,7.5,39.5,23.0,1,Bill Carollo,HF,loss,-10.5,under
2007_02_ATL_JAX,2007,REG,2,2007-09-16,ATL,JAX,7.0,13.0,10.0,34.5,20.0,0,Tony Corrente,HF,loss,-4.0,under
2007_02_BUF_PIT,2007,REG,2,2007-09-16,BUF,PIT,3.0,26.0,10.0,39.5,29.0,0,Larry Nemmers,HF,win,13.0,under
2007_02_CIN_CLE,2007,REG,2,2007-09-16,CIN,CLE,45.0,51.0,-7.0,41.5,96.0,1,Peter Morelli,AF,loss,-13.0,over
2007_02_DAL_MIA,2007,REG,2,2007-09-16,DAL,MIA,37.0,20.0,-3.5,39.5,57.0,0,Terry McAulay,AF,win,13.5,over
2007_02_GB_NYG,2007,REG,2,2007-09-16,GB,NYG,35.0,13.0,3.0,40.0,48.0,0,Gene Steratore,HF,loss,-25.0,over
2007_02_HOU_CAR,2007,REG,2,2007-09-16,HOU,CAR,34.0,21.0,6.5,38.0,55.0,0,John Parry,HF,loss,-19.5,over
2007_02_IND_TEN,2007,REG,2,2007-09-16,IND,TEN,22.0,20.0,-7.0,45.0,42.0,1,Walt Coleman,AF,loss,-5.0,under
2007_02_KC_CHI,2007,REG,2,2007-09-16,KC,CHI,10.0,20.0,11.5,35.0,30.0,0,Mike Carey,HF,loss,-1.5,under
2007_02_MIN_DET,2007,REG,2,2007-09-16,MIN,DET,17.0,20.0,3.0,42.5,37.0,1,Bill Leavy,HF,push,0.0,under
2007_02_NO_TB,2007,REG,2,2007-09-16,NO,TB,14.0,31.0,-5.0,41.5,45.0,1,Gerry Austin,AF,loss,-22.0,over
2007_02_NYJ_BAL,2007,REG,2,2007-09-16,NYJ,BAL,13.0,20.0,9.5,33.0,33.0,0,Scott Green,HF,loss,-2.5,push
2007_02_OAK_DEN,2007,REG,2,2007-09-16,OAK,DEN,20.0,23.0,10.0,37.0,43.0,1,Walt Anderson,HF,loss,-7.0,over
2007_02_SD_NE,2007,REG,2,2007-09-16,SD,NE,14.0,38.0,3.5,46.0,52.0,0,Ed Hochuli,HF,win,20.5,over
2007_02_SEA_ARI,2007,REG,2,2007-09-16,SEA,ARI,20.0,23.0,-3.0,42.5,43.0,1,Ron Winter,AF,loss,-6.0,over
2007_02_SF_STL,2007,REG,2,2007-09-16,SF,STL,17.0,16.0,3.0,44.0,33.0,1,Jeff Triplette,HF,loss,-4.0,under
2007_02_WAS_PHI,2007,REG,2,2007-09-17,WAS,PHI,20.0,12.0,6.5,39.0,32.0,1,Bill Carollo,HF,loss,-14.5,under
2007_03_ARI_BAL,2007,REG,3,2007-09-23,ARI,BAL,23.0,26.0,7.0,35.5,49.0,0,Jerome Boger,HF,loss,-4.0,over
2007_03_BUF_NE,2007,REG,3,2007-09-23,BUF,NE,7.0,38.0,16.5,41.0,45.0,1,Scott Green,HF,win,14.5,over
2007_03_CAR_ATL,2007,REG,3,2007-09-23,CAR,ATL,27.0,20.0,-4.0,38.0,47.0,1,Larry Nemmers,AF,win,3.0,over
2007_03_CIN_SEA,2007,REG,3,2007-09-23,CIN,SEA,21.0,24.0,3.5,49.5,45.0,0,Ed Hochuli,HF,loss,-0.5,under
2007_03_CLE_OAK,2007,REG,3,2007-09-23,CLE,OAK,24.0,26.0,3.0,41.5,50.0,0,John Parry,HF,loss,-1.0,over
2007_03_DAL_CHI,2007,REG,3,2007-09-23,DAL,CHI,34.0,10.0,3.0,41.0,44.0,0,Ron Winter,HF,loss,-27.0,over
2007_03_DET_PHI,2007,REG,3,2007-09-23,DET,PHI,21.0,56.0,5.0,44.5,77.0,0,Gene Steratore,HF,win,30.0,over
2007_03_IND_HOU,2007,REG,3,2007-09-23,IND,HOU,30.0,24.0,-6.5,46.0,54.0,1,Peter Morelli,AF,loss,-0.5,over
2007_03_JAX_DEN,2007,REG,3,2007-09-23,JAX,DEN,23.0,14.0,3.5,36.0,37.0,0,Terry McAulay,HF,loss,-12.5,over
2007_03_MIA_NYJ,2007,REG,3,2007-09-23,MIA,NYJ,28.0,31.0,3.0,36.5,59.0,1,Bill Leavy,HF,push,0.0,over
2007_03_MIN_KC,2007,REG,3,2007-09-23,MIN,KC,10.0,13.0,3.0,34.0,23.0,0,Walt Anderson,HF,push,0.0,under
2007_03_NYG_WAS,2007,REG,3,2007-09-23,NYG,WAS,24.0,17.0,3.5,41.5,41.0,1,Walt Coleman,HF,loss,-10.5,under
2007_03_SD_GB,2007,REG,3,2007-09-23,SD,GB,24.0,31.0,-5.5,42.5,55.0,0,Jeff Triplette,AF,loss,-12.5,over
2007_03_SF_PIT,2007,REG,3,2007-09-23,SF,PIT,16.0,37.0,10.0,37.5,53.0,0,Gerry Austin,HF,win,11.0,over
2007_03_STL_TB,2007,REG,3,2007-09-23,STL,TB,3.0,24.0,3.5,38.5,27.0,0,Bill Carollo,HF,win,17.5,under
2007_03_TEN_NO,2007,REG,3,2007-09-24,TEN,NO,31.0,14.0,4.5,46.0,45.0,0,Mike Carey,HF,loss,-21.5,under
2007_04_BAL_CLE,2007,REG,4,2007-09-30,BAL,CLE,13.0,27.0,-3.5,40.0,40.0,1,Ron Winter,AF,loss,-17.5,push
2007_04_CHI_DET,2007,REG,4,2007-09-30,CHI,DET,27.0,37.0,-2.5,46.0,64.0,1,Bill Carollo,AF,loss,-12.5,over
2007_04_DEN_IND,2007,REG,4,2007-09-30,DEN,IND,20.0,38.0,10.0,46.0,58.0,0,Tony Corrente,HF,win,8.0,over
2007_04_GB_MIN,2007,REG,4,2007-09-30,GB,MIN,23.0,16.0,-1.0,38.0,39.0,1,Ed Hochuli,AF,win,6.0,over
2007_04_HOU_ATL,2007,REG,4,2007-09-30,HOU,ATL,16.0,26.0,-2.5,39.0,42.0,0,Gerry Austin,AF,loss,-12.5,over
2007_04_KC_SD,2007,REG,4,2007-09-30,KC,SD,30.0,16.0,12.0,38.5,46.0,1,Larry Nemmers,HF,loss,-26.0,over
2007_04_NE_CIN,2007,REG,4,2007-10-01,NE,CIN,34.0,13.0,-7.5,54.0,47.0,0,Jerome Boger,AF,win,13.5,under
2007_04_NYJ_BUF,2007,REG,4,2007-09-30,NYJ,BUF,14.0,17.0,-3.5,37.5,31.0,1,John Parry,AF,loss,-6.5,under
2007_04_OAK_MIA,2007,REG,4,2007-09-30,OAK,MIA,35.0,17.0,3.5,40.0,52.0,0,Scott Green,HF,loss,-21.5,over
2007_04_PHI_NYG,2007,REG,4,2007-09-30,PHI,NYG,3.0,16.0,-2.0,47.5,19.0,1,Terry McAulay,AF,loss,-15.0,under
2007_04_PIT_ARI,2007,REG,4,2007-09-30,PIT,ARI,14.0,21.0,-5.5,42.5,35.0,0,Gene Steratore,AF,loss,-12.5,under
2007_04_SEA_SF,2007,REG,4,2007-09-30,SEA,SF,23.0,3.0,-1.0,40.5,26.0,1,Mike Carey,AF,win,19.0,under
2007_04_STL_DAL,2007,REG,4,2007-09-30,STL,DAL,7.0,35.0,13.0,47.0,42.0,0,Walt Anderson,HF,win,15.0,under
2007_04_TB_CAR,2007,REG,4,2007-09-30,TB,CAR,20.0,7.0,3.0,39.0,27.0,1,Peter Morelli,HF,loss,-16.0,under
2007_05_ARI_STL,2007,REG,5,2007-10-07,ARI,STL,34.0,31.0,-3.5,40.0,65.0,1,Gerry Austin,AF,loss,-0.5,over
2007_05_ATL_TEN,2007,REG,5,2007-10-07,ATL,TEN,13.0,20.0,9.0,41.0,33.0,0,Jerome Boger,HF,loss,-2.0,under
2007_05_BAL_SF,2007,REG,5,2007-10-07,BAL,SF,9.0,7.0,-4.0,35.0,16.0,0,Bill Leavy,AF,loss,-2.0,under
2007_05_CAR_NO,2007,REG,5,2007-10-07,CAR,NO,16.0,13.0,3.5,43.0,29.0,1,Gene Steratore,HF,loss,-6.5,under
2007_05_CHI_GB,2007,REG,5,2007-10-07,CHI,GB,27.0,20.0,3.0,40.5,47.0,1,Larry Nemmers,HF,loss,-10.0,over
2007_05_CLE_NE,2007,REG,5,2007-10-07,CLE,NE,17.0,34.0,15.5,48.0,51.0,0,Walt Coleman,HF,win,1.5,over
2007_05_DAL_BUF,2007,REG,5,2007-10-08,DAL,BUF,25.0,24.0,-10.5,45.0,49.0,0,Peter Morelli,AF,loss,-9.5,over
2007_05_DET_WAS,2007,REG,5,2007-10-07,DET,WAS,3.0,34.0,4.0,44.5,37.0,0,Ed Hochuli,HF,win,27.0,under
2007_05_JAX_KC,2007,REG,5,2007-10-07,JAX,KC,17.0,7.0,-1.0,36.0,24.0,0,Jeff Triplette,AF,win,9.0,under
2007_05_MIA_HOU,2007,REG,5,2007-10-07,MIA,HOU,19.0,22.0,4.5,43.5,41.0,0,Tony Corrente,HF,loss,-1.5,under
2007_05_NYJ_NYG,2007,REG,5,2007-10-07,NYJ,NYG,24.0,35.0,3.5,41.0,59.0,0,Bill Carollo,HF,win,7.5,over
2007_05_SD_DEN,2007,REG,5,2007-10-07,SD,DEN,41.0,3.0,-1.0,43.0,44.0,1,Scott Green,AF,win,37.0,over
2007_05_SEA_PIT,2007,REG,5,2007-10-07,SEA,PIT,0.0,21.0,5.5,41.0,21.0,0,Terry McAulay,HF,win,15.5,under
2007_05_TB_IND,2007,REG,5,2007-10-07,TB,IND,14.0,33.0,9.0,44.5,47.0,0,Mike Carey,HF,win,10.0,over
2007_06_CAR_ARI,2007,REG,6,2007-10-14,CAR,ARI,25.0,10.0,6.0,38.5,35.0,0,Walt Anderson,HF,loss,-21.0,under
2007_06_CIN_KC,2007,REG,6,2007-10-14,CIN,KC,20.0,27.0,-1.0,43.5,47.0,0,John Parry,AF,loss,-8.0,over
2007_06_HOU_JAX,2007,REG,6,2007-10-14,HOU,JAX,17.0,37.0,6.5,37.0,54.0,1,Walt Coleman,HF,win,13.5,over
2007_06_MIA_CLE,2007,REG,6,2007-10-14,MIA,CLE,31.0,41.0,4.0,45.5,72.0,0,Larry Nemmers,HF,win,6.0,over
2007_06_MIN_CHI,2007,REG,6,2007-10-14,MIN,CHI,34.0,31.0,4.5,35.5,65.0,1,Gene Steratore,HF,loss,-7.5,over
2007_06_NE_DAL,2007,REG,6,2007-10-14,NE,DAL,48.0,27.0,-5.0,52.0,75.0,0,Mike Carey,AF,win,16.0,over
2007_06_NO_SEA,2007,REG,6,2007-10-14,NO,SEA,28.0,17.0,5.5,42.5,45.0,0,Jeff Triplette,HF,loss,-16.5,over
2007_06_NYG_ATL,2007,REG,6,2007-10-15,NYG,ATL,31.0,10.0,-4.5,43.5,41.0,0,Bill Leavy,AF,win,16.5,under
2007_06_OAK_SD,2007,REG,6,2007-10-14,OAK,SD,14.0,28.0,9.5,44.0,42.0,1,Ron Winter,HF,win,4.5,under
2007_06_PHI_NYJ,2007,REG,6,2007-10-14,PHI,NYJ,16.0,9.0,-4.0,43.0,25.0,0,Gerry Austin,AF,win,3.0,under
2007_06_STL_BAL,2007,REG,6,2007-10-14,STL,BAL,3.0,22.0,9.0,36.5,25.0,0,Tony Corrente,HF,win,10.0,under
2007_06_TEN_TB,2007,REG,6,2007-10-14,TEN,TB,10.0,13.0,1.0,37.0,23.0,0,Scott Green,HF,win,2.0,under
2007_06_WAS_GB,2007,REG,6,2007-10-14,WAS,GB,14.0,17.0,3.0,40.5,31.0,0,Terry McAulay,HF,push,0.0,under
2007_07_ARI_WAS,2007,REG,7,2007-10-21,ARI,WAS,19.0,21.0,9.0,35.0,40.0,0,Jeff Triplette,HF,loss,-7.0,over
2007_07_ATL_NO,2007,REG,7,2007-10-21,ATL,NO,16.0,22.0,9.0,42.5,38.0,1,Walt Anderson,HF,loss,-3.0,under
2007_07_BAL_BUF,2007,REG,7,2007-10-21,BAL,BUF,14.0,19.0,-3.0,33.5,33.0,0,Terry McAulay,AF,loss,-8.0,under
2007_07_CHI_PHI,2007,REG,7,2007-10-21,CHI,PHI,19.0,16.0,5.5,42.5,35.0,0,Ed Hochuli,HF,loss,-8.5,under
2007_07_IND_JAX,2007,REG,7,2007-10-22,IND,JAX,29.0,7.0,-3.0,45.0,36.0,1,Scott Green,AF,win,19.0,under
2007_07_KC_OAK,2007,REG,7,2007-10-21,KC,OAK,12.0,10.0,1.0,37.5,22.0,1,Bill Leavy,HF,loss,-3.0,under
2007_07_MIN_DAL,2007,REG,7,2007-10-21,MIN,DAL,14.0,24.0,9.5,45.5,38.0,0,Walt Coleman,HF,win,0.5,under
2007_07_NE_MIA,2007,REG,7,2007-10-21,NE,MIA,49.0,28.0,-15.5,49.5,77.0,1,Peter Morelli,AF,win,5.5,over
2007_07_NYJ_CIN,2007,REG,7,2007-10-21,NYJ,CIN,31.0,38.0,6.0,48.0,69.0,0,Tony Corrente,HF,win,1.0,over
2007_07_PIT_DEN,2007,REG,7,2007-10-21,PIT,DEN,28.0,31.0,-4.0,38.0,59.0,0,Bill Carollo,AF,loss,-7.0,over
2007_07_SF_NYG,2007,REG,7,2007-10-21,SF,NYG,15.0,33.0,9.5,39.0,48.0,0,Ron Winter,HF,win,8.5,over
2007_07_STL_SEA,2007,REG,7,2007-10-21,STL,SEA,6.0,33.0,9.0,39.5,39.0,1,Jerome Boger,HF,win,18.0,under
2007_07_TB_DET,2007,REG,7,2007-10-21,TB,DET,16.0,23.0,2.5,44.5,39.0,0,John Parry,HF,win,4.5,under
2007_07_TEN_HOU,2007,REG,7,2007-10-21,TEN,HOU,38.0,36.0,2.0,37.5,74.0,1,Larry Nemmers,HF,loss,-4.0,over
2007_08_BUF_NYJ,2007,REG,8,2007-10-28,BUF,NYJ,13.0,3.0,3.0,38.0,16.0,1,Jerome Boger,HF,loss,-13.0,under
2007_08_CLE_STL,2007,REG,8,2007-10-28,CLE,STL,27.0,20.0,-3.0,46.0,47.0,0,Mike Carey,AF,win,4.0,over
2007_08_DET_CHI,2007,REG,8,2007-10-28,DET,CHI,16.0,7.0,6.0,45.5,23.0,1,Peter Morelli,HF,loss,-15.0,under
2007_08_GB_DEN,2007,REG,8,2007-10-29,GB,DEN,19.0,13.0,3.0,43.5,32.0,0,Ron Winter,HF,loss,-9.0,under
2007_08_HOU_SD,2007,REG,8,2007-10-28,HOU,SD,10.0,35.0,10.0,46.0,45.0,0,Bill Leavy,HF,win,15.0,under
2007_08_IND_CAR,2007,REG,8,2007-10-28,IND,CAR,31.0,7.0,-7.0,44.0,38.0,0,Ed Hochuli,AF,win,17.0,under
2007_08_JAX_TB,2007,REG,8,2007-10-28,JAX,TB,24.0,23.0,3.5,32.5,47.0,0,Gene Steratore,HF,loss,-4.5,over
2007_08_NO_SF,2007,REG,8,2007-10-28,NO,SF,31.0,10.0,-1.0,40.0,41.0,0,John Parry,AF,win,20.0,over
2007_08_NYG_MIA,2007,REG,8,2007-10-28,NYG,MIA,13.0,10.0,-10.0,47.5,23.0,0,Gerry Austin,AF,loss,-7.0,under
2007_08_OAK_TEN,2007,REG,8,2007-10-28,OAK,TEN,9.0,13.0,7.0,39.5,22.0,0,Walt Anderson,HF,loss,-3.0,under
2007_08_PHI_MIN,2007,REG,8,2007-10-28,PHI,MIN,23.0,16.0,1.0,37.5,39.0,0,Bill Carollo,HF,loss,-8.0,over
2007_08_PIT_CIN,2007,REG,8,2007-10-28,PIT,CIN,24.0,13.0,-4.0,48.0,37.0,1,Walt Coleman,AF,win,7.0,under
2007_08_WAS_NE,2007,REG,8,2007-10-28,WAS,NE,7.0,52.0,15.0,46.5,59.0,0,Larry Nemmers,HF,win,30.0,over
2007_09_ARI_TB,2007,REG,9,2007-11-04,ARI,TB,10.0,17.0,3.5,39.0,27.0,0,Terry McAulay,HF,win,3.5,under
2007_09_BAL_PIT,2007,REG,9,2007-11-05,BAL,PIT,7.0,38.0,9.5,36.0,45.0,1,Ed Hochuli,HF,win,21.5,over
2007_09_CAR_TEN,2007,REG,9,2007-11-04,CAR,TEN,7.0,20.0,5.0,36.0,27.0,0,Tony Corrente,HF,win,8.0,under
2007_09_CIN_BUF,2007,REG,9,2007-11-04,CIN,BUF,21.0,33.0,-1.0,44.0,54.0,0,Jeff Triplette,AF,loss,-13.0,over
2007_09_DAL_PHI,2007,REG,9,2007-11-04,DAL,PHI,38.0,17.0,-3.0,46.0,55.0,1,Scott Green,AF,win,18.0,over
2007_09_DEN_DET,2007,REG,9,2007-11-04,DEN,DET,7.0,44.0,3.0,46.5,51.0,0,Jerome Boger,HF,win,34.0,over
2007_09_GB_KC,2007,REG,9,2007-11-04,GB,KC,33.0,22.0,1.0,38.0,55.0,0,Walt Anderson,HF,loss,-12.0,over
2007_09_HOU_OAK,2007,REG,9,2007-11-04,HOU,OAK,24.0,17.0,3.0,41.0,41.0,0,Peter Morelli,HF,loss,-10.0,push
2007_09_JAX_NO,2007,REG,9,2007-11-04,JAX,NO,24.0,41.0,3.5,40.0,65.0,0,Gerry Austin,HF,win,13.5,over
2007_09_NE_IND,2007,REG,9,2007-11-04,NE,IND,24.0,20.0,-5.0,56.0,44.0,0,John Parry,AF,loss,-1.0,under
2007_09_SD_MIN,2007,REG,9,2007-11-04,SD,MIN,17.0,35.0,-7.0,41.5,52.0,0,Mike Carey,AF,loss,-25.0,over
2007_09_SEA_CLE,2007,REG,9,2007-11-04,SEA,CLE,30.0,33.0,1.0,46.5,63.0,0,Gene Steratore,HF,win,2.0,over
2007_09_SF_ATL,2007,REG,9,2007-11-04,SF,ATL,16.0,20.0,3.5,37.0,36.0,0,Bill Carollo,HF,win,0.5,under
2007_09_WAS_NYJ,2007,REG,9,2007-11-04,WAS,NYJ,23.0,20.0,-3.5,35.5,43.0,0,Ron Winter,AF,loss,-0.5,over
2007_10_ATL_CAR,2007,REG,10,2007-11-11,ATL,CAR,20.0,13.0,3.5,35.5,33.0,1,Terry McAulay,HF,loss,-10.5,under
2007_10_BUF_MIA,2007,REG,10,2007-11-11,BUF,MIA,13.0,10.0,-1.0,41.0,23.0,1,Bill Carollo,AF,win,2.0,under
2007_10_CHI_OAK,2007,REG,10,2007-11-11,CHI,OAK,17.0,6.0,-3.5,38.5,23.0,0,Mike Carey,AF,win,7.5,under
2007_10_CIN_BAL,2007,REG,10,2007-11-11,CIN,BAL,21.0,7.0,3.0,44.5,28.0,1,Jerome Boger,HF,loss,-17.0,under
2007_10_CLE_PIT,2007,REG,10,2007-11-11,CLE,PIT,28.0,31.0,10.0,47.0,59.0,1,Ron Winter,HF,loss,-7.0,over
2007_10_DAL_NYG,2007,REG,10,2007-11-11,DAL,NYG,31.0,20.0,-1.0,48.0,51.0,1,Jeff Triplette,AF,win,10.0,over
2007_10_DEN_KC,2007,REG,10,2007-11-11,DEN,KC,27.0,11.0,3.0,37.0,38.0,1,Tony Corrente,HF,loss,-19.0,over
2007_10_DET_ARI,2007,REG,10,2007-11-11,DET,ARI,21.0,31.0,2.0,45.0,52.0,0,Walt Coleman,HF,win,8.0,over
2007_10_IND_SD,2007,REG,10,2007-11-11,IND,SD,21.0,23.0,-3.5,47.5,44.0,0,Gene Steratore,AF,loss,-5.5,under
2007_10_JAX_TEN,2007,REG,10,2007-11-11,JAX,TEN,28.0,13.0,4.5,36.0,41.0,1,Ed Hochuli,HF,loss,-19.5,over
2007_10_MIN_GB,2007,REG,10,2007-11-11,MIN,GB,0.0,34.0,5.5,41.0,34.0,1,Gerry Austin,HF,win,28.5,under
2007_10_PHI_WAS,2007,REG,10,2007-11-11,PHI,WAS,33.0,25.0,3.0,37.5,58.0,1,John Parry,HF,loss,-11.0,over
2007_10_SF_SEA,2007,REG,10,2007-11-12,SF,SEA,0.0,24.0,9.5,37.5,24.0,1,Larry Nemmers,HF,win,14.5,under
2007_10_STL_NO,2007,REG,10,2007-11-11,STL,NO,37.0,29.0,10.5,46.5,66.0,0,Scott Green,HF,loss,-18.5,over
2007_11_ARI_CIN,2007,REG,11,2007-11-18,ARI,CIN,35.0,27.0,3.0,48.5,62.0,0,Ron Winter,HF,loss,-11.0,over
2007_11_CAR_GB,2007,REG,11,2007-11-18,CAR,GB,17.0,31.0,10.0,37.0,48.0,0,Gene Steratore,HF,win,4.0,over
2007_11_CHI_SEA,2007,REG,11,2007-11-18,CHI,SEA,23.0,30.0,6.0,38.0,53.0,0,John Parry,HF,win,1.0,over
2007_11_CLE_BAL,2007,REG,11,2007-11-18,CLE,BAL,33.0,30.0,-1.0,43.5,63.0,1,Peter Morelli,AF,win,2.0,over
2007_11_KC_IND,2007,REG,11,2007-11-18,KC,IND,10.0,13.0,14.5,41.5,23.0,0,Terry McAulay,HF,loss,-11.5,under
2007_11_MIA_PHI,2007,REG,11,2007-11-18,MIA,PHI,7.0,17.0,9.5,40.5,24.0,0,Jerome Boger,HF,win,0.5,under
2007_11_NE_BUF,2007,REG,11,2007-11-18,NE,BUF,56.0,10.0,-15.5,46.0,66.0,1,Bill Carollo,AF,win,30.5,over
2007_11_NO_HOU,2007,REG,11,2007-11-18,NO,HOU,10.0,23.0,1.0,50.0,33.0,0,Mike Carey,HF,win,12.0,under
2007_11_NYG_DET,2007,REG,11,2007-11-18,NYG,DET,16.0,10.0,-2.5,47.5,26.0,0,Tony Corrente,AF,win,3.5,under
2007_11_OAK_MIN,2007,REG,11,2007-11-18,OAK,MIN,22.0,29.0,4.5,35.0,51.0,0,Jeff Triplette,HF,win,2.5,over
2007_11_PIT_NYJ,2007,REG,11,2007-11-18,PIT,NYJ,16.0,19.0,-9.5,40.0,35.0,0,Scott Green,AF,loss,-12.5,under
2007_11_SD_JAX,2007,REG,11,2007-11-18,SD,JAX,17.0,24.0,3.0,40.5,41.0,0,Larry Nemmers,HF,win,4.0,over
2007_11_STL_SF,2007,REG,11,2007-11-18,STL,SF,13.0,9.0,-3.0,39.0,22.0,1,Ed Hochuli,AF,win,1.0,under
2007_11_TB_ATL,2007,REG,11,2007-11-18,TB,ATL,31.0,7.0,-3.0,35.5,38.0,1,Walt Coleman,AF,win,21.0,over
2007_11_TEN_DEN,2007,REG,11,2007-11-19,TEN,DEN,20.0,34.0,1.0,38.0,54.0,0,Gerry Austin,HF,win,13.0,over
2007_11_WAS_DAL,2007,REG,11,2007-11-18,WAS,DAL,23.0,28.0,11.0,46.5,51.0,1,Walt Anderson,HF,loss,-6.0,over
2007_12_BAL_SD,2007,REG,12,2007-11-25,BAL,SD,14.0,32.0,9.0,38.5,46.0,0,Tony Corrente,HF,win,9.0,over
2007_12_BUF_JAX,2007,REG,12,2007-11-25,BUF,JAX,14.0,36.0,9.5,37.0,50.0,0,Peter Morelli,HF,win,12.5,over
2007_12_DEN_CHI,2007,REG,12,2007-11-25,DEN,CHI,34.0,37.0,1.0,42.5,71.0,0,Larry Nemmers,HF,win,2.0,over
2007_12_GB_DET,2007,REG,12,2007-11-22,GB,DET,37.0,26.0,-3.5,46.5,63.0,1,Scott Green,AF,win,7.5,over
2007_12_HOU_CLE,2007,REG,12,2007-11-25,HOU,CLE,17.0,27.0,3.0,52.0,44.0,0,Terry McAulay,HF,win,7.0,under
2007_12_IND_ATL,2007,REG,12,2007-11-22,IND,ATL,31.0,13.0,-13.5,41.0,44.0,0,Mike Carey,AF,win,4.5,over
2007_12_MIA_PIT,2007,REG,12,2007-11-26,MIA,PIT,0.0,3.0,15.0,37.5,3.0,0,Jeff Triplette,HF,loss,-12.0,under
2007_12_MIN_NYG,2007,REG,12,2007-11-25,MIN,NYG,41.0,17.0,7.0,40.0,58.0,0,Walt Anderson,HF,loss,-31.0,over
2007_12_NO_CAR,2007,REG,12,2007-11-25,NO,CAR,31.0,6.0,-3.0,42.0,37.0,1,Jerome Boger,AF,win,22.0,under
2007_12_NYJ_DAL,2007,REG,12,2007-11-22,NYJ,DAL,3.0,34.0,14.0,47.5,37.0,0,Bill Carollo,HF,win,17.0,under
2007_12_OAK_KC,2007,REG,12,2007-11-25,OAK,KC,20.0,17.0,4.0,34.5,37.0,1,Ron Winter,HF,loss,-7.0,over
2007_12_PHI_NE,2007,REG,12,2007-11-25,PHI,NE,28.0,31.0,24.0,51.0,59.0,0,Gene Steratore,HF,loss,-21.0,over
2007_12_SEA_STL,2007,REG,12,2007-11-25,SEA,STL,24.0,19.0,-3.0,45.5,43.0,1,Walt Coleman,AF,win,2.0,under
2007_12_SF_ARI,2007,REG,12,2007-11-25,SF,ARI,37.0,31.0,10.0,37.5,68.0,1,Gerry Austin,HF,loss,-16.0,over
2007_12_TEN_CIN,2007,REG,12,2007-11-25,TEN,CIN,6.0,35.0,1.0,47.0,41.0,0,John Parry,HF,win,28.0,under
2007_12_WAS_TB,2007,REG,12,2007-11-25,WAS,TB,13.0,19.0,3.5,38.0,32.0,0,Ed Hochuli,HF,win,2.5,under
2007_13_ATL_STL,2007,REG,13,2007-12-02,ATL,STL,16.0,28.0,3.0,40.0,44.0,0,Peter Morelli,HF,win,9.0,over
2007_13_BUF_WAS,2007,REG,13,2007-12-02,BUF,WAS,17.0,16.0,6.5,37.0,33.0,0,Tony Corrente,HF,loss,-7.5,under
2007_13_CIN_PIT,2007,REG,13,2007-12-02,CIN,PIT,10.0,24.0,7.0,40.0,34.0,1,Bill Carollo,HF,win,7.0,under
2007_13_CLE_ARI,2007,REG,13,2007-12-02,CLE,ARI,21.0,27.0,1.0,52.0,48.0,0,Jerome Boger,HF,win,5.0,under
2007_13_DEN_OAK,2007,REG,13,2007-12-02,DEN,OAK,20.0,34.0,-3.5,41.0,54.0,1,Gene Steratore,AF,loss,-17.5,over
2007_13_DET_MIN,2007,REG,13,2007-12-02,DET,MIN,10.0,42.0,5.5,44.0,52.0,1,Larry Nemmers,HF,win,26.5,over
2007_13_GB_DAL,2007,REG,13,2007-11-29,GB,DAL,27.0,37.0,7.0,51.5,64.0,0,John Parry,HF,win,3.0,over
2007_13_HOU_TEN,2007,REG,13,2007-12-02,HOU,TEN,20.0,28.0,3.5,39.5,48.0,1,Jeff Triplette,HF,win,4.5,over
2007_13_JAX_IND,2007,REG,13,2007-12-02,JAX,IND,25.0,28.0,7.0,45.0,53.0,1,Terry McAulay,HF,loss,-4.0,over
2007_13_NE_BAL,2007,REG,13,2007-12-03,NE,BAL,27.0,24.0,-19.0,46.0,51.0,0,Walt Anderson,AF,loss,-16.0,over
2007_13_NYG_CHI,2007,REG,13,2007-12-02,NYG,CHI,21.0,16.0,-1.0,40.0,37.0,0,Walt Coleman,AF,win,4.0,under
2007_13_NYJ_MIA,2007,REG,13,2007-12-02,NYJ,MIA,40.0,13.0,1.0,37.0,53.0,1,Mike Carey,HF,loss,-28.0,over
2007_13_SD_KC,2007,REG,13,2007-12-02,SD,KC,24.0,10.0,-6.0,37.0,34.0,1,Ed Hochuli,AF,win,8.0,under
2007_13_SEA_PHI,2007,REG,13,2007-12-02,SEA,PHI,28.0,24.0,3.0,40.5,52.0,0,Gerry Austin,HF,loss,-7.0,over
2007_13_SF_CAR,2007,REG,13,2007-12-02,SF,CAR,14.0,31.0,3.0,35.0,45.0,0,Scott Green,HF,win,14.0,over
2007_13_TB_NO,2007,REG,13,2007-12-02,TB,NO,27.0,23.0,5.5,41.0,50.0,1,Ron Winter,HF,loss,-9.5,over
2007_14_ARI_SEA,2007,REG,14,2007-12-09,ARI,SEA,21.0,42.0,7.5,44.0,63.0,1,Tony Corrente,HF,win,13.5,over
2007_14_CAR_JAX,2007,REG,14,2007-12-09,CAR,JAX,6.0,37.0,11.0,39.0,43.0,0,John Parry,HF,win,20.0,over
2007_14_CHI_WAS,2007,REG,14,2007-12-06,CHI,WAS,16.0,24.0,3.0,39.0,40.0,0,Jerome Boger,HF,win,5.0,over
2007_14_CLE_NYJ,2007,REG,14,2007-12-09,CLE,NYJ,24.0,18.0,-3.0,47.0,42.0,0,Walt Anderson,AF,win,3.0,under
2007_14_DAL_DET,2007,REG,14,2007-12-09,DAL,DET,28.0,27.0,-10.0,50.0,55.0,0,Gerry Austin,AF,loss,-9.0,over
2007_14_IND_BAL,2007,REG,14,2007-12-09,IND,BAL,44.0,20.0,-8.5,41.0,64.0,0,Walt Coleman,AF,win,15.5,over
2007_14_KC_DEN,2007,REG,14,2007-12-09,KC,DEN,7.0,41.0,7.5,37.5,48.0,1,Jeff Triplette,HF,win,26.5,over
2007_14_MIA_BUF,2007,REG,14,2007-12-09,MIA,BUF,17.0,38.0,7.0,34.0,55.0,1,Scott Green,HF,win,14.0,over
2007_14_MIN_SF,2007,REG,14,2007-12-09,MIN,SF,27.0,7.0,-7.5,39.0,34.0,0,Peter Morelli,AF,win,12.5,under
2007_14_NO_ATL,2007,REG,14,2007-12-10,NO,ATL,34.0,14.0,-4.0,44.0,48.0,1,Gene Steratore,AF,win,16.0,over
2007_14_NYG_PHI,2007,REG,14,2007-12-09,NYG,PHI,16.0,13.0,3.0,41.5,29.0,1,Ron Winter,HF,loss,-6.0,under
2007_14_OAK_GB,2007,REG,14,2007-12-09,OAK,GB,7.0,38.0,10.5,40.5,45.0,0,Ed Hochuli,HF,win,20.5,over
2007_14_PIT_NE,2007,REG,14,2007-12-09,PIT,NE,13.0,34.0,11.0,49.0,47.0,0,Terry McAulay,HF,win,10.0,under
2007_14_SD_TEN,2007,REG,14,2007-12-09,SD,TEN,23.0,17.0,-1.0,40.0,40.0,0,Bill Carollo,AF,win,5.0,push
2007_14_STL_CIN,2007,REG,14,2007-12-09,STL,CIN,10.0,19.0,10.0,45.0,29.0,0,Larry Nemmers,HF,loss,-1.0,under
2007_14_TB_HOU,2007,REG,14,2007-12-09,TB,HOU,14.0,28.0,-3.0,39.0,42.0,0,Bill Leavy,AF,loss,-17.0,over
2007_15_ARI_NO,2007,REG,15,2007-12-16,ARI,NO,24.0,31.0,4.0,49.5,55.0,0,Ed Hochuli,HF,win,3.0,over
2007_15_ATL_TB,2007,REG,15,2007-12-16,ATL,TB,3.0,37.0,13.0,37.5,40.0,1,Jeff Triplette,HF,win,21.0,over
2007_15_BAL_MIA,2007,REG,15,2007-12-16,BAL,MIA,16.0,22.0,-3.0,37.5,38.0,0,John Parry,AF,loss,-9.0,over
2007_15_BUF_CLE,2007,REG,15,2007-12-16,BUF,CLE,0.0,8.0,4.5,36.5,8.0,0,Walt Coleman,HF,win,3.5,under
2007_15_CHI_MIN,2007,REG,15,2007-12-17,CHI,MIN,13.0,20.0,10.5,43.0,33.0,1,Tony Corrente,HF,loss,-3.5,under
2007_15_CIN_SF,2007,REG,15,2007-12-15,CIN,SF,13.0,20.0,-9.0,42.0,33.0,0,Terry McAulay,AF,loss,-16.0,under
2007_15_DEN_HOU,2007,REG,15,2007-12-13,DEN,HOU,13.0,31.0,-2.5,47.0,44.0,0,Bill Carollo,AF,loss,-20.5,under
2007_15_DET_SD,2007,REG,15,2007-12-16,DET,SD,14.0,51.0,9.5,45.5,65.0,0,Mike Carey,HF,win,27.5,over
2007_15_GB_STL,2007,REG,15,2007-12-16,GB,STL,33.0,14.0,-7.0,47.0,47.0,0,Ron Winter,AF,win,12.0,push
2007_15_IND_OAK,2007,REG,15,2007-12-16,IND,OAK,21.0,14.0,-9.5,44.5,35.0,0,Gerry Austin,AF,loss,-2.5,under
2007_15_JAX_PIT,2007,REG,15,2007-12-16,JAX,PIT,29.0,22.0,3.5,34.5,51.0,0,Gene Steratore,HF,loss,-10.5,over
2007_15_NYJ_NE,2007,REG,15,2007-12-16,NYJ,NE,10.0,20.0,20.5,41.0,30.0,1,Jerome Boger,HF,loss,-10.5,under
2007_15_PHI_DAL,2007,REG,15,2007-12-16,PHI,DAL,10.0,6.0,10.0,48.5,16.0,1,Larry Nemmers,HF,loss,-14.0,under
2007_15_SEA_CAR,2007,REG,15,2007-12-16,SEA,CAR,10.0,13.0,-7.0,37.0,23.0,0,Walt Anderson,AF,loss,-10.0,under
2007_15_TEN_KC,2007,REG,15,2007-12-16,TEN,KC,26.0,17.0,-3.5,34.0,43.0,0,Bill Leavy,AF,win,5.5,over
2007_15_WAS_NYG,2007,REG,15,2007-12-16,WAS,NYG,22.0,10.0,6.0,35.5,32.0,1,Peter Morelli,HF,loss,-18.0,under
2007_16_ATL_ARI,2007,REG,16,2007-12-23,ATL,ARI,27.0,30.0,11.0,44.0,57.0,0,Scott Green,HF,loss,-8.0,over
2007_16_BAL_SEA,2007,REG,16,2007-12-23,BAL,SEA,6.0,27.0,12.5,39.0,33.0,0,Bill Carollo,HF,win,8.5,under
2007_16_CLE_CIN,2007,REG,16,2007-12-23,CLE,CIN,14.0,19.0,-1.0,43.0,33.0,1,Gerry Austin,AF,loss,-6.0,under
2007_16_DAL_CAR,2007,REG,16,2007-12-22,DAL,CAR,20.0,13.0,-10.5,42.5,33.0,0,Mike Carey,AF,loss,-3.5,under
2007_16_DEN_SD,2007,REG,16,2007-12-24,DEN,SD,3.0,23.0,9.0,47.0,26.0,1,John Parry,HF,win,11.0,under
2007_16_GB_CHI,2007,REG,16,2007-12-23,GB,CHI,7.0,35.0,-9.0,32.0,42.0,1,Jeff Triplette,AF,loss,-37.0,over
2007_16_HOU_IND,2007,REG,16,2007-12-23,HOU,IND,15.0,38.0,6.5,44.5,53.0,1,Ed Hochuli,HF,win,16.5,over
2007_16_KC_DET,2007,REG,16,2007-12-23,KC,DET,20.0,25.0,6.0,43.5,45.0,0,Walt Coleman,HF,loss,-1.0,over
2007_16_MIA_NE,2007,REG,16,2007-12-23,MIA,NE,7.0,28.0,22.0,45.0,35.0,1,Ron Winter,HF,loss,-1.0,under
2007_16_NYG_BUF,2007,REG,16,2007-12-23,NYG,BUF,38.0,21.0,-1.0,32.0,59.0,0,Gene Steratore,AF,win,16.0,over
2007_16_NYJ_TEN,2007,REG,16,2007-12-23,NYJ,TEN,6.0,10.0,9.0,37.0,16.0,0,Terry McAulay,HF,loss,-5.0,under
2007_16_OAK_JAX,2007,REG,16,2007-12-23,OAK,JAX,11.0,49.0,14.0,40.0,60.0,0,Jerome Boger,HF,win,24.0,over
2007_16_PHI_NO,2007,REG,16,2007-12-23,PHI,NO,38.0,23.0,3.0,47.5,61.0,0,Peter Morelli,HF,loss,-18.0,over
2007_16_PIT_STL,2007,REG,16,2007-12-20,PIT,STL,41.0,24.0,-9.0,43.0,65.0,0,Walt Anderson,AF,win,8.0,over
2007_16_TB_SF,2007,REG,16,2007-12-23,TB,SF,19.0,21.0,-6.5,36.5,40.0,0,Tony Corrente,AF,loss,-8.5,over
2007_16_WAS_MIN,2007,REG,16,2007-12-23,WAS,MIN,32.0,21.0,6.0,40.5,53.0,0,Bill Leavy,HF,loss,-17.0,over
2007_17_BUF_PHI,2007,REG,17,2007-12-30,BUF,PHI,9.0,17.0,9.5,39.0,26.0,0,Walt Anderson,HF,loss,-1.5,under
2007_17_CAR_TB,2007,REG,17,2007-12-30,CAR,TB,31.0,23.0,-3.0,35.5,54.0,1,Gene Steratore,AF,win,5.0,over
2007_17_CIN_MIA,2007,REG,17,2007-12-30,CIN,MIA,38.0,25.0,-1.0,45.0,63.0,0,Walt Coleman,AF,win,12.0,over
2007_17_DAL_WAS,2007,REG,17,2007-12-30,DAL,WAS,6.0,27.0,9.0,38.0,33.0,1,Scott Green,HF,win,12.0,under
2007_17_DET_GB,2007,REG,17,2007-12-30,DET,GB,13.0,34.0,3.5,39.0,47.0,1,Peter Morelli,HF,win,17.5,over
2007_17_JAX_HOU,2007,REG,17,2007-12-30,JAX,HOU,28.0,42.0,7.0,42.0,70.0,1,Tony Corrente,HF,win,7.0,over
2007_17_KC_NYJ,2007,REG,17,2007-12-30,KC,NYJ,10.0,13.0,4.0,35.5,23.0,0,Larry Nemmers,HF,loss,-1.0,under
2007_17_MIN_DEN,2007,REG,17,2007-12-30,MIN,DEN,19.0,22.0,-3.0,41.0,41.0,0,Jerome Boger,AF,loss,-6.0,push
2007_17_NE_NYG,2007,REG,17,2007-12-29,NE,NYG,38.0,35.0,-13.0,46.5,73.0,0,Mike Carey,AF,loss,-10.0,over
2007_17_NO_CHI,2007,REG,17,2007-12-30,NO,CHI,25.0,33.0,1.0,42.0,58.0,0,Bill Leavy,HF,win,7.0,over
2007_17_PIT_BAL,2007,REG,17,2007-12-30,PIT,BAL,21.0,27.0,-3.0,34.5,48.0,1,Gerry Austin,AF,loss,-9.0,over
2007_17_SD_OAK,2007,REG,17,2007-12-30,SD,OAK,30.0,17.0,-9.0,41.5,47.0,1,Terry McAulay,AF,win,4.0,over
2007_17_SEA_ATL,2007,REG,17,2007-12-30,SEA,ATL,41.0,44.0,-2.0,38.0,85.0,0,Ed Hochuli,AF,loss,-5.0,over
2007_17_SF_CLE,2007,REG,17,2007-12-30,SF,CLE,7.0,20.0,11.5,41.0,27.0,0,Bill Carollo,HF,win,1.5,under
2007_17_STL_ARI,2007,REG,17,2007-12-30,STL,ARI,19.0,48.0,6.0,49.5,67.0,1,Jeff Triplette,HF,win,23.0,over
2007_17_TEN_IND,2007,REG,17,2007-12-30,TEN,IND,16.0,10.0,-4.0,40.5,26.0,1,Ron Winter,AF,win,2.0,under
2007_18_JAX_PIT,2007,WC,18,2008-01-05,JAX,PIT,31.0,29.0,-2.5,40.0,60.0,0,Scott Green,AF,loss,-0.5,over
2007_18_NYG_TB,2007,WC,18,2008-01-06,NYG,TB,24.0,14.0,3.0,39.5,38.0,0,Walt Anderson,HF,loss,-13.0,under
2007_18_TEN_SD,2007,WC,18,2008-01-06,TEN,SD,6.0,17.0,10.5,38.5,23.0,0,Ed Hochuli,HF,win,0.5,under
2007_18_WAS_SEA,2007,WC,18,2008-01-05,WAS,SEA,14.0,35.0,3.0,38.5,49.0,0,Walt Coleman,HF,win,18.0,over
2007_19_JAX_NE,2007,DIV,19,2008-01-12,JAX,NE,20.0,31.0,13.5,51.0,51.0,0,Jerome Boger,HF,loss,-2.5,push
2007_19_NYG_DAL,2007,DIV,19,2008-01-13,NYG,DAL,21.0,17.0,7.0,47.0,38.0,1,Peter Morelli,HF,loss,-11.0,under
2007_19_SD_IND,2007,DIV,19,2008-01-13,SD,IND,28.0,24.0,10.5,46.0,52.0,0,Gerry Austin,HF,loss,-14.5,over
2007_19_SEA_GB,2007,DIV,19,2008-01-12,SEA,GB,20.0,42.0,9.0,44.0,62.0,0,Mike Carey,HF,win,13.0,over
2007_20_NYG_GB,2007,CON,20,2008-01-20,NYG,GB,23.0,20.0,7.5,41.0,43.0,0,Terry McAulay,HF,loss,-10.5,over
2007_20_SD_NE,2007,CON,20,2008-01-20,SD,NE,12.0,21.0,14.0,47.5,33.0,0,Jeff Triplette,HF,loss,-5.0,under
2007_21_NYG_NE,2007,SB,21,2008-02-03,NYG,NE,17.0,14.0,12.5,54.5,31.0,0,Mike Carey,HF,loss,-15.5,under
2008_01_ARI_SF,2008,REG,1,2008-09-07,ARI,SF,23.0,13.0,-2.5,42.0,36.0,1,Gene Steratore,AF,win,7.5,under
2008_01_CAR_SD,2008,REG,1,2008-09-07,CAR,SD,26.0,24.0,9.5,41.0,50.0,0,Walt Anderson,HF,loss,-11.5,over
2008_01_CHI_IND,2008,REG,1,2008-09-07,CHI,IND,29.0,13.0,10.0,44.0,42.0,0,John Parry,HF,loss,-26.0,under
2008_01_CIN_BAL,2008,REG,1,2008-09-07,CIN,BAL,10.0,17.0,-2.0,37.5,27.0,1,Scott Green,AF,loss,-9.0,under
2008_01_DAL_CLE,2008,REG,1,2008-09-07,DAL,CLE,28.0,10.0,-6.0,48.5,38.0,0,Bill Carollo,AF,win,12.0,under
2008_01_DEN_OAK,2008,REG,1,2008-09-08,DEN,OAK,41.0,14.0,-3.0,40.5,55.0,1,Bill Leavy,AF,win,24.0,over
2008_01_DET_ATL,2008,REG,1,2008-09-07,DET,ATL,21.0,34.0,-3.0,41.0,55.0,0,Ron Winter,AF,loss,-16.0,over
2008_01_HOU_PIT,2008,REG,1,2008-09-07,HOU,PIT,17.0,38.0,6.5,43.0,55.0,0,Terry McAulay,HF,win,14.5,over
2008_01_JAX_TEN,2008,REG,1,2008-09-07,JAX,TEN,10.0,17.0,-3.0,36.5,27.0,1,Tony Corrente,AF,loss,-10.0,under
2008_01_KC_NE,2008,REG,1,2008-09-07,KC,NE,10.0,17.0,16.0,43.5,27.0,0,Carl Cheffers,HF,loss,-9.0,under
2008_01_MIN_GB,2008,REG,1,2008-09-08,MIN,GB,19.0,24.0,2.5,37.5,43.0,1,Jeff Triplette,HF,win,2.5,over
2008_01_NYJ_MIA,2008,REG,1,2008-09-07,NYJ,MIA,20.0,14.0,-3.0,36.0,34.0,1,Mike Carey,AF,win,3.0,under
2008_01_SEA_BUF,2008,REG,1,2008-09-07,SEA,BUF,10.0,34.0,1.0,38.5,44.0,0,Walt Coleman,HF,win,23.0,over
2008_01_STL_PHI,2008,REG,1,2008-09-07,STL,PHI,3.0,38.0,8.0,44.0,41.0,0,Peter Morelli,HF,win,27.0,under
2008_01_TB_NO,2008,REG,1,2008-09-07,TB,NO,20.0,24.0,3.0,42.5,44.0,1,Alberto Riveron,HF,win,1.0,over
2008_01_WAS_NYG,2008,REG,1,2008-09-04,WAS,NYG,7.0,16.0,4.5,41.5,23.0,1,Ed Hochuli,HF,win,4.5,under
2008_02_ATL_TB,2008,REG,2,2008-09-14,ATL,TB,9.0,24.0,7.0,37.5,33.0,1,Jeff Triplette,HF,win,8.0,under
2008_02_BUF_JAX,2008,REG,2,2008-09-14,BUF,JAX,20.0,16.0,4.0,37.0,36.0,0,Scott Green,HF,loss,-8.0,under
2008_02_CHI_CAR,2008,REG,2,2008-09-14,CHI,CAR,17.0,20.0,3.0,37.5,37.0,0,Ron Winter,HF,push,0.0,under
2008_02_GB_DET,2008,REG,2,2008-09-14,GB,DET,48.0,25.0,-3.0,47.0,73.0,1,Walt Coleman,AF,win,20.0,over
2008_02_IND_MIN,2008,REG,2,2008-09-14,IND,MIN,18.0,15.0,-1.0,43.5,33.0,0,Gene Steratore,AF,win,2.0,under
2008_02_MIA_ARI,2008,REG,2,2008-09-14,MIA,ARI,10.0,31.0,6.5,40.5,41.0,0,Carl Cheffers,HF,win,14.5,over
2008_02_NE_NYJ,2008,REG,2,2008-09-14,NE,NYJ,19.0,10.0,1.0,37.0,29.0,1,John Parry,HF,loss,-10.0,under
2008_02_NO_WAS,2008,REG,2,2008-09-14,NO,WAS,24.0,29.0,1.0,43.5,53.0,0,Bill Carollo,HF,win,4.0,over
2008_02_NYG_STL,2008,REG,2,2008-09-14,NYG,STL,41.0,13.0,-8.0,43.5,54.0,0,Bill Leavy,AF,win,20.0,over
2008_02_OAK_KC,2008,REG,2,2008-09-14,OAK,KC,23.0,8.0,3.5,36.0,31.0,1,Walt Anderson,HF,loss,-18.5,under
2008_02_PHI_DAL,2008,REG,2,2008-09-15,PHI,DAL,37.0,41.0,6.5,46.5,78.0,1,Terry McAulay,HF,loss,-2.5,over
2008_02_PIT_CLE,2008,REG,2,2008-09-14,PIT,CLE,10.0,6.0,-6.5,43.5,16.0,1,Tony Corrente,AF,loss,-2.5,under
2008_02_SD_DEN,2008,REG,2,2008-09-14,SD,DEN,38.0,39.0,1.0,46.5,77.0,1,Ed Hochuli,HF,push,0.0,over
2008_02_SF_SEA,2008,REG,2,2008-09-14,SF,SEA,33.0,30.0,6.5,38.0,63.0,1,Jerome Boger,HF,loss,-9.5,over
2008_02_TEN_CIN,2008,REG,2,2008-09-14,TEN,CIN,24.0,7.0,1.0,37.0,31.0,0,Alberto Riveron,HF,loss,-18.0,under
2008_03_ARI_WAS,2008,REG,3,2008-09-21,ARI,WAS,17.0,24.0,3.0,43.5,41.0,0,Alberto Riveron,HF,win,4.0,under
2008_03_CAR_MIN,2008,REG,3,2008-09-21,CAR,MIN,10.0,20.0,3.0,37.5,30.0,0,John Parry,HF,win,7.0,under
2008_03_CIN_NYG,2008,REG,3,2008-09-21,CIN,NYG,23.0,26.0,13.0,42.5,49.0,0,Jeff Triplette,HF,loss,-10.0,over
2008_03_CLE_BAL,2008,REG,3,2008-09-21,CLE,BAL,10.0,28.0,2.5,37.0,38.0,1,Ed Hochuli,HF,win,15.5,over
2008_03_DAL_GB,2008,REG,3,2008-09-21,DAL,GB,27.0,16.0,-3.0,51.0,43.0,0,Mike Carey,AF,win,8.0,under
2008_03_DET_SF,2008,REG,3,2008-09-21,DET,SF,13.0,31.0,5.0,47.0,44.0,0,Bill Leavy,HF,win,13.0,under
2008_03_HOU_TEN,2008,REG,3,2008-09-21,HOU,TEN,12.0,31.0,5.0,40.0,43.0,1,Jerome Boger,HF,win,14.0,over
2008_03_JAX_IND,2008,REG,3,2008-09-21,JAX,IND,23.0,21.0,4.0,42.0,44.0,1,Walt Coleman,HF,loss,-6.0,over
2008_03_KC_ATL,2008,REG,3,2008-09-21,KC,ATL,14.0,38.0,6.5,37.0,52.0,0,Scott Green,HF,win,17.5,over
2008_03_MIA_NE,2008,REG,3,2008-09-21,MIA,NE,38.0,13.0,12.5,37.0,51.0,1,Bill Carollo,HF,loss,-37.5,over
2008_03_NO_DEN,2008,REG,3,2008-09-21,NO,DEN,32.0,34.0,5.5,52.0,66.0,0,Ron Winter,HF,loss,-3.5,over
2008_03_NYJ_SD,2008,REG,3,2008-09-22,NYJ,SD,29.0,48.0,8.0,46.5,77.0,0,Peter Morelli,HF,win,11.0,over
2008_03_OAK_BUF,2008,REG,3,2008-09-21,OAK,BUF,23.0,24.0,10.0,37.5,47.0,0,Carl Cheffers,HF,loss,-9.0,over
2008_03_PIT_PHI,2008,REG,3,2008-09-21,PIT,PHI,6.0,15.0,3.5,45.0,21.0,0,Walt Anderson,HF,win,5.5,under
2008_03_STL_SEA,2008,REG,3,2008-09-21,STL,SEA,13.0,37.0,8.0,44.5,50.0,1,Gene Steratore,HF,win,16.0,over
2008_03_TB_CHI,2008,REG,3,2008-09-21,TB,CHI,27.0,24.0,3.0,35.0,51.0,0,Tony Corrente,HF,loss,-6.0,over
2008_04_ARI_NYJ,2008,REG,4,2008-09-28,ARI,NYJ,35.0,56.0,1.5,43.5,91.0,0,Scott Green,HF,win,19.5,over
2008_04_ATL_CAR,2008,REG,4,2008-09-28,ATL,CAR,9.0,24.0,7.0,39.0,33.0,1,Ed Hochuli,HF,win,8.0,under
2008_04_BAL_PIT,2008,REG,4,2008-09-29,BAL,PIT,20.0,23.0,6.0,34.5,43.0,1,Gene Steratore,HF,loss,-3.0,over
2008_04_BUF_STL,2008,REG,4,2008-09-28,BUF,STL,31.0,14.0,-8.5,43.5,45.0,0,Tony Corrente,AF,win,8.5,over
2008_04_CLE_CIN,2008,REG,4,2008-09-28,CLE,CIN,20.0,12.0,1.0,42.0,32.0,1,Jerome Boger,HF,loss,-9.0,under
2008_04_DEN_KC,2008,REG,4,2008-09-28,DEN,KC,19.0,33.0,-9.0,47.0,52.0,1,Mike Carey,AF,loss,-23.0,over
2008_04_GB_TB,2008,REG,4,2008-09-28,GB,TB,21.0,30.0,2.0,43.0,51.0,0,Terry McAulay,HF,win,7.0,over
2008_04_HOU_JAX,2008,REG,4,2008-09-28,HOU,JAX,27.0,30.0,6.5,43.0,57.0,1,John Parry,HF,loss,-3.5,over
2008_04_MIN_TEN,2008,REG,4,2008-09-28,MIN,TEN,17.0,30.0,3.0,35.0,47.0,0,Peter Morelli,HF,win,10.0,over
2008_04_PHI_CHI,2008,REG,4,2008-09-28,PHI,CHI,20.0,24.0,-3.0,39.0,44.0,0,Walt Coleman,AF,loss,-7.0,over
2008_04_SD_OAK,2008,REG,4,2008-09-28,SD,OAK,28.0,18.0,-8.0,45.5,46.0,1,Alberto Riveron,AF,win,2.0,over
2008_04_SF_NO,2008,REG,4,2008-09-28,SF,NO,17.0,31.0,4.0,48.5,48.0,0,Jeff Triplette,HF,win,10.0,under
2008_04_WAS_DAL,2008,REG,4,2008-09-28,WAS,DAL,26.0,24.0,10.0,47.0,50.0,1,Walt Anderson,HF,loss,-12.0,over
2008_05_ATL_GB,2008,REG,5,2008-10-05,ATL,GB,27.0,24.0,5.0,42.0,51.0,0,Carl Cheffers,HF,loss,-8.0,over
2008_05_BUF_ARI,2008,REG,5,2008-10-05,BUF,ARI,17.0,41.0,1.0,44.5,58.0,0,Jerome Boger,HF,win,23.0,over
2008_05_CHI_DET,2008,REG,5,2008-10-05,CHI,DET,34.0,7.0,-3.5,45.5,41.0,1,Scott Green,AF,win,23.5,under
2008_05_CIN_DAL,2008,REG,5,2008-10-05,CIN,DAL,22.0,31.0,16.0,45.5,53.0,0,Bill Leavy,HF,loss,-7.0,over
2008_05_IND_HOU,2008,REG,5,2008-10-05,IND,HOU,31.0,27.0,-4.0,48.0,58.0,1,Tony Corrente,AF,push,0.0,over
2008_05_KC_CAR,2008,REG,5,2008-10-05,KC,CAR,0.0,34.0,10.0,38.0,34.0,0,Terry McAulay,HF,win,24.0,under
2008_05_MIN_NO,2008,REG,5,2008-10-06,MIN,NO,30.0,27.0,3.0,47.0,57.0,0,Ed Hochuli,HF,loss,-6.0,over
2008_05_NE_SF,2008,REG,5,2008-10-05,NE,SF,30.0,21.0,-3.0,41.0,51.0,0,Mike Carey,AF,win,6.0,over
2008_05_PIT_JAX,2008,REG,5,2008-10-05,PIT,JAX,26.0,21.0,5.5,37.5,47.0,0,Ron Winter,HF,loss,-10.5,over
2008_05_SD_MIA,2008,REG,5,2008-10-05,SD,MIA,10.0,17.0,-6.0,44.5,27.0,0,Walt Coleman,AF,loss,-13.0,under
2008_05_SEA_NYG,2008,REG,5,2008-10-05,SEA,NYG,6.0,44.0,6.5,43.5,50.0,0,Alberto Riveron,HF,win,31.5,over
2008_05_TB_DEN,2008,REG,5,2008-10-05,TB,DEN,13.0,16.0,3.5,47.0,29.0,0,Walt Anderson,HF,loss,-0.5,under
2008_05_TEN_BAL,2008,REG,5,2008-10-05,TEN,BAL,13.0,10.0,-1.0,33.5,23.0,0,Bill Carollo,AF,win,2.0,under
2008_05_WAS_PHI,2008,REG,5,2008-10-05,WAS,PHI,23.0,17.0,6.5,41.5,40.0,1,Gene Steratore,HF,loss,-12.5,under
2008_06_BAL_IND,2008,REG,6,2008-10-12,BAL,IND,3.0,31.0,4.0,39.0,34.0,0,Jerome Boger,HF,win,24.0,under
2008_06_CAR_TB,2008,REG,6,2008-10-12,CAR,TB,3.0,27.0,1.0,37.0,30.0,1,Carl Cheffers,HF,win,23.0,under
2008_06_CHI_ATL,2008,REG,6,2008-10-12,CHI,ATL,20.0,22.0,-3.0,43.0,42.0,0,Alberto Riveron,AF,loss,-5.0,under
2008_06_CIN_NYJ,2008,REG,6,2008-10-12,CIN,NYJ,14.0,26.0,9.5,43.5,40.0,0,Gene Steratore,HF,win,2.5,under
2008_06_DAL_ARI,2008,REG,6,2008-10-12,DAL,ARI,24.0,30.0,-4.5,53.0,54.0,0,Peter Morelli,AF,loss,-10.5,over
2008_06_DET_MIN,2008,REG,6,2008-10-12,DET,MIN,10.0,12.0,13.0,44.5,22.0,1,Tony Corrente,HF,loss,-11.0,under
2008_06_GB_SEA,2008,REG,6,2008-10-12,GB,SEA,27.0,17.0,1.0,44.0,44.0,0,Jeff Triplette,HF,loss,-11.0,push
2008_06_JAX_DEN,2008,REG,6,2008-10-12,JAX,DEN,24.0,17.0,3.5,48.5,41.0,0,Bill Carollo,HF,loss,-10.5,under
2008_06_MIA_HOU,2008,REG,6,2008-10-12,MIA,HOU,28.0,29.0,3.0,45.0,57.0,0,Ed Hochuli,HF,loss,-2.0,over
2008_06_NE_SD,2008,REG,6,2008-10-12,NE,SD,10.0,30.0,6.0,45.0,40.0,0,Bill Leavy,HF,win,14.0,under
2008_06_NYG_CLE,2008,REG,6,2008-10-13,NYG,CLE,14.0,35.0,-9.0,43.5,49.0,0,John Parry,AF,loss,-30.0,over
2008_06_OAK_NO,2008,REG,6,2008-10-12,OAK,NO,3.0,34.0,7.0,47.0,37.0,0,Terry McAulay,HF,win,24.0,under
2008_06_PHI_SF,2008,REG,6,2008-10-12,PHI,SF,40.0,26.0,-4.5,41.5,66.0,0,Ron Winter,AF,win,9.5,over
2008_06_STL_WAS,2008,REG,6,2008-10-12,STL,WAS,19.0,17.0,12.0,44.0,36.0,0,Walt Coleman,HF,loss,-14.0,under
2008_07_BAL_MIA,2008,REG,7,2008-10-19,BAL,MIA,27.0,13.0,3.0,35.5,40.0,0,Bill Leavy,HF,loss,-17.0,over
2008_07_CLE_WAS,2008,REG,7,2008-10-19,CLE,WAS,11.0,14.0,7.0,41.5,25.0,0,Terry McAulay,HF,loss,-4.0,under
2008_07_DAL_STL,2008,REG,7,2008-10-19,DAL,STL,14.0,34.0,-9.0,45.0,48.0,0,John Parry,AF,loss,-29.0,over
2008_07_DEN_NE,2008,REG,7,2008-10-20,DEN,NE,7.0,41.0,3.0,48.0,48.0,0,Alberto Riveron,HF,win,31.0,push
2008_07_DET_HOU,2008,REG,7,2008-10-19,DET,HOU,21.0,28.0,11.0,47.5,49.0,0,Bill Carollo,HF,loss,-4.0,over
2008_07_IND_GB,2008,REG,7,2008-10-19,IND,GB,14.0,34.0,-1.0,46.5,48.0,0,Ron Winter,AF,loss,-21.0,over
2008_07_MIN_CHI,2008,REG,7,2008-10-19,MIN,CHI,41.0,48.0,3.0,38.0,89.0,1,Carl Cheffers,HF,win,4.0,over
2008_07_NO_CAR,2008,REG,7,2008-10-19,NO,CAR,7.0,30.0,3.0,44.5,37.0,1,Peter Morelli,HF,win,20.0,under
2008_07_NYJ_OAK,2008,REG,7,2008-10-19,NYJ,OAK,13.0,16.0,-3.0,41.0,29.0,0,Jerome Boger,AF,loss,-6.0,under
2008_07_PIT_CIN,2008,REG,7,2008-10-19,PIT,CIN,38.0,10.0,-9.0,36.5,48.0,1,Ed Hochuli,AF,win,19.0,over
2008_07_SD_BUF,2008,REG,7,2008-10-19,SD,BUF,14.0,23.0,-1.0,44.5,37.0,0,Jeff Triplette,AF,loss,-10.0,under
2008_07_SEA_TB,2008,REG,7,2008-10-19,SEA,TB,10.0,20.0,10.5,39.5,30.0,0,Scott Green,HF,loss,-0.5,under
2008_07_SF_NYG,2008,REG,7,2008-10-19,SF,NYG,17.0,29.0,10.0,46.5,46.0,0,Walt Anderson,HF,win,2.0,under
2008_07_TEN_KC,2008,REG,7,2008-10-19,TEN,KC,34.0,10.0,-9.0,35.0,44.0,0,Gene Steratore,AF,win,15.0,over
2008_08_ARI_CAR,2008,REG,8,2008-10-26,ARI,CAR,23.0,27.0,5.0,43.0,50.0,0,Walt Coleman,HF,loss,-1.0,over
2008_08_ATL_PHI,2008,REG,8,2008-10-26,ATL,PHI,14.0,27.0,9.5,45.0,41.0,0,Jerome Boger,HF,win,3.5,under
2008_08_BUF_MIA,2008,REG,8,2008-10-26,BUF,MIA,16.0,25.0,1.0,41.5,41.0,1,Walt Anderson,HF,win,8.0,under
2008_08_CIN_HOU,2008,REG,8,2008-10-26,CIN,HOU,6.0,35.0,9.0,45.5,41.0,0,Ron Winter,HF,win,20.0,under
2008_08_CLE_JAX,2008,REG,8,2008-10-26,CLE,JAX,23.0,17.0,7.0,42.0,40.0,0,Alberto Riveron,HF,loss,-13.0,under
2008_08_IND_TEN,2008,REG,8,2008-10-27,IND,TEN,21.0,31.0,4.0,40.5,52.0,1,Mike Carey,HF,win,6.0,over
2008_08_KC_NYJ,2008,REG,8,2008-10-26,KC,NYJ,24.0,28.0,14.0,41.0,52.0,0,Peter Morelli,HF,loss,-10.0,over
2008_08_NYG_PIT,2008,REG,8,2008-10-26,NYG,PIT,21.0,14.0,3.0,41.0,35.0,0,Bill Carollo,HF,loss,-10.0,under
2008_08_OAK_BAL,2008,REG,8,2008-10-26,OAK,BAL,10.0,29.0,9.0,34.5,39.0,0,Jeff Triplette,HF,win,10.0,over
2008_08_SD_NO,2008,REG,8,2008-10-26,SD,NO,32.0,37.0,-3.0,45.5,69.0,0,Tony Corrente,AF,loss,-8.0,over
2008_08_SEA_SF,2008,REG,8,2008-10-26,SEA,SF,34.0,13.0,5.0,41.0,47.0,1,Terry McAulay,HF,loss,-26.0,over
2008_08_STL_NE,2008,REG,8,2008-10-26,STL,NE,16.0,23.0,9.0,41.0,39.0,0,Scott Green,HF,loss,-2.0,under
2008_08_TB_DAL,2008,REG,8,2008-10-26,TB,DAL,9.0,13.0,1.0,40.5,22.0,0,Gene Steratore,HF,win,3.0,under
2008_08_WAS_DET,2008,REG,8,2008-10-26,WAS,DET,25.0,17.0,-7.0,42.0,42.0,0,John Parry,AF,win,1.0,push
2008_09_ARI_STL,2008,REG,9,2008-11-02,ARI,STL,34.0,13.0,-3.0,49.5,47.0,1,Jeff Triplette,AF,win,18.0,under
2008_09_ATL_OAK,2008,REG,9,2008-11-02,ATL,OAK,24.0,0.0,-3.0,41.0,24.0,0,Walt Anderson,AF,win,21.0,under
2008_09_BAL_CLE,2008,REG,9,2008-11-02,BAL,CLE,37.0,27.0,1.0,36.5,64.0,1,Scott Green,HF,loss,-11.0,over
2008_09_DAL_NYG,2008,REG,9,2008-11-02,DAL,NYG,14.0,35.0,9.5,42.0,49.0,1,Jerome Boger,HF,win,11.5,over
2008_09_DET_CHI,2008,REG,9,2008-11-02,DET,CHI,23.0,27.0,12.5,43.5,50.0,1,Peter Morelli,HF,loss,-8.5,over
2008_09_GB_TEN,2008,REG,9,2008-11-02,GB,TEN,16.0,19.0,3.5,41.0,35.0,0,Bill Leavy,HF,loss,-0.5,under
2008_09_HOU_MIN,2008,REG,9,2008-11-02,HOU,MIN,21.0,28.0,6.5,46.5,49.0,0,Walt Coleman,HF,win,0.5,over
2008_09_JAX_CIN,2008,REG,9,2008-11-02,JAX,CIN,19.0,21.0,-7.0,40.0,40.0,0,Terry McAulay,AF,loss,-9.0,push
2008_09_MIA_DEN,2008,REG,9,2008-11-02,MIA,DEN,26.0,17.0,4.0,50.0,43.0,0,Tony Corrente,HF,loss,-13.0,under
2008_09_NE_IND,2008,REG,9,2008-11-02,NE,IND,15.0,18.0,6.5,44.0,33.0,0,Bill Carollo,HF,loss,-3.5,under
2008_09_NYJ_BUF,2008,REG,9,2008-11-02,NYJ,BUF,26.0,17.0,5.0,43.0,43.0,1,Ron Winter,HF,loss,-14.0,push
2008_09_PHI_SEA,2008,REG,9,2008-11-02,PHI,SEA,26.0,7.0,-7.0,43.5,33.0,0,Mike Carey,AF,win,12.0,under
2008_09_PIT_WAS,2008,REG,9,2008-11-03,PIT,WAS,23.0,6.0,1.0,37.5,29.0,0,Carl Cheffers,HF,loss,-18.0,under
2008_09_TB_KC,2008,REG,9,2008-11-02,TB,KC,30.0,27.0,-9.5,36.5,57.0,0,Ed Hochuli,AF,loss,-6.5,over
2008_10_BAL_HOU,2008,REG,10,2008-11-09,BAL,HOU,41.0,13.0,2.5,43.5,54.0,0,Jerome Boger,HF,loss,-30.5,over
2008_10_BUF_NE,2008,REG,10,2008-11-09,BUF,NE,10.0,20.0,3.5,41.0,30.0,1,Walt Coleman,HF,win,6.5,under
2008_10_CAR_OAK,2008,REG,10,2008-11-09,CAR,OAK,17.0,6.0,-10.0,37.5,23.0,0,Mike Carey,AF,win,1.0,under
2008_10_DEN_CLE,2008,REG,10,2008-11-06,DEN,CLE,34.0,30.0,3.0,47.0,64.0,0,Bill Leavy,HF,loss,-7.0,over
2008_10_GB_MIN,2008,REG,10,2008-11-09,GB,MIN,27.0,28.0,2.5,44.0,55.0,1,Alberto Riveron,HF,loss,-1.5,over
2008_10_IND_PIT,2008,REG,10,2008-11-09,IND,PIT,24.0,20.0,3.5,38.5,44.0,0,John Parry,HF,loss,-7.5,over
2008_10_JAX_DET,2008,REG,10,2008-11-09,JAX,DET,38.0,14.0,-5.5,43.0,52.0,0,Carl Cheffers,AF,win,18.5,over
2008_10_KC_SD,2008,REG,10,2008-11-09,KC,SD,19.0,20.0,14.5,47.0,39.0,1,Ron Winter,HF,loss,-13.5,under
2008_10_NO_ATL,2008,REG,10,2008-11-09,NO,ATL,20.0,34.0,1.0,51.0,54.0,1,Gene Steratore,HF,win,13.0,over
2008_10_NYG_PHI,2008,REG,10,2008-11-09,NYG,PHI,36.0,31.0,3.0,42.5,67.0,1,Terry McAulay,HF,loss,-8.0,over
2008_10_SEA_MIA,2008,REG,10,2008-11-09,SEA,MIA,19.0,21.0,9.0,41.5,40.0,0,Peter Morelli,HF,loss,-7.0,under
2008_10_SF_ARI,2008,REG,10,2008-11-10,SF,ARI,24.0,29.0,9.5,47.5,53.0,1,Tony Corrente,HF,loss,-4.5,over
2008_10_STL_NYJ,2008,REG,10,2008-11-09,STL,NYJ,3.0,47.0,9.5,43.5,50.0,0,Bill Carollo,HF,win,34.5,over
2008_10_TEN_CHI,2008,REG,10,2008-11-09,TEN,CHI,21.0,14.0,-1.0,37.0,35.0,0,Ed Hochuli,AF,win,6.0,under
2008_11_ARI_SEA,2008,REG,11,2008-11-16,ARI,SEA,26.0,20.0,-3.0,47.5,46.0,1,Bill Carollo,AF,win,3.0,under
2008_11_BAL_NYG,2008,REG,11,2008-11-16,BAL,NYG,10.0,30.0,7.0,39.0,40.0,0,Ron Winter,HF,win,13.0,over
2008_11_CHI_GB,2008,REG,11,2008-11-16,CHI,GB,3.0,37.0,3.5,43.0,40.0,1,Walt Anderson,HF,win,30.5,under
2008_11_CLE_BUF,2008,REG,11,2008-11-17,CLE,BUF,29.0,27.0,4.5,40.5,56.0,0,Jerome Boger,HF,loss,-6.5,over
2008_11_DAL_WAS,2008,REG,11,2008-11-16,DAL,WAS,14.0,10.0,-1.0,42.5,24.0,1,Jeff Triplette,AF,win,3.0,under
2008_11_DEN_ATL,2008,REG,11,2008-11-16,DEN,ATL,24.0,20.0,6.5,51.5,44.0,0,Peter Morelli,HF,loss,-10.5,under
2008_11_DET_CAR,2008,REG,11,2008-11-16,DET,CAR,22.0,31.0,14.0,40.5,53.0,0,Bill Leavy,HF,loss,-5.0,over
2008_11_HOU_IND,2008,REG,11,2008-11-16,HOU,IND,27.0,33.0,9.0,50.5,60.0,1,Carl Cheffers,HF,loss,-3.0,over
2008_11_MIN_TB,2008,REG,11,2008-11-16,MIN,TB,13.0,19.0,4.5,39.5,32.0,0,Mike Carey,HF,win,1.5,under
2008_11_NO_KC,2008,REG,11,2008-11-16,NO,KC,30.0,20.0,-6.0,51.0,50.0,0,John Parry,AF,win,4.0,under
2008_11_NYJ_NE,2008,REG,11,2008-11-13,NYJ,NE,34.0,31.0,3.0,40.5,65.0,1,Gene Steratore,HF,loss,-6.0,over
2008_11_OAK_MIA,2008,REG,11,2008-11-16,OAK,MIA,15.0,17.0,10.0,38.0,32.0,0,Ed Hochuli,HF,loss,-8.0,under
2008_11_PHI_CIN,2008,REG,11,2008-11-16,PHI,CIN,13.0,13.0,-9.5,41.0,26.0,0,Tony Corrente,AF,loss,-9.5,under
2008_11_SD_PIT,2008,REG,11,2008-11-16,SD,PIT,10.0,11.0,4.5,40.5,21.0,0,Scott Green,HF,loss,-3.5,under
2008_11_STL_SF,2008,REG,11,2008-11-16,STL,SF,16.0,35.0,7.0,43.5,51.0,1,Alberto Riveron,HF,win,12.0,over
2008_11_TEN_JAX,2008,REG,11,2008-11-16,TEN,JAX,24.0,14.0,-1.0,39.5,38.0,1,Walt Coleman,AF,win,9.0,under
2008_12_BUF_KC,2008,REG,12,2008-11-23,BUF,KC,54.0,31.0,-3.0,43.0,85.0,0,Bill Leavy,AF,win,20.0,over
2008_12_CAR_ATL,2008,REG,12,2008-11-23,CAR,ATL,28.0,45.0,1.0,41.0,73.0,1,Tony Corrente,HF,win,16.0,over
2008_12_CHI_STL,2008,REG,12,2008-11-23,CHI,STL,27.0,3.0,-7.0,44.5,30.0,0,Terry McAulay,AF,win,17.0,under
2008_12_CIN_PIT,2008,REG,12,2008-11-20,CIN,PIT,10.0,27.0,11.5,34.5,37.0,1,Ron Winter,HF,win,5.5,over
2008_12_GB_NO,2008,REG,12,2008-11-24,GB,NO,29.0,51.0,1.0,51.5,80.0,0,Walt Coleman,HF,win,21.0,over
2008_12_HOU_CLE,2008,REG,12,2008-11-23,HOU,CLE,16.0,6.0,3.0,49.5,22.0,0,Ed Hochuli,HF,loss,-13.0,under
2008_12_IND_SD,2008,REG,12,2008-11-23,IND,SD,23.0,20.0,3.0,48.5,43.0,0,Gene Steratore,HF,loss,-6.0,under
2008_12_MIN_JAX,2008,REG,12,2008-11-23,MIN,JAX,30.0,12.0,1.0,41.5,42.0,0,John Parry,HF,loss,-19.0,over
2008_12_NE_MIA,2008,REG,12,2008-11-23,NE,MIA,48.0,28.0,-1.0,42.5,76.0,1,Alberto Riveron,AF,win,19.0,over
2008_12_NYG_ARI,2008,REG,12,2008-11-23,NYG,ARI,37.0,29.0,-3.0,48.0,66.0,0,Peter Morelli,AF,win,5.0,over
2008_12_NYJ_TEN,2008,REG,12,2008-11-23,NYJ,TEN,34.0,13.0,5.5,41.0,47.0,0,Carl Cheffers,HF,loss,-26.5,over
2008_12_OAK_DEN,2008,REG,12,2008-11-23,OAK,DEN,31.0,10.0,9.0,43.5,41.0,1,Jeff Triplette,HF,loss,-30.0,under
2008_12_PHI_BAL,2008,REG,12,2008-11-23,PHI,BAL,7.0,36.0,1.0,39.5,43.0,0,Walt Anderson,HF,win,28.0,over
2008_12_SF_DAL,2008,REG,12,2008-11-23,SF,DAL,22.0,35.0,9.5,45.5,57.0,0,Mike Carey,HF,win,3.5,over
2008_12_TB_DET,2008,REG,12,2008-11-23,TB,DET,38.0,20.0,-9.0,42.0,58.0,0,Bill Carollo,AF,win,9.0,over
2008_12_WAS_SEA,2008,REG,12,2008-11-23,WAS,SEA,20.0,17.0,-3.0,40.0,37.0,0,Scott Green,AF,push,0.0,under
2008_13_ARI_PHI,2008,REG,13,2008-11-27,ARI,PHI,20.0,48.0,3.0,48.5,68.0,0,Alberto Riveron,HF,win,25.0,over
2008_13_ATL_SD,2008,REG,13,2008-11-30,ATL,SD,22.0,16.0,6.5,48.0,38.0,0,Mike Carey,HF,loss,-12.5,under
2008_13_BAL_CIN,2008,REG,13,2008-11-30,BAL,CIN,34.0,3.0,-7.0,35.5,37.0,1,Carl Cheffers,AF,win,24.0,over
2008_13_CAR_GB,2008,REG,13,2008-11-30,CAR,GB,35.0,31.0,3.0,41.0,66.0,0,Gene Steratore,HF,loss,-7.0,over
2008_13_CHI_MIN,2008,REG,13,2008-11-30,CHI,MIN,14.0,34.0,5.0,41.5,48.0,1,Bill Leavy,HF,win,15.0,over
2008_13_DEN_NYJ,2008,REG,13,2008-11-30,DEN,NYJ,34.0,17.0,7.5,48.0,51.0,0,Walt Coleman,HF,loss,-24.5,over
2008_13_IND_CLE,2008,REG,13,2008-11-30,IND,CLE,10.0,6.0,-4.0,44.0,16.0,0,Terry McAulay,AF,push,0.0,under
2008_13_JAX_HOU,2008,REG,13,2008-12-01,JAX,HOU,17.0,30.0,3.0,48.5,47.0,1,Scott Green,HF,win,10.0,under
2008_13_KC_OAK,2008,REG,13,2008-11-30,KC,OAK,20.0,13.0,3.0,41.0,33.0,1,Peter Morelli,HF,loss,-10.0,under
2008_13_MIA_STL,2008,REG,13,2008-11-30,MIA,STL,16.0,12.0,-7.0,44.5,28.0,0,Ron Winter,AF,loss,-3.0,under
2008_13_NO_TB,2008,REG,13,2008-11-30,NO,TB,20.0,23.0,3.5,44.0,43.0,1,Jerome Boger,HF,loss,-0.5,under
2008_13_NYG_WAS,2008,REG,13,2008-11-30,NYG,WAS,23.0,7.0,-3.5,41.0,30.0,1,Tony Corrente,AF,win,12.5,under
2008_13_PIT_NE,2008,REG,13,2008-11-30,PIT,NE,33.0,10.0,1.0,39.0,43.0,0,Ed Hochuli,HF,loss,-24.0,over
2008_13_SEA_DAL,2008,REG,13,2008-11-27,SEA,DAL,9.0,34.0,11.5,46.0,43.0,0,John Parry,HF,win,13.5,under
2008_13_SF_BUF,2008,REG,13,2008-11-30,SF,BUF,10.0,3.0,6.5,43.0,13.0,0,Bill Carollo,HF,loss,-13.5,under
2008_13_TEN_DET,2008,REG,13,2008-11-27,TEN,DET,47.0,10.0,-11.0,43.5,57.0,0,Jeff Triplette,AF,win,26.0,over
2008_14_ATL_NO,2008,REG,14,2008-12-07,ATL,NO,25.0,29.0,3.0,51.5,54.0,1,Bill Leavy,HF,win,1.0,over
2008_14_CIN_IND,2008,REG,14,2008-12-07,CIN,IND,3.0,35.0,13.5,41.5,38.0,0,Jeff Triplette,HF,win,18.5,under
2008_14_CLE_TEN,2008,REG,14,2008-12-07,CLE,TEN,9.0,28.0,14.0,36.5,37.0,0,Ron Winter,HF,win,5.0,over
2008_14_DAL_PIT,2008,REG,14,2008-12-07,DAL,PIT,13.0,20.0,4.0,38.0,33.0,0,Alberto Riveron,HF,win,3.0,under
2008_14_HOU_GB,2008,REG,14,2008-12-07,HOU,GB,24.0,21.0,7.0,47.5,45.0,0,Peter Morelli,HF,loss,-10.0,under
2008_14_JAX_CHI,2008,REG,14,2008-12-07,JAX,CHI,10.0,23.0,6.5,40.5,33.0,0,Bill Carollo,HF,win,6.5,under
2008_14_KC_DEN,2008,REG,14,2008-12-07,KC,DEN,17.0,24.0,9.0,48.5,41.0,1,Scott Green,HF,loss,-2.0,under
2008_14_MIA_BUF,2008,REG,14,2008-12-07,MIA,BUF,16.0,3.0,1.0,43.0,19.0,1,John Parry,HF,loss,-14.0,under
2008_14_MIN_DET,2008,REG,14,2008-12-07,MIN,DET,20.0,16.0,-10.5,45.0,36.0,1,Jerome Boger,AF,loss,-6.5,under
2008_14_NE_SEA,2008,REG,14,2008-12-07,NE,SEA,24.0,21.0,-7.5,43.0,45.0,0,Carl Cheffers,AF,loss,-4.5,over
2008_14_NYJ_SF,2008,REG,14,2008-12-07,NYJ,SF,14.0,24.0,-4.0,45.0,38.0,0,Ed Hochuli,AF,loss,-14.0,under
2008_14_OAK_SD,2008,REG,14,2008-12-04,OAK,SD,7.0,34.0,9.5,41.0,41.0,1,Tony Corrente,HF,win,17.5,push
2008_14_PHI_NYG,2008,REG,14,2008-12-07,PHI,NYG,20.0,14.0,6.5,40.5,34.0,1,Gene Steratore,HF,loss,-12.5,under
2008_14_STL_ARI,2008,REG,14,2008-12-07,STL,ARI,10.0,34.0,14.0,48.5,44.0,1,Walt Coleman,HF,win,10.0,under
2008_14_TB_CAR,2008,REG,14,2008-12-08,TB,CAR,23.0,38.0,3.0,38.5,61.0,1,Walt Anderson,HF,win,12.0,over
2008_14_WAS_BAL,2008,REG,14,2008-12-07,WAS,BAL,10.0,24.0,6.0,34.5,34.0,0,Terry McAulay,HF,win,8.0,under
2008_15_BUF_NYJ,2008,REG,15,2008-12-14,BUF,NYJ,27.0,31.0,9.0,41.0,58.0,1,Jeff Triplette,HF,loss,-5.0,over
2008_15_CLE_PHI,2008,REG,15,2008-12-15,CLE,PHI,10.0,30.0,15.5,40.0,40.0,0,Bill Carollo,HF,win,4.5,push
2008_15_DEN_CAR,2008,REG,15,2008-12-14,DEN,CAR,10.0,30.0,7.0,47.5,40.0,0,Alberto Riveron,HF,win,13.0,under
2008_15_DET_IND,2008,REG,15,2008-12-14,DET,IND,21.0,31.0,16.5,44.5,52.0,0,Peter Morelli,HF,loss,-6.5,over
2008_15_GB_JAX,2008,REG,15,2008-12-14,GB,JAX,16.0,20.0,-2.5,45.5,36.0,0,Jerome Boger,AF,loss,-6.5,under
2008_15_MIN_ARI,2008,REG,15,2008-12-14,MIN,ARI,35.0,14.0,4.0,46.5,49.0,0,Ron Winter,HF,loss,-25.0,over
2008_15_NE_OAK,2008,REG,15,2008-12-14,NE,OAK,49.0,26.0,-6.5,38.5,75.0,0,John Parry,AF,win,16.5,over
2008_15_NO_CHI,2008,REG,15,2008-12-11,NO,CHI,24.0,27.0,3.0,45.5,51.0,0,Mike Carey,HF,push,0.0,over
2008_15_NYG_DAL,2008,REG,15,2008-12-14,NYG,DAL,8.0,20.0,3.0,46.5,28.0,1,Walt Anderson,HF,win,9.0,under
2008_15_PIT_BAL,2008,REG,15,2008-12-14,PIT,BAL,13.0,9.0,3.0,34.0,22.0,1,Walt Coleman,HF,loss,-7.0,under
2008_15_SD_KC,2008,REG,15,2008-12-14,SD,KC,22.0,21.0,-6.0,41.0,43.0,1,Carl Cheffers,AF,loss,-5.0,over
2008_15_SEA_STL,2008,REG,15,2008-12-14,SEA,STL,23.0,20.0,-1.0,43.0,43.0,1,Ed Hochuli,AF,win,2.0,push
2008_15_SF_MIA,2008,REG,15,2008-12-14,SF,MIA,9.0,14.0,5.5,41.0,23.0,0,Scott Green,HF,loss,-0.5,under
2008_15_TB_ATL,2008,REG,15,2008-12-14,TB,ATL,10.0,13.0,5.5,43.5,23.0,1,Terry McAulay,HF,loss,-2.5,under
2008_15_TEN_HOU,2008,REG,15,2008-12-14,TEN,HOU,12.0,13.0,-3.0,45.0,25.0,1,Gene Steratore,AF,loss,-4.0,under
2008_15_WAS_CIN,2008,REG,15,2008-12-14,WAS,CIN,13.0,20.0,-6.5,36.5,33.0,0,Bill Leavy,AF,loss,-13.5,under
2008_16_ARI_NE,2008,REG,16,2008-12-21,ARI,NE,7.0,47.0,9.0,41.0,54.0,0,Bill Leavy,HF,win,31.0,over
2008_16_ATL_MIN,2008,REG,16,2008-12-21,ATL,MIN,24.0,17.0,3.0,43.0,41.0,0,Scott Green,HF,loss,-10.0,under
2008_16_BAL_DAL,2008,REG,16,2008-12-20,BAL,DAL,33.0,24.0,5.0,39.5,57.0,0,Ed Hochuli,HF,loss,-14.0,over
2008_16_BUF_DEN,2008,REG,16,2008-12-21,BUF,DEN,30.0,23.0,6.5,46.0,53.0,0,Terry McAulay,HF,loss,-13.5,over
2008_16_CAR_NYG,2008,REG,16,2008-12-21,CAR,NYG,28.0,34.0,4.0,38.0,62.0,0,Walt Coleman,HF,win,2.0,over
2008_16_CIN_CLE,2008,REG,16,2008-12-21,CIN,CLE,14.0,0.0,1.0,31.0,14.0,1,Mike Carey,HF,loss,-15.0,under
2008_16_GB_CHI,2008,REG,16,2008-12-22,GB,CHI,17.0,20.0,4.0,40.0,37.0,1,Ron Winter,HF,loss,-1.0,under
2008_16_HOU_OAK,2008,REG,16,2008-12-21,HOU,OAK,16.0,27.0,-7.0,43.0,43.0,0,Bill Carollo,AF,loss,-18.0,push
2008_16_IND_JAX,2008,REG,16,2008-12-18,IND,JAX,31.0,24.0,-5.5,43.5,55.0,1,Walt Anderson,AF,win,1.5,over
2008_16_MIA_KC,2008,REG,16,2008-12-21,MIA,KC,38.0,31.0,-3.5,37.5,69.0,0,Jeff Triplette,AF,win,3.5,over
2008_16_NO_DET,2008,REG,16,2008-12-21,NO,DET,42.0,7.0,-7.0,50.5,49.0,0,Alberto Riveron,AF,win,28.0,under
2008_16_NYJ_SEA,2008,REG,16,2008-12-21,NYJ,SEA,3.0,13.0,-3.5,41.0,16.0,0,Tony Corrente,AF,loss,-13.5,under
2008_16_PHI_WAS,2008,REG,16,2008-12-21,PHI,WAS,3.0,10.0,-4.5,37.5,13.0,1,Jerome Boger,AF,loss,-11.5,under
2008_16_PIT_TEN,2008,REG,16,2008-12-21,PIT,TEN,14.0,31.0,-2.5,34.0,45.0,0,John Parry,AF,loss,-19.5,over
2008_16_SD_TB,2008,REG,16,2008-12-21,SD,TB,41.0,24.0,4.5,42.5,65.0,0,Peter Morelli,HF,loss,-21.5,over
2008_16_SF_STL,2008,REG,16,2008-12-21,SF,STL,17.0,16.0,-3.5,42.0,33.0,1,Carl Cheffers,AF,loss,-2.5,under
2008_17_CAR_NO,2008,REG,17,2008-12-28,CAR,NO,33.0,31.0,-1.0,51.5,64.0,1,Jerome Boger,AF,win,1.0,over
2008_17_CHI_HOU,2008,REG,17,2008-12-28,CHI,HOU,24.0,31.0,3.0,46.0,55.0,0,Carl Cheffers,HF,win,4.0,over
2008_17_CLE_PIT,2008,REG,17,2008-12-28,CLE,PIT,0.0,31.0,11.0,33.5,31.0,1,Jeff Triplette,HF,win,20.0,under
2008_17_DAL_PHI,2008,REG,17,2008-12-28,DAL,PHI,6.0,44.0,2.5,40.5,50.0,1,Scott Green,HF,win,35.5,over
2008_17_DEN_SD,2008,REG,17,2008-12-28,DEN,SD,21.0,52.0,7.0,50.5,73.0,1,John Parry,HF,win,24.0,over
2008_17_DET_GB,2008,REG,17,2008-12-28,DET,GB,21.0,31.0,11.0,41.0,52.0,1,Ed Hochuli,HF,loss,-1.0,over
2008_17_JAX_BAL,2008,REG,17,2008-12-28,JAX,BAL,7.0,27.0,10.5,37.5,34.0,0,Alberto Riveron,HF,win,9.5,under
2008_17_KC_CIN,2008,REG,17,2008-12-28,KC,CIN,6.0,16.0,1.5,40.0,22.0,0,Bill Carollo,HF,win,8.5,under
2008_17_MIA_NYJ,2008,REG,17,2008-12-28,MIA,NYJ,24.0,17.0,2.5,43.0,41.0,1,Bill Leavy,HF,loss,-9.5,under
2008_17_NE_BUF,2008,REG,17,2008-12-28,NE,BUF,13.0,0.0,-5.5,35.0,13.0,1,Gene Steratore,AF,win,7.5,under
2008_17_NYG_MIN,2008,REG,17,2008-12-28,NYG,MIN,19.0,20.0,7.0,41.0,39.0,0,Terry McAulay,HF,loss,-6.0,under
2008_17_OAK_TB,2008,REG,17,2008-12-28,OAK,TB,31.0,24.0,11.0,38.5,55.0,0,Ron Winter,HF,loss,-18.0,over
2008_17_SEA_ARI,2008,REG,17,2008-12-28,SEA,ARI,21.0,34.0,7.0,47.0,55.0,1,Mike Carey,HF,win,6.0,over
2008_17_STL_ATL,2008,REG,17,2008-12-28,STL,ATL,27.0,31.0,14.0,44.0,58.0,0,Walt Anderson,HF,loss,-10.0,over
2008_17_TEN_IND,2008,REG,17,2008-12-28,TEN,IND,0.0,23.0,-3.0,39.5,23.0,1,Tony Corrente,AF,loss,-26.0,under
2008_17_WAS_SF,2008,REG,17,2008-12-28,WAS,SF,24.0,27.0,1.0,37.0,51.0,0,Peter Morelli,HF,win,2.0,over
2008_18_ATL_ARI,2008,WC,18,2009-01-03,ATL,ARI,24.0,30.0,2.0,52.0,54.0,0,John Parry,HF,win,4.0,over
2008_18_BAL_MIA,2008,WC,18,2009-01-04,BAL,MIA,27.0,9.0,-3.5,38.0,36.0,0,Ed Hochuli,AF,win,14.5,under
2008_18_IND_SD,2008,WC,18,2009-01-03,IND,SD,17.0,23.0,-1.5,49.0,40.0,0,Ron Winter,AF,loss,-7.5,under
2008_18_PHI_MIN,2008,WC,18,2009-01-04,PHI,MIN,26.0,14.0,-3.0,40.5,40.0,0,Tony Corrente,AF,win,9.0,under
2008_19_ARI_CAR,2008,DIV,19,2009-01-10,ARI,CAR,33.0,13.0,10.0,49.5,46.0,0,Gene Steratore,HF,loss,-30.0,under
2008_19_BAL_TEN,2008,DIV,19,2009-01-10,BAL,TEN,13.0,10.0,3.0,33.5,23.0,0,Terry McAulay,HF,loss,-6.0,under
2008_19_PHI_NYG,2008,DIV,19,2009-01-11,PHI,NYG,23.0,11.0,4.0,39.0,34.0,1,Mike Carey,HF,loss,-16.0,under
2008_19_SD_PIT,2008,DIV,19,2009-01-11,SD,PIT,24.0,35.0,6.5,38.0,59.0,0,Bill Leavy,HF,win,4.5,over
2008_20_BAL_PIT,2008,CON,20,2009-01-18,BAL,PIT,14.0,23.0,6.0,35.0,37.0,1,Bill Carollo,HF,win,3.0,over
2008_20_PHI_ARI,2008,CON,20,2009-01-18,PHI,ARI,25.0,32.0,-3.5,47.0,57.0,0,Walt Anderson,AF,loss,-10.5,over
2008_21_PIT_ARI,2008,SB,21,2009-02-01,PIT,ARI,27.0,23.0,-6.5,46.5,50.0,0,Terry McAulay,AF,loss,-2.5,over
2009_01_BUF_NE,2009,REG,1,2009-09-14,BUF,NE,24.0,25.0,13.5,47.5,49.0,1,Scott Green,HF,loss,-12.5,over
2009_01_CHI_GB,2009,REG,1,2009-09-13,CHI,GB,15.0,21.0,5.0,47.0,36.0,1,Ron Winter,HF,win,1.0,under
2009_01_DAL_TB,2009,REG,1,2009-09-13,DAL,TB,34.0,21.0,-4.5,40.0,55.0,0,Alberto Riveron,AF,win,8.5,over
2009_01_DEN_CIN,2009,REG,1,2009-09-13,DEN,CIN,12.0,7.0,4.5,41.0,19.0,0,Jerome Boger,HF,loss,-9.5,under
2009_01_DET_NO,2009,REG,1,2009-09-13,DET,NO,27.0,45.0,14.0,50.0,72.0,0,Mike Carey,HF,win,4.0,over
2009_01_JAX_IND,2009,REG,1,2009-09-13,JAX,IND,12.0,14.0,6.5,45.0,26.0,1,Tony Corrente,HF,loss,-4.5,under
2009_01_KC_BAL,2009,REG,1,2009-09-13,KC,BAL,24.0,38.0,13.0,36.5,62.0,0,Gene Steratore,HF,win,1.0,over
2009_01_MIA_ATL,2009,REG,1,2009-09-13,MIA,ATL,7.0,19.0,4.0,44.0,26.0,0,Walt Coleman,HF,win,8.0,under
2009_01_MIN_CLE,2009,REG,1,2009-09-13,MIN,CLE,34.0,20.0,-4.0,39.5,54.0,0,John Parry,AF,win,10.0,over
2009_01_NYJ_HOU,2009,REG,1,2009-09-13,NYJ,HOU,24.0,7.0,4.5,44.5,31.0,0,Ed Hochuli,HF,loss,-21.5,under
2009_01_PHI_CAR,2009,REG,1,2009-09-13,PHI,CAR,38.0,10.0,-1.0,43.5,48.0,0,Jeff Triplette,AF,win,27.0,over
2009_01_SD_OAK,2009,REG,1,2009-09-14,SD,OAK,24.0,20.0,-10.0,43.0,44.0,1,Carl Cheffers,AF,loss,-6.0,over
2009_01_SF_ARI,2009,REG,1,2009-09-13,SF,ARI,20.0,16.0,5.0,45.5,36.0,1,Don Carey,HF,loss,-9.0,under
2009_01_STL_SEA,2009,REG,1,2009-09-13,STL,SEA,0.0,28.0,7.0,41.0,28.0,1,Peter Morelli,HF,win,21.0,under
2009_01_TEN_PIT,2009,REG,1,2009-09-10,TEN,PIT,10.0,13.0,6.5,35.5,23.0,0,Bill Leavy,HF,loss,-3.5,under
2009_01_WAS_NYG,2009,REG,1,2009-09-13,WAS,NYG,17.0,23.0,6.0,37.0,40.0,1,Terry McAulay,HF,push,0.0,over
2009_02_ARI_JAX,2009,REG,2,2009-09-20,ARI,JAX,31.0,17.0,3.0,42.5,48.0,0,Gene Steratore,HF,loss,-17.0,over
2009_02_BAL_SD,2009,REG,2,2009-09-20,BAL,SD,31.0,26.0,3.0,40.0,57.0,0,Tony Corrente,HF,loss,-8.0,over
2009_02_CAR_ATL,2009,REG,2,2009-09-20,CAR,ATL,20.0,28.0,5.5,43.5,48.0,1,Don Carey,HF,win,2.5,over
2009_02_CIN_GB,2009,REG,2,2009-09-20,CIN,GB,31.0,24.0,7.5,42.0,55.0,0,Ed Hochuli,HF,loss,-14.5,over
2009_02_CLE_DEN,2009,REG,2,2009-09-20,CLE,DEN,6.0,27.0,3.0,38.5,33.0,0,Peter Morelli,HF,win,18.0,under
2009_02_HOU_TEN,2009,REG,2,2009-09-20,HOU,TEN,34.0,31.0,7.0,40.5,65.0,1,Walt Coleman,HF,loss,-10.0,over
2009_02_IND_MIA,2009,REG,2,2009-09-21,IND,MIA,27.0,23.0,-3.0,41.0,50.0,0,Terry McAulay,AF,win,1.0,over
2009_02_MIN_DET,2009,REG,2,2009-09-20,MIN,DET,27.0,13.0,-10.0,45.0,40.0,1,Carl Cheffers,AF,win,4.0,under
2009_02_NE_NYJ,2009,REG,2,2009-09-20,NE,NYJ,9.0,16.0,-3.5,45.0,25.0,1,John Parry,AF,loss,-10.5,under
2009_02_NO_PHI,2009,REG,2,2009-09-20,NO,PHI,48.0,22.0,-2.5,46.0,70.0,0,Alberto Riveron,AF,win,23.5,over
2009_02_NYG_DAL,2009,REG,2,2009-09-20,NYG,DAL,33.0,31.0,3.0,45.5,64.0,1,Mike Carey,HF,loss,-5.0,over
2009_02_OAK_KC,2009,REG,2,2009-09-20,OAK,KC,13.0,10.0,1.5,40.0,23.0,1,Walt Anderson,HF,loss,-4.5,under
2009_02_PIT_CHI,2009,REG,2,2009-09-20,PIT,CHI,14.0,17.0,-1.0,37.5,31.0,0,Scott Green,AF,loss,-4.0,under
2009_02_SEA_SF,2009,REG,2,2009-09-20,SEA,SF,10.0,23.0,1.0,39.5,33.0,1,Bill Leavy,HF,win,12.0,under
2009_02_STL_WAS,2009,REG,2,2009-09-20,STL,WAS,7.0,9.0,10.0,37.0,16.0,0,Jerome Boger,HF,loss,-8.0,under
2009_02_TB_BUF,2009,REG,2,2009-09-20,TB,BUF,20.0,33.0,4.5,42.0,53.0,0,Ron Winter,HF,win,8.5,over
2009_03_ATL_NE,2009,REG,3,2009-09-27,ATL,NE,10.0,26.0,4.5,45.5,36.0,0,Alberto Riveron,HF,win,11.5,under
2009_03_CAR_DAL,2009,REG,3,2009-09-28,CAR,DAL,7.0,21.0,9.0,48.0,28.0,0,Tony Corrente,HF,win,5.0,under
2009_03_CHI_SEA,2009,REG,3,2009-09-27,CHI,SEA,25.0,19.0,-1.0,37.5,44.0,0,Don Carey,AF,win,5.0,over
2009_03_CLE_BAL,2009,REG,3,2009-09-27,CLE,BAL,3.0,34.0,13.5,38.5,37.0,1,Terry McAulay,HF,win,17.5,under
2009_03_DEN_OAK,2009,REG,3,2009-09-27,DEN,OAK,23.0,3.0,-1.0,38.5,26.0,1,Ed Hochuli,AF,win,19.0,under
2009_03_GB_STL,2009,REG,3,2009-09-27,GB,STL,36.0,17.0,-6.5,42.5,53.0,0,Walt Coleman,AF,win,12.5,over
2009_03_IND_ARI,2009,REG,3,2009-09-27,IND,ARI,31.0,10.0,3.0,49.0,41.0,0,Peter Morelli,HF,loss,-24.0,under
2009_03_JAX_HOU,2009,REG,3,2009-09-27,JAX,HOU,31.0,24.0,4.0,47.0,55.0,1,Ron Winter,HF,loss,-11.0,over
2009_03_KC_PHI,2009,REG,3,2009-09-27,KC,PHI,14.0,34.0,7.5,38.5,48.0,0,John Parry,HF,win,12.5,over
2009_03_MIA_SD,2009,REG,3,2009-09-27,MIA,SD,13.0,23.0,5.5,45.0,36.0,0,Bill Leavy,HF,win,4.5,under
2009_03_NO_BUF,2009,REG,3,2009-09-27,NO,BUF,27.0,7.0,-5.5,51.5,34.0,0,Walt Anderson,AF,win,14.5,under
2009_03_NYG_TB,2009,REG,3,2009-09-27,NYG,TB,24.0,0.0,-6.0,46.0,24.0,0,Jeff Triplette,AF,win,18.0,under
2009_03_PIT_CIN,2009,REG,3,2009-09-27,PIT,CIN,20.0,23.0,-3.5,36.5,43.0,1,Gene Steratore,AF,loss,-6.5,over
2009_03_SF_MIN,2009,REG,3,2009-09-27,SF,MIN,24.0,27.0,7.0,39.0,51.0,0,Jerome Boger,HF,loss,-4.0,over
2009_03_TEN_NYJ,2009,REG,3,2009-09-27,TEN,NYJ,17.0,24.0,1.0,36.5,41.0,0,Mike Carey,HF,win,6.0,over
2009_03_WAS_DET,2009,REG,3,2009-09-27,WAS,DET,14.0,19.0,-6.5,39.5,33.0,0,Scott Green,AF,loss,-11.5,under
2009_04_BAL_NE,2009,REG,4,2009-10-04,BAL,NE,21.0,27.0,1.0,45.5,48.0,0,Ron Winter,HF,win,5.0,over
2009_04_BUF_MIA,2009,REG,4,2009-10-04,BUF,MIA,10.0,38.0,1.0,37.5,48.0,1,Carl Cheffers,HF,win,27.0,over
2009_04_CIN_CLE,2009,REG,4,2009-10-04,CIN,CLE,23.0,20.0,-6.0,37.5,43.0,1,Scott Green,AF,loss,-3.0,over
2009_04_DAL_DEN,2009,REG,4,2009-10-04,DAL,DEN,10.0,17.0,-1.0,43.5,27.0,0,Walt Anderson,AF,loss,-8.0,under
2009_04_DET_CHI,2009,REG,4,2009-10-04,DET,CHI,24.0,48.0,9.5,43.0,72.0,1,Walt Coleman,HF,win,14.5,over
2009_04_GB_MIN,2009,REG,4,2009-10-05,GB,MIN,23.0,30.0,4.5,46.0,53.0,1,Gene Steratore,HF,win,2.5,over
2009_04_NYG_KC,2009,REG,4,2009-10-04,NYG,KC,27.0,16.0,-9.0,43.0,43.0,0,Jerome Boger,AF,win,2.0,push
2009_04_NYJ_NO,2009,REG,4,2009-10-04,NYJ,NO,10.0,24.0,7.5,47.0,34.0,0,Bill Leavy,HF,win,6.5,under
2009_04_OAK_HOU,2009,REG,4,2009-10-04,OAK,HOU,6.0,29.0,9.0,42.5,35.0,0,Don Carey,HF,win,14.0,under
2009_04_SD_PIT,2009,REG,4,2009-10-04,SD,PIT,28.0,38.0,5.5,43.0,66.0,0,Jeff Triplette,HF,win,4.5,over
2009_04_SEA_IND,2009,REG,4,2009-10-04,SEA,IND,17.0,34.0,10.0,43.5,51.0,0,Mike Carey,HF,win,7.0,over
2009_04_STL_SF,2009,REG,4,2009-10-04,STL,SF,0.0,35.0,9.5,36.5,35.0,1,Tony Corrente,HF,win,25.5,under
2009_04_TB_WAS,2009,REG,4,2009-10-04,TB,WAS,13.0,16.0,9.5,36.5,29.0,0,Ed Hochuli,HF,loss,-6.5,under
2009_04_TEN_JAX,2009,REG,4,2009-10-04,TEN,JAX,17.0,37.0,-3.0,42.0,54.0,1,Alberto Riveron,AF,loss,-23.0,over
2009_05_ATL_SF,2009,REG,5,2009-10-11,ATL,SF,45.0,10.0,1.0,40.0,55.0,0,Peter Morelli,HF,loss,-36.0,over
2009_05_CIN_BAL,2009,REG,5,2009-10-11,CIN,BAL,17.0,14.0,9.0,42.0,31.0,1,Jeff Triplette,HF,loss,-12.0,under
2009_05_CLE_BUF,2009,REG,5,2009-10-11,CLE,BUF,6.0,3.0,6.0,41.5,9.0,0,Jerome Boger,HF,loss,-9.0,under
2009_05_DAL_KC,2009,REG,5,2009-10-11,DAL,KC,26.0,20.0,-7.0,43.5,46.0,0,Ron Winter,AF,loss,-1.0,over
2009_05_HOU_ARI,2009,REG,5,2009-10-11,HOU,ARI,21.0,28.0,5.5,50.5,49.0,0,Tony Corrente,HF,win,1.5,under
2009_05_IND_TEN,2009,REG,5,2009-10-11,IND,TEN,31.0,9.0,-3.0,44.0,40.0,1,Walt Anderson,AF,win,19.0,under
2009_05_JAX_SEA,2009,REG,5,2009-10-11,JAX,SEA,0.0,41.0,1.0,44.0,41.0,0,Scott Green,HF,win,40.0,under
2009_05_MIN_STL,2009,REG,5,2009-10-11,MIN,STL,38.0,10.0,-10.0,40.5,48.0,0,Don Carey,AF,win,18.0,over
2009_05_NE_DEN,2009,REG,5,2009-10-11,NE,DEN,17.0,20.0,-3.0,41.0,37.0,0,Carl Cheffers,AF,loss,-6.0,under
2009_05_NYJ_MIA,2009,REG,5,2009-10-12,NYJ,MIA,27.0,31.0,-3.0,36.0,58.0,1,Alberto Riveron,AF,loss,-7.0,over
2009_05_OAK_NYG,2009,REG,5,2009-10-11,OAK,NYG,7.0,44.0,15.5,38.0,51.0,0,John Parry,HF,win,21.5,over
2009_05_PIT_DET,2009,REG,5,2009-10-11,PIT,DET,28.0,20.0,-11.0,44.0,48.0,0,Ed Hochuli,AF,loss,-3.0,over
2009_05_TB_PHI,2009,REG,5,2009-10-11,TB,PHI,14.0,33.0,15.5,41.5,47.0,0,Terry McAulay,HF,win,3.5,over
2009_05_WAS_CAR,2009,REG,5,2009-10-11,WAS,CAR,17.0,20.0,5.0,38.0,37.0,0,Walt Coleman,HF,loss,-2.0,under
2009_06_ARI_SEA,2009,REG,6,2009-10-18,ARI,SEA,27.0,3.0,3.0,45.5,30.0,1,Carl Cheffers,HF,loss,-27.0,under
2009_06_BAL_MIN,2009,REG,6,2009-10-18,BAL,MIN,31.0,33.0,3.0,45.5,64.0,0,Mike Carey,HF,loss,-1.0,over
2009_06_BUF_NYJ,2009,REG,6,2009-10-18,BUF,NYJ,16.0,13.0,9.5,35.5,29.0,1,Walt Coleman,HF,loss,-12.5,under
2009_06_CAR_TB,2009,REG,6,2009-10-18,CAR,TB,28.0,21.0,-3.0,40.5,49.0,1,John Parry,AF,win,4.0,over
2009_06_CHI_ATL,2009,REG,6,2009-10-18,CHI,ATL,14.0,21.0,4.0,46.0,35.0,0,Terry McAulay,HF,win,3.0,under
2009_06_CLE_PIT,2009,REG,6,2009-10-18,CLE,PIT,14.0,27.0,14.0,37.5,41.0,1,Walt Anderson,HF,loss,-1.0,over
2009_06_DEN_SD,2009,REG,6,2009-10-19,DEN,SD,34.0,23.0,3.5,44.5,57.0,1,Scott Green,HF,loss,-14.5,over
2009_06_DET_GB,2009,REG,6,2009-10-18,DET,GB,0.0,26.0,14.0,48.5,26.0,1,Jerome Boger,HF,win,12.0,under
2009_06_HOU_CIN,2009,REG,6,2009-10-18,HOU,CIN,28.0,17.0,4.0,46.0,45.0,0,Bill Leavy,HF,loss,-15.0,under
2009_06_KC_WAS,2009,REG,6,2009-10-18,KC,WAS,14.0,6.0,6.5,36.5,20.0,0,Tony Corrente,HF,loss,-14.5,under
2009_06_NYG_NO,2009,REG,6,2009-10-18,NYG,NO,27.0,48.0,3.5,47.0,75.0,0,Ed Hochuli,HF,win,17.5,over
2009_06_PHI_OAK,2009,REG,6,2009-10-18,PHI,OAK,9.0,13.0,-14.0,40.5,22.0,0,Peter Morelli,AF,loss,-18.0,under
2009_06_STL_JAX,2009,REG,6,2009-10-18,STL,JAX,20.0,23.0,9.5,42.0,43.0,0,Jeff Triplette,HF,loss,-6.5,over
2009_06_TEN_NE,2009,REG,6,2009-10-18,TEN,NE,0.0,59.0,9.5,38.0,59.0,0,Gene Steratore,HF,win,49.5,over
2009_07_ARI_NYG,2009,REG,7,2009-10-25,ARI,NYG,24.0,17.0,9.0,46.5,41.0,0,Alberto Riveron,HF,loss,-16.0,under
2009_07_ATL_DAL,2009,REG,7,2009-10-25,ATL,DAL,21.0,37.0,5.5,47.5,58.0,0,Scott Green,HF,win,10.5,over
2009_07_BUF_CAR,2009,REG,7,2009-10-25,BUF,CAR,20.0,9.0,7.0,37.0,29.0,0,Terry McAulay,HF,loss,-18.0,under
2009_07_CHI_CIN,2009,REG,7,2009-10-25,CHI,CIN,10.0,45.0,-1.0,42.5,55.0,0,Walt Anderson,AF,loss,-36.0,over
2009_07_GB_CLE,2009,REG,7,2009-10-25,GB,CLE,31.0,3.0,-9.5,41.5,34.0,0,Don Carey,AF,win,18.5,under
2009_07_IND_STL,2009,REG,7,2009-10-25,IND,STL,42.0,6.0,-14.0,45.0,48.0,0,Carl Cheffers,AF,win,22.0,over
2009_07_MIN_PIT,2009,REG,7,2009-10-25,MIN,PIT,17.0,27.0,6.0,46.5,44.0,0,Ron Winter,HF,win,4.0,under
2009_07_NE_TB,2009,REG,7,2009-10-25,NE,TB,35.0,7.0,-15.5,44.5,42.0,0,Jerome Boger,AF,win,12.5,under
2009_07_NO_MIA,2009,REG,7,2009-10-25,NO,MIA,46.0,34.0,-6.0,48.0,80.0,0,John Parry,AF,win,6.0,over
2009_07_NYJ_OAK,2009,REG,7,2009-10-25,NYJ,OAK,38.0,0.0,-6.0,34.0,38.0,0,Gene Steratore,AF,win,32.0,over
2009_07_PHI_WAS,2009,REG,7,2009-10-26,PHI,WAS,27.0,17.0,-9.0,38.0,44.0,1,Bill Leavy,AF,win,1.0,over
2009_07_SD_KC,2009,REG,7,2009-10-25,SD,KC,37.0,7.0,-5.5,44.0,44.0,1,Peter Morelli,AF,win,24.5,push
2009_07_SF_HOU,2009,REG,7,2009-10-25,SF,HOU,21.0,24.0,3.0,44.5,45.0,0,Mike Carey,HF,push,0.0,over
2009_08_ATL_NO,2009,REG,8,2009-11-02,ATL,NO,27.0,35.0,11.0,56.0,62.0,1,Jeff Triplette,HF,loss,-3.0,over
2009_08_CAR_ARI,2009,REG,8,2009-11-01,CAR,ARI,34.0,21.0,10.0,43.5,55.0,0,Mike Carey,HF,loss,-23.0,over
2009_08_CLE_CHI,2009,REG,8,2009-11-01,CLE,CHI,6.0,30.0,11.5,40.0,36.0,0,Alberto Riveron,HF,win,12.5,under
2009_08_DEN_BAL,2009,REG,8,2009-11-01,DEN,BAL,7.0,30.0,4.5,42.5,37.0,0,Walt Coleman,HF,win,18.5,under
2009_08_HOU_BUF,2009,REG,8,2009-11-01,HOU,BUF,31.0,10.0,-3.5,42.0,41.0,0,Gene Steratore,AF,win,17.5,under
2009_08_JAX_TEN,2009,REG,8,2009-11-01,JAX,TEN,13.0,30.0,3.0,44.0,43.0,1,Peter Morelli,HF,win,14.0,under
2009_08_MIA_NYJ,2009,REG,8,2009-11-01,MIA,NYJ,30.0,25.0,3.5,40.0,55.0,1,Don Carey,HF,loss,-8.5,over
2009_08_MIN_GB,2009,REG,8,2009-11-01,MIN,GB,38.0,26.0,3.5,46.5,64.0,1,Tony Corrente,HF,loss,-15.5,over
2009_08_NYG_PHI,2009,REG,8,2009-11-01,NYG,PHI,17.0,40.0,-1.0,43.0,57.0,1,Carl Cheffers,AF,loss,-24.0,over
2009_08_OAK_SD,2009,REG,8,2009-11-01,OAK,SD,16.0,24.0,16.0,41.5,40.0,1,Terry McAulay,HF,loss,-8.0,under
2009_08_SEA_DAL,2009,REG,8,2009-11-01,SEA,DAL,17.0,38.0,10.0,46.0,55.0,0,Jerome Boger,HF,win,11.0,over
2009_08_SF_IND,2009,REG,8,2009-11-01,SF,IND,14.0,18.0,13.0,45.0,32.0,0,Ed Hochuli,HF,loss,-9.0,under
2009_08_STL_DET,2009,REG,8,2009-11-01,STL,DET,17.0,10.0,3.5,43.5,27.0,0,Ron Winter,HF,loss,-10.5,under
2009_09_ARI_CHI,2009,REG,9,2009-11-08,ARI,CHI,41.0,21.0,1.0,44.5,62.0,0,Ed Hochuli,HF,loss,-21.0,over
2009_09_BAL_CIN,2009,REG,9,2009-11-08,BAL,CIN,7.0,17.0,-3.0,45.0,24.0,1,Alberto Riveron,AF,loss,-13.0,under
2009_09_CAR_NO,2009,REG,9,2009-11-08,CAR,NO,20.0,30.0,12.5,51.0,50.0,1,Scott Green,HF,loss,-2.5,under
2009_09_DAL_PHI,2009,REG,9,2009-11-08,DAL,PHI,20.0,16.0,3.0,50.0,36.0,1,Walt Coleman,HF,loss,-7.0,under
2009_09_DET_SEA,2009,REG,9,2009-11-08,DET,SEA,20.0,32.0,11.0,42.0,52.0,0,John Parry,HF,win,1.0,over
2009_09_GB_TB,2009,REG,9,2009-11-08,GB,TB,28.0,38.0,-9.5,43.0,66.0,0,Peter Morelli,AF,loss,-19.5,over
2009_09_HOU_IND,2009,REG,9,2009-11-08,HOU,IND,17.0,20.0,7.5,50.5,37.0,1,Jeff Triplette,HF,loss,-4.5,under
2009_09_KC_JAX,2009,REG,9,2009-11-08,KC,JAX,21.0,24.0,7.0,41.5,45.0,0,Bill Leavy,HF,loss,-4.0,over
2009_09_MIA_NE,2009,REG,9,2009-11-08,MIA,NE,17.0,27.0,10.5,47.0,44.0,1,Mike Carey,HF,loss,-0.5,under
2009_09_PIT_DEN,2009,REG,9,2009-11-09,PIT,DEN,28.0,10.0,-3.0,41.0,38.0,0,Don Carey,AF,win,15.0,under
2009_09_SD_NYG,2009,REG,9,2009-11-08,SD,NYG,21.0,20.0,5.0,48.5,41.0,0,Walt Anderson,HF,loss,-6.0,under
2009_09_TEN_SF,2009,REG,9,2009-11-08,TEN,SF,34.0,27.0,4.5,41.0,61.0,0,Carl Cheffers,HF,loss,-11.5,over
2009_09_WAS_ATL,2009,REG,9,2009-11-08,WAS,ATL,17.0,31.0,9.0,41.0,48.0,0,Ron Winter,HF,win,5.0,over
2009_10_ATL_CAR,2009,REG,10,2009-11-15,ATL,CAR,19.0,28.0,-1.0,43.5,47.0,1,Bill Leavy,AF,loss,-10.0,over
2009_10_BAL_CLE,2009,REG,10,2009-11-16,BAL,CLE,16.0,0.0,-10.5,39.5,16.0,1,Carl Cheffers,AF,win,5.5,under
2009_10_BUF_TEN,2009,REG,10,2009-11-15,BUF,TEN,17.0,41.0,9.0,41.0,58.0,0,John Parry,HF,win,15.0,over
2009_10_CHI_SF,2009,REG,10,2009-11-12,CHI,SF,6.0,10.0,3.5,43.0,16.0,0,Ron Winter,HF,win,0.5,under
2009_10_CIN_PIT,2009,REG,10,2009-11-15,CIN,PIT,18.0,12.0,6.5,41.0,30.0,1,Terry McAulay,HF,loss,-12.5,under
2009_10_DAL_GB,2009,REG,10,2009-11-15,DAL,GB,7.0,17.0,-3.0,48.0,24.0,0,Jeff Triplette,AF,loss,-13.0,under
2009_10_DEN_WAS,2009,REG,10,2009-11-15,DEN,WAS,17.0,27.0,-3.5,36.0,44.0,0,Peter Morelli,AF,loss,-13.5,over
2009_10_DET_MIN,2009,REG,10,2009-11-15,DET,MIN,10.0,27.0,17.0,47.5,37.0,1,Walt Anderson,HF,push,0.0,under
2009_10_JAX_NYJ,2009,REG,10,2009-11-15,JAX,NYJ,24.0,22.0,6.5,41.0,46.0,0,Ed Hochuli,HF,loss,-8.5,over
2009_10_KC_OAK,2009,REG,10,2009-11-15,KC,OAK,16.0,10.0,1.0,36.5,26.0,1,Mike Carey,HF,loss,-7.0,under
2009_10_NE_IND,2009,REG,10,2009-11-15,NE,IND,34.0,35.0,1.0,48.0,69.0,0,Scott Green,HF,push,0.0,over
2009_10_NO_STL,2009,REG,10,2009-11-15,NO,STL,28.0,23.0,-14.0,50.5,51.0,0,Gene Steratore,AF,loss,-9.0,over
2009_10_PHI_SD,2009,REG,10,2009-11-15,PHI,SD,23.0,31.0,1.0,47.0,54.0,0,Jerome Boger,HF,win,7.0,over
2009_10_SEA_ARI,2009,REG,10,2009-11-15,SEA,ARI,20.0,31.0,9.0,46.5,51.0,1,Walt Coleman,HF,win,2.0,over
2009_10_TB_MIA,2009,REG,10,2009-11-15,TB,MIA,23.0,25.0,10.0,43.0,48.0,0,Tony Corrente,HF,loss,-8.0,over
2009_11_ARI_STL,2009,REG,11,2009-11-22,ARI,STL,21.0,13.0,-9.5,46.5,34.0,1,Bill Leavy,AF,loss,-1.5,under
2009_11_ATL_NYG,2009,REG,11,2009-11-22,ATL,NYG,31.0,34.0,7.0,46.0,65.0,0,Gene Steratore,HF,loss,-4.0,over
2009_11_BUF_JAX,2009,REG,11,2009-11-22,BUF,JAX,15.0,18.0,9.0,41.0,33.0,0,Mike Carey,HF,loss,-6.0,under
2009_11_CIN_OAK,2009,REG,11,2009-11-22,CIN,OAK,17.0,20.0,-9.0,36.0,37.0,0,Don Carey,AF,loss,-12.0,over
2009_11_CLE_DET,2009,REG,11,2009-11-22,CLE,DET,37.0,38.0,3.5,37.5,75.0,0,Terry McAulay,HF,loss,-2.5,over
2009_11_IND_BAL,2009,REG,11,2009-11-22,IND,BAL,17.0,15.0,-1.0,44.0,32.0,0,John Parry,AF,win,1.0,under
2009_11_MIA_CAR,2009,REG,11,2009-11-19,MIA,CAR,24.0,17.0,3.5,42.0,41.0,0,Walt Anderson,HF,loss,-10.5,under
2009_11_NO_TB,2009,REG,11,2009-11-22,NO,TB,38.0,7.0,-10.5,51.0,45.0,1,Walt Coleman,AF,win,20.5,under
2009_11_NYJ_NE,2009,REG,11,2009-11-22,NYJ,NE,14.0,31.0,10.5,45.0,45.0,1,Jeff Triplette,HF,win,6.5,push
2009_11_PHI_CHI,2009,REG,11,2009-11-22,PHI,CHI,24.0,20.0,-3.5,46.5,44.0,0,Tony Corrente,AF,win,0.5,under
2009_11_PIT_KC,2009,REG,11,2009-11-22,PIT,KC,24.0,27.0,-10.5,39.5,51.0,0,Carl Cheffers,AF,loss,-13.5,over
2009_11_SD_DEN,2009,REG,11,2009-11-22,SD,DEN,32.0,3.0,-6.5,41.5,35.0,1,Ron Winter,AF,win,22.5,under
2009_11_SEA_MIN,2009,REG,11,2009-11-22,SEA,MIN,9.0,35.0,10.5,47.0,44.0,0,Ed Hochuli,HF,win,15.5,under
2009_11_SF_GB,2009,REG,11,2009-11-22,SF,GB,24.0,30.0,6.0,42.0,54.0,0,Scott Green,HF,push,0.0,over
2009_11_TEN_HOU,2009,REG,11,2009-11-23,TEN,HOU,20.0,17.0,4.0,48.0,37.0,1,Jerome Boger,HF,loss,-7.0,under
2009_11_WAS_DAL,2009,REG,11,2009-11-22,WAS,DAL,6.0,7.0,11.0,41.5,13.0,1,Alberto Riveron,HF,loss,-10.0,under
2009_12_ARI_TEN,2009,REG,12,2009-11-29,ARI,TEN,17.0,20.0,3.5,44.5,37.0,0,Terry McAulay,HF,loss,-0.5,under
2009_12_CAR_NYJ,2009,REG,12,2009-11-29,CAR,NYJ,6.0,17.0,3.5,41.0,23.0,0,Jerome Boger,HF,win,7.5,under
2009_12_CHI_MIN,2009,REG,12,2009-11-29,CHI,MIN,10.0,36.0,10.0,47.0,46.0,1,Walt Coleman,HF,win,16.0,under
2009_12_CLE_CIN,2009,REG,12,2009-11-29,CLE,CIN,7.0,16.0,12.0,39.5,23.0,1,Mike Carey,HF,loss,-3.0,under
2009_12_GB_DET,2009,REG,12,2009-11-26,GB,DET,34.0,12.0,-11.0,48.0,46.0,1,Bill Leavy,AF,win,11.0,under
2009_12_IND_HOU,2009,REG,12,2009-11-29,IND,HOU,35.0,27.0,-3.0,48.0,62.0,1,Alberto Riveron,AF,win,5.0,over
2009_12_JAX_SF,2009,REG,12,2009-11-29,JAX,SF,3.0,20.0,3.0,42.5,23.0,0,John Parry,HF,win,14.0,under
2009_12_KC_SD,2009,REG,12,2009-11-29,KC,SD,14.0,43.0,13.0,44.5,57.0,1,Don Carey,HF,win,16.0,over
2009_12_MIA_BUF,2009,REG,12,2009-11-29,MIA,BUF,14.0,31.0,-3.5,38.0,45.0,1,Jeff Triplette,AF,loss,-20.5,over
2009_12_NE_NO,2009,REG,12,2009-11-30,NE,NO,17.0,38.0,1.0,57.0,55.0,0,Peter Morelli,HF,win,20.0,under
2009_12_NYG_DEN,2009,REG,12,2009-11-26,NYG,DEN,6.0,26.0,-4.5,43.5,32.0,0,Tony Corrente,AF,loss,-24.5,under
2009_12_OAK_DAL,2009,REG,12,2009-11-26,OAK,DAL,7.0,24.0,13.5,40.5,31.0,0,Carl Cheffers,HF,win,3.5,under
2009_12_PIT_BAL,2009,REG,12,2009-11-29,PIT,BAL,17.0,20.0,9.0,35.0,37.0,1,Ed Hochuli,HF,loss,-6.0,over
2009_12_SEA_STL,2009,REG,12,2009-11-29,SEA,STL,27.0,17.0,-3.5,42.5,44.0,1,Scott Green,AF,win,6.5,over
2009_12_TB_ATL,2009,REG,12,2009-11-29,TB,ATL,17.0,20.0,12.0,46.0,37.0,1,Walt Anderson,HF,loss,-9.0,under
2009_12_WAS_PHI,2009,REG,12,2009-11-29,WAS,PHI,24.0,27.0,9.5,40.5,51.0,1,Gene Steratore,HF,loss,-6.5,over
2009_13_BAL_GB,2009,REG,13,2009-12-07,BAL,GB,14.0,27.0,4.0,43.0,41.0,0,Walt Anderson,HF,win,9.0,under
2009_13_DAL_NYG,2009,REG,13,2009-12-06,DAL,NYG,24.0,31.0,-1.0,45.5,55.0,1,Bill Leavy,AF,loss,-8.0,over
2009_13_DEN_KC,2009,REG,13,2009-12-06,DEN,KC,44.0,13.0,-6.0,39.0,57.0,1,Jeff Triplette,AF,win,25.0,over
2009_13_DET_CIN,2009,REG,13,2009-12-06,DET,CIN,13.0,23.0,13.5,42.0,36.0,0,Tony Corrente,HF,loss,-3.5,under
2009_13_HOU_JAX,2009,REG,13,2009-12-06,HOU,JAX,18.0,23.0,-1.0,47.5,41.0,1,Terry McAulay,AF,loss,-6.0,under
2009_13_MIN_ARI,2009,REG,13,2009-12-06,MIN,ARI,17.0,30.0,-3.5,48.0,47.0,0,John Parry,AF,loss,-16.5,under
2009_13_NE_MIA,2009,REG,13,2009-12-06,NE,MIA,21.0,22.0,-4.5,46.0,43.0,1,Gene Steratore,AF,loss,-5.5,under
2009_13_NO_WAS,2009,REG,13,2009-12-06,NO,WAS,33.0,30.0,-9.0,46.5,63.0,0,Carl Cheffers,AF,loss,-6.0,over
2009_13_NYJ_BUF,2009,REG,13,2009-12-03,NYJ,BUF,19.0,13.0,-3.5,37.0,32.0,1,Scott Green,AF,win,2.5,under
2009_13_OAK_PIT,2009,REG,13,2009-12-06,OAK,PIT,27.0,24.0,14.5,37.0,51.0,0,Jerome Boger,HF,loss,-17.5,over
2009_13_PHI_ATL,2009,REG,13,2009-12-06,PHI,ATL,34.0,7.0,-4.0,43.5,41.0,0,Ed Hochuli,AF,win,23.0,under
2009_13_SD_CLE,2009,REG,13,2009-12-06,SD,CLE,30.0,23.0,-13.5,42.5,53.0,0,Walt Coleman,AF,loss,-6.5,over
2009_13_SF_SEA,2009,REG,13,2009-12-06,SF,SEA,17.0,20.0,-1.0,41.5,37.0,1,Alberto Riveron,AF,loss,-4.0,under
2009_13_STL_CHI,2009,REG,13,2009-12-06,STL,CHI,9.0,17.0,9.5,41.0,26.0,0,Peter Morelli,HF,loss,-1.5,under
2009_13_TB_CAR,2009,REG,13,2009-12-06,TB,CAR,6.0,16.0,3.5,40.0,22.0,1,Don Carey,HF,win,6.5,under
2009_13_TEN_IND,2009,REG,13,2009-12-06,TEN,IND,17.0,27.0,6.0,47.0,44.0,1,Ron Winter,HF,win,4.0,under
2009_14_ARI_SF,2009,REG,14,2009-12-14,ARI,SF,9.0,24.0,-4.0,44.5,33.0,1,Jerome Boger,AF,loss,-19.0,under
2009_14_BUF_KC,2009,REG,14,2009-12-13,BUF,KC,16.0,10.0,-3.0,38.0,26.0,0,Alberto Riveron,AF,win,3.0,under
2009_14_CAR_NE,2009,REG,14,2009-12-13,CAR,NE,10.0,20.0,12.5,43.5,30.0,0,Terry McAulay,HF,loss,-2.5,under
2009_14_CIN_MIN,2009,REG,14,2009-12-13,CIN,MIN,10.0,30.0,6.0,42.5,40.0,0,Scott Green,HF,win,14.0,under
2009_14_DEN_IND,2009,REG,14,2009-12-13,DEN,IND,16.0,28.0,6.5,43.5,44.0,0,Bill Leavy,HF,win,5.5,over
2009_14_DET_BAL,2009,REG,14,2009-12-13,DET,BAL,3.0,48.0,14.0,40.5,51.0,0,Don Carey,HF,win,31.0,over
2009_14_GB_CHI,2009,REG,14,2009-12-13,GB,CHI,21.0,14.0,-4.0,41.0,35.0,1,Mike Carey,AF,win,3.0,under
2009_14_MIA_JAX,2009,REG,14,2009-12-13,MIA,JAX,14.0,10.0,1.0,43.0,24.0,0,Walt Coleman,HF,loss,-5.0,under
2009_14_NO_ATL,2009,REG,14,2009-12-13,NO,ATL,26.0,23.0,-10.0,50.5,49.0,1,Tony Corrente,AF,loss,-7.0,under
2009_14_NYJ_TB,2009,REG,14,2009-12-13,NYJ,TB,26.0,3.0,-3.5,36.5,29.0,0,Carl Cheffers,AF,win,19.5,under
2009_14_PHI_NYG,2009,REG,14,2009-12-13,PHI,NYG,45.0,38.0,-1.0,42.5,83.0,1,John Parry,AF,win,6.0,over
2009_14_PIT_CLE,2009,REG,14,2009-12-10,PIT,CLE,6.0,13.0,-10.0,34.0,19.0,1,Ron Winter,AF,loss,-17.0,under
2009_14_SD_DAL,2009,REG,14,2009-12-13,SD,DAL,20.0,17.0,3.5,48.5,37.0,0,Gene Steratore,HF,loss,-6.5,under
2009_14_SEA_HOU,2009,REG,14,2009-12-13,SEA,HOU,7.0,34.0,7.0,44.5,41.0,0,Peter Morelli,HF,win,20.0,under
2009_14_STL_TEN,2009,REG,14,2009-12-13,STL,TEN,7.0,47.0,13.5,40.0,54.0,0,Jeff Triplette,HF,win,26.5,over
2009_14_WAS_OAK,2009,REG,14,2009-12-13,WAS,OAK,34.0,13.0,-1.0,37.5,47.0,0,Walt Anderson,AF,win,20.0,over
2009_15_ARI_DET,2009,REG,15,2009-12-20,ARI,DET,31.0,24.0,-14.0,46.5,55.0,0,Jeff Triplette,AF,loss,-7.0,over
2009_15_ATL_NYJ,2009,REG,15,2009-12-20,ATL,NYJ,10.0,7.0,5.5,36.5,17.0,0,Ron Winter,HF,loss,-8.5,under
2009_15_CHI_BAL,2009,REG,15,2009-12-20,CHI,BAL,7.0,31.0,10.5,39.5,38.0,0,Bill Leavy,HF,win,13.5,under
2009_15_CIN_SD,2009,REG,15,2009-12-20,CIN,SD,24.0,27.0,6.5,44.0,51.0,0,Carl Cheffers,HF,loss,-3.5,over
2009_15_CLE_KC,2009,REG,15,2009-12-20,CLE,KC,41.0,34.0,1.0,39.0,75.0,0,Gene Steratore,HF,loss,-8.0,over
2009_15_DAL_NO,2009,REG,15,2009-12-19,DAL,NO,24.0,17.0,7.5,53.5,41.0,0,Terry McAulay,HF,loss,-14.5,under
2009_15_GB_PIT,2009,REG,15,2009-12-20,GB,PIT,36.0,37.0,2.5,41.5,73.0,0,John Parry,HF,loss,-1.5,over
2009_15_HOU_STL,2009,REG,15,2009-12-20,HOU,STL,16.0,13.0,-14.0,43.5,29.0,0,Ed Hochuli,AF,loss,-11.0,under
2009_15_IND_JAX,2009,REG,15,2009-12-17,IND,JAX,35.0,31.0,-3.5,43.0,66.0,1,Walt Anderson,AF,win,0.5,over
2009_15_MIA_TEN,2009,REG,15,2009-12-20,MIA,TEN,24.0,27.0,4.5,42.5,51.0,0,Scott Green,HF,loss,-1.5,over
2009_15_MIN_CAR,2009,REG,15,2009-12-20,MIN,CAR,7.0,26.0,-9.0,42.5,33.0,0,Peter Morelli,AF,loss,-28.0,under
2009_15_NE_BUF,2009,REG,15,2009-12-20,NE,BUF,17.0,10.0,-6.5,41.5,27.0,1,Tony Corrente,AF,win,0.5,under
2009_15_NYG_WAS,2009,REG,15,2009-12-21,NYG,WAS,45.0,12.0,-1.0,43.5,57.0,1,Walt Coleman,AF,win,32.0,over
2009_15_OAK_DEN,2009,REG,15,2009-12-20,OAK,DEN,20.0,19.0,13.5,37.0,39.0,1,Alberto Riveron,HF,loss,-14.5,over
2009_15_SF_PHI,2009,REG,15,2009-12-20,SF,PHI,13.0,27.0,7.0,41.0,40.0,0,Don Carey,HF,win,7.0,under
2009_15_TB_SEA,2009,REG,15,2009-12-20,TB,SEA,24.0,7.0,6.5,39.0,31.0,0,Mike Carey,HF,loss,-23.5,under
2009_16_BAL_PIT,2009,REG,16,2009-12-27,BAL,PIT,20.0,23.0,3.0,43.0,43.0,1,Peter Morelli,HF,push,0.0,push
2009_16_BUF_ATL,2009,REG,16,2009-12-27,BUF,ATL,3.0,31.0,9.0,40.5,34.0,0,Bill Leavy,HF,win,19.0,under
2009_16_CAR_NYG,2009,REG,16,2009-12-27,CAR,NYG,41.0,9.0,9.0,43.0,50.0,0,Scott Green,HF,loss,-41.0,over
2009_16_DAL_WAS,2009,REG,16,2009-12-27,DAL,WAS,17.0,0.0,-7.0,42.0,17.0,1,John Parry,AF,win,10.0,under
2009_16_DEN_PHI,2009,REG,16,2009-12-27,DEN,PHI,27.0,30.0,7.0,43.0,57.0,0,Mike Carey,HF,loss,-4.0,over
2009_16_DET_SF,2009,REG,16,2009-12-27,DET,SF,6.0,20.0,14.0,41.0,26.0,0,Walt Anderson,HF,push,0.0,under
2009_16_HOU_MIA,2009,REG,16,2009-12-27,HOU,MIA,27.0,20.0,1.0,47.0,47.0,0,Ron Winter,HF,loss,-8.0,push
2009_16_JAX_NE,2009,REG,16,2009-12-27,JAX,NE,7.0,35.0,9.5,44.5,42.0,0,Don Carey,HF,win,18.5,under
2009_16_KC_CIN,2009,REG,16,2009-12-27,KC,CIN,10.0,17.0,13.0,39.5,27.0,0,Ed Hochuli,HF,loss,-6.0,under
2009_16_MIN_CHI,2009,REG,16,2009-12-28,MIN,CHI,30.0,36.0,-9.0,41.0,66.0,1,Gene Steratore,AF,loss,-15.0,over
2009_16_NYJ_IND,2009,REG,16,2009-12-27,NYJ,IND,29.0,15.0,3.0,40.5,44.0,0,Terry McAulay,HF,loss,-17.0,over
2009_16_OAK_CLE,2009,REG,16,2009-12-27,OAK,CLE,9.0,23.0,3.0,37.0,32.0,0,Jeff Triplette,HF,win,11.0,under
2009_16_SD_TEN,2009,REG,16,2009-12-25,SD,TEN,42.0,17.0,1.0,47.5,59.0,0,Tony Corrente,HF,loss,-26.0,over
2009_16_SEA_GB,2009,REG,16,2009-12-27,SEA,GB,10.0,48.0,13.5,43.5,58.0,0,Walt Coleman,HF,win,24.5,over
2009_16_STL_ARI,2009,REG,16,2009-12-27,STL,ARI,10.0,31.0,16.0,44.0,41.0,1,Alberto Riveron,HF,win,5.0,under
2009_16_TB_NO,2009,REG,16,2009-12-27,TB,NO,20.0,17.0,14.0,48.5,37.0,1,Jerome Boger,HF,loss,-17.0,under
2009_17_ATL_TB,2009,REG,17,2010-01-03,ATL,TB,20.0,10.0,-3.0,41.5,30.0,1,Gene Steratore,AF,win,7.0,under
2009_17_BAL_OAK,2009,REG,17,2010-01-03,BAL,OAK,21.0,13.0,-10.0,39.0,34.0,0,Tony Corrente,AF,loss,-2.0,under
2009_17_CHI_DET,2009,REG,17,2010-01-03,CHI,DET,37.0,23.0,-4.0,44.0,60.0,1,Jerome Boger,AF,win,10.0,over
2009_17_CIN_NYJ,2009,REG,17,2010-01-03,CIN,NYJ,0.0,37.0,9.5,33.5,37.0,0,Walt Anderson,HF,win,27.5,over
2009_17_GB_ARI,2009,REG,17,2010-01-03,GB,ARI,33.0,7.0,3.0,42.0,40.0,0,Carl Cheffers,HF,loss,-29.0,under
2009_17_IND_BUF,2009,REG,17,2010-01-03,IND,BUF,7.0,30.0,9.0,32.5,37.0,0,Don Carey,HF,win,14.0,over
2009_17_JAX_CLE,2009,REG,17,2010-01-03,JAX,CLE,17.0,23.0,1.0,35.5,40.0,0,Peter Morelli,HF,win,5.0,over
2009_17_KC_DEN,2009,REG,17,2010-01-03,KC,DEN,44.0,24.0,9.5,38.0,68.0,1,Scott Green,HF,loss,-29.5,over
2009_17_NE_HOU,2009,REG,17,2010-01-03,NE,HOU,27.0,34.0,9.0,46.5,61.0,0,John Parry,HF,loss,-2.0,over
2009_17_NO_CAR,2009,REG,17,2010-01-03,NO,CAR,10.0,23.0,10.0,41.0,33.0,1,Alberto Riveron,HF,win,3.0,under
2009_17_NYG_MIN,2009,REG,17,2010-01-03,NYG,MIN,7.0,44.0,9.0,48.0,51.0,0,Terry McAulay,HF,win,28.0,over
2009_17_PHI_DAL,2009,REG,17,2010-01-03,PHI,DAL,0.0,24.0,3.0,47.5,24.0,1,Ron Winter,HF,win,21.0,under
2009_17_PIT_MIA,2009,REG,17,2010-01-03,PIT,MIA,30.0,24.0,-3.0,46.0,54.0,0,Bill Leavy,AF,win,3.0,over
2009_17_SF_STL,2009,REG,17,2010-01-03,SF,STL,28.0,6.0,-7.0,39.5,34.0,1,Mike Carey,AF,win,15.0,under
2009_17_TEN_SEA,2009,REG,17,2010-01-03,TEN,SEA,17.0,13.0,-6.0,45.0,30.0,0,Ed Hochuli,AF,loss,-2.0,under
2009_17_WAS_SD,2009,REG,17,2010-01-03,WAS,SD,20.0,23.0,3.0,39.0,43.0,0,Jeff Triplette,HF,push,0.0,over
2009_18_BAL_NE,2009,WC,18,2010-01-10,BAL,NE,33.0,14.0,3.5,43.5,47.0,0,Gene Steratore,HF,loss,-22.5,over
2009_18_GB_ARI,2009,WC,18,2010-01-10,GB,ARI,45.0,51.0,-2.5,48.0,96.0,0,Scott Green,AF,loss,-8.5,over
2009_18_NYJ_CIN,2009,WC,18,2010-01-09,NYJ,CIN,24.0,14.0,2.5,34.0,38.0,0,Bill Leavy,HF,loss,-12.5,over
2009_18_PHI_DAL,2009,WC,18,2010-01-09,PHI,DAL,14.0,34.0,3.5,45.5,48.0,1,Ed Hochuli,HF,win,16.5,over
2009_19_ARI_NO,2009,DIV,19,2010-01-16,ARI,NO,14.0,45.0,7.0,57.0,59.0,0,Ron Winter,HF,win,24.0,over
2009_19_BAL_IND,2009,DIV,19,2010-01-16,BAL,IND,3.0,20.0,6.5,44.0,23.0,0,Carl Cheffers,HF,win,10.5,under
2009_19_DAL_MIN,2009,DIV,19,2010-01-17,DAL,MIN,3.0,34.0,2.5,45.0,37.0,0,Walt Anderson,HF,win,28.5,under
2009_19_NYJ_SD,2009,DIV,19,2010-01-17,NYJ,SD,17.0,14.0,9.0,42.5,31.0,0,Jerome Boger,HF,loss,-12.0,under
2009_20_MIN_NO,2009,CON,20,2010-01-24,MIN,NO,28.0,31.0,4.0,54.0,59.0,0,Peter Morelli,HF,loss,-1.0,over
2009_20_NYJ_IND,2009,CON,20,2010-01-24,NYJ,IND,17.0,30.0,8.0,40.0,47.0,0,Tony Corrente,HF,win,5.0,over
2009_21_NO_IND,2009,SB,21,2010-02-07,NO,IND,31.0,17.0,4.5,56.5,48.0,0,Scott Green,HF,loss,-18.5,under
2010_01_ARI_STL,2010,REG,1,2010-09-12,ARI,STL,17.0,13.0,-3.0,39.5,30.0,1,Alberto Riveron,AF,win,1.0,under
2010_01_ATL_PIT,2010,REG,1,2010-09-12,ATL,PIT,9.0,15.0,-1.0,38.5,24.0,0,Scott Green,AF,loss,-7.0,under
2010_01_BAL_NYJ,2010,REG,1,2010-09-13,BAL,NYJ,10.0,9.0,1.0,36.5,19.0,0,Walt Anderson,HF,loss,-2.0,under
2010_01_CAR_NYG,2010,REG,1,2010-09-12,CAR,NYG,18.0,31.0,5.5,40.5,49.0,0,Jerome Boger,HF,win,7.5,over
2010_01_CIN_NE,2010,REG,1,2010-09-12,CIN,NE,24.0,38.0,5.0,44.5,62.0,0,Carl Cheffers,HF,win,9.0,over
2010_01_CLE_TB,2010,REG,1,2010-09-12,CLE,TB,14.0,17.0,2.5,37.0,31.0,0,Jeff Triplette,HF,win,0.5,under
2010_01_DAL_WAS,2010,REG,1,2010-09-12,DAL,WAS,7.0,13.0,-3.5,39.5,20.0,1,Tony Corrente,AF,loss,-9.5,under
2010_01_DEN_JAX,2010,REG,1,2010-09-12,DEN,JAX,17.0,24.0,3.0,41.5,41.0,0,Walt Coleman,HF,win,4.0,under
2010_01_DET_CHI,2010,REG,1,2010-09-12,DET,CHI,14.0,19.0,6.5,44.5,33.0,1,Gene Steratore,HF,loss,-1.5,under
2010_01_GB_PHI,2010,REG,1,2010-09-12,GB,PHI,27.0,20.0,-3.0,47.5,47.0,0,John Parry,AF,win,4.0,under
2010_01_IND_HOU,2010,REG,1,2010-09-12,IND,HOU,24.0,34.0,-1.0,47.5,58.0,1,Ed Hochuli,AF,loss,-11.0,over
2010_01_MIA_BUF,2010,REG,1,2010-09-12,MIA,BUF,15.0,10.0,-3.0,39.5,25.0,1,Clete Blakeman,AF,win,2.0,under
2010_01_MIN_NO,2010,REG,1,2010-09-09,MIN,NO,9.0,14.0,4.5,48.5,23.0,0,Terry McAulay,HF,win,0.5,under
2010_01_OAK_TEN,2010,REG,1,2010-09-12,OAK,TEN,13.0,38.0,6.5,39.5,51.0,0,Bill Leavy,HF,win,18.5,over
2010_01_SD_KC,2010,REG,1,2010-09-13,SD,KC,14.0,21.0,-4.0,45.5,35.0,1,Peter Morelli,AF,loss,-11.0,under
2010_01_SF_SEA,2010,REG,1,2010-09-12,SF,SEA,6.0,31.0,-3.0,37.0,37.0,1,Mike Carey,AF,loss,-28.0,push
2010_02_ARI_ATL,2010,REG,2,2010-09-19,ARI,ATL,7.0,41.0,7.0,43.0,48.0,0,Jerome Boger,HF,win,27.0,over
2010_02_BAL_CIN,2010,REG,2,2010-09-19,BAL,CIN,10.0,15.0,-2.5,39.5,25.0,1,Gene Steratore,AF,loss,-7.5,under
2010_02_BUF_GB,2010,REG,2,2010-09-19,BUF,GB,7.0,34.0,12.5,43.0,41.0,0,Ron Winter,HF,win,14.5,under
2010_02_CHI_DAL,2010,REG,2,2010-09-19,CHI,DAL,27.0,20.0,7.0,41.0,47.0,0,Scott Green,HF,loss,-14.0,over
2010_02_HOU_WAS,2010,REG,2,2010-09-19,HOU,WAS,30.0,27.0,-2.5,43.0,57.0,0,Jeff Triplette,AF,win,0.5,over
2010_02_JAX_SD,2010,REG,2,2010-09-19,JAX,SD,13.0,38.0,7.0,45.5,51.0,0,Terry McAulay,HF,win,18.0,over
2010_02_KC_CLE,2010,REG,2,2010-09-19,KC,CLE,16.0,14.0,3.0,38.0,30.0,0,Carl Cheffers,HF,loss,-5.0,under
2010_02_MIA_MIN,2010,REG,2,2010-09-19,MIA,MIN,14.0,10.0,5.5,40.5,24.0,0,Mike Carey,HF,loss,-9.5,under
2010_02_NE_NYJ,2010,REG,2,2010-09-19,NE,NYJ,14.0,28.0,-3.0,39.5,42.0,1,Ed Hochuli,AF,loss,-17.0,over
2010_02_NO_SF,2010,REG,2,2010-09-20,NO,SF,25.0,22.0,-4.5,43.5,47.0,0,Alberto Riveron,AF,loss,-1.5,over
2010_02_NYG_IND,2010,REG,2,2010-09-19,NYG,IND,14.0,38.0,4.0,47.5,52.0,0,Bill Leavy,HF,win,20.0,over
2010_02_PHI_DET,2010,REG,2,2010-09-19,PHI,DET,35.0,32.0,-6.5,41.0,67.0,0,Clete Blakeman,AF,loss,-3.5,over
2010_02_PIT_TEN,2010,REG,2,2010-09-19,PIT,TEN,19.0,11.0,6.0,36.5,30.0,0,John Parry,HF,loss,-14.0,under
2010_02_SEA_DEN,2010,REG,2,2010-09-19,SEA,DEN,14.0,31.0,3.5,41.0,45.0,0,Walt Anderson,HF,win,13.5,over
2010_02_STL_OAK,2010,REG,2,2010-09-19,STL,OAK,14.0,16.0,3.0,37.5,30.0,0,Tony Corrente,HF,loss,-1.0,under
2010_02_TB_CAR,2010,REG,2,2010-09-19,TB,CAR,20.0,7.0,4.0,38.0,27.0,1,Walt Coleman,HF,loss,-17.0,under
2010_03_ATL_NO,2010,REG,3,2010-09-26,ATL,NO,27.0,24.0,3.0,49.5,51.0,1,Walt Anderson,HF,loss,-6.0,over
2010_03_BUF_NE,2010,REG,3,2010-09-26,BUF,NE,30.0,38.0,14.0,42.5,68.0,1,John Parry,HF,loss,-6.0,over
2010_03_CIN_CAR,2010,REG,3,2010-09-26,CIN,CAR,20.0,7.0,-3.0,37.5,27.0,0,Peter Morelli,AF,win,10.0,under
2010_03_CLE_BAL,2010,REG,3,2010-09-26,CLE,BAL,17.0,24.0,12.0,36.5,41.0,1,Scott Green,HF,loss,-5.0,over
2010_03_DAL_HOU,2010,REG,3,2010-09-26,DAL,HOU,27.0,13.0,1.5,47.5,40.0,0,Carl Cheffers,HF,loss,-15.5,under
2010_03_DET_MIN,2010,REG,3,2010-09-26,DET,MIN,10.0,24.0,13.0,42.5,34.0,1,Ed Hochuli,HF,win,1.0,under
2010_03_GB_CHI,2010,REG,3,2010-09-27,GB,CHI,17.0,20.0,-3.0,45.5,37.0,1,Terry McAulay,AF,loss,-6.0,under
2010_03_IND_DEN,2010,REG,3,2010-09-26,IND,DEN,27.0,13.0,-5.5,47.0,40.0,0,Alberto Riveron,AF,win,8.5,under
2010_03_NYJ_MIA,2010,REG,3,2010-09-26,NYJ,MIA,31.0,23.0,1.0,35.5,54.0,1,Jerome Boger,HF,loss,-9.0,over
2010_03_OAK_ARI,2010,REG,3,2010-09-26,OAK,ARI,23.0,24.0,5.5,38.5,47.0,0,Mike Carey,HF,loss,-4.5,over
2010_03_PHI_JAX,2010,REG,3,2010-09-26,PHI,JAX,28.0,3.0,-2.0,45.0,31.0,0,Jeff Triplette,AF,win,23.0,under
2010_03_PIT_TB,2010,REG,3,2010-09-26,PIT,TB,38.0,13.0,-2.0,33.0,51.0,0,Bill Leavy,AF,win,23.0,over
2010_03_SD_SEA,2010,REG,3,2010-09-26,SD,SEA,20.0,27.0,-3.5,44.0,47.0,0,Ron Winter,AF,loss,-10.5,over
2010_03_SF_KC,2010,REG,3,2010-09-26,SF,KC,10.0,31.0,-2.5,38.0,41.0,0,Clete Blakeman,AF,loss,-23.5,over
2010_03_TEN_NYG,2010,REG,3,2010-09-26,TEN,NYG,29.0,10.0,3.0,43.5,39.0,0,Tony Corrente,HF,loss,-22.0,under
2010_03_WAS_STL,2010,REG,3,2010-09-26,WAS,STL,16.0,30.0,-4.5,39.0,46.0,0,Walt Coleman,AF,loss,-18.5,over
2010_04_ARI_SD,2010,REG,4,2010-10-03,ARI,SD,10.0,41.0,10.0,47.0,51.0,0,Gene Steratore,HF,win,21.0,over
2010_04_BAL_PIT,2010,REG,4,2010-10-03,BAL,PIT,17.0,14.0,2.0,34.5,31.0,1,Ed Hochuli,HF,loss,-5.0,under
2010_04_CAR_NO,2010,REG,4,2010-10-03,CAR,NO,14.0,16.0,12.5,43.5,30.0,1,John Parry,HF,loss,-10.5,under
2010_04_CHI_NYG,2010,REG,4,2010-10-03,CHI,NYG,3.0,17.0,3.5,44.0,20.0,0,Carl Cheffers,HF,win,10.5,under
2010_04_CIN_CLE,2010,REG,4,2010-10-03,CIN,CLE,20.0,23.0,-1.5,36.5,43.0,1,Jerome Boger,AF,loss,-4.5,over
2010_04_DEN_TEN,2010,REG,4,2010-10-03,DEN,TEN,26.0,20.0,6.0,43.5,46.0,0,Clete Blakeman,HF,loss,-12.0,over
2010_04_DET_GB,2010,REG,4,2010-10-03,DET,GB,26.0,28.0,14.5,46.0,54.0,1,Mike Carey,HF,loss,-12.5,over
2010_04_HOU_OAK,2010,REG,4,2010-10-03,HOU,OAK,31.0,24.0,-3.5,43.5,55.0,0,Scott Green,AF,win,3.5,over
2010_04_IND_JAX,2010,REG,4,2010-10-03,IND,JAX,28.0,31.0,-7.0,45.5,59.0,1,Ron Winter,AF,loss,-10.0,over
2010_04_NE_MIA,2010,REG,4,2010-10-04,NE,MIA,41.0,14.0,1.0,48.0,55.0,1,Walt Coleman,HF,loss,-28.0,over
2010_04_NYJ_BUF,2010,REG,4,2010-10-03,NYJ,BUF,38.0,14.0,-5.5,36.5,52.0,1,Bill Leavy,AF,win,18.5,over
2010_04_SEA_STL,2010,REG,4,2010-10-03,SEA,STL,3.0,20.0,-1.5,40.0,23.0,1,Peter Morelli,AF,loss,-18.5,under
2010_04_SF_ATL,2010,REG,4,2010-10-03,SF,ATL,14.0,16.0,7.0,42.5,30.0,0,Tony Corrente,HF,loss,-5.0,under
2010_04_WAS_PHI,2010,REG,4,2010-10-03,WAS,PHI,17.0,12.0,5.0,44.0,29.0,1,Alberto Riveron,HF,loss,-10.0,under
2010_05_ATL_CLE,2010,REG,5,2010-10-10,ATL,CLE,20.0,10.0,-3.0,41.5,30.0,0,John Parry,AF,win,7.0,under
2010_05_CHI_CAR,2010,REG,5,2010-10-10,CHI,CAR,23.0,6.0,2.5,33.0,29.0,0,Mike Carey,HF,loss,-19.5,under
2010_05_DEN_BAL,2010,REG,5,2010-10-10,DEN,BAL,17.0,31.0,8.0,39.5,48.0,0,Jerome Boger,HF,win,6.0,over
2010_05_GB_WAS,2010,REG,5,2010-10-10,GB,WAS,13.0,16.0,-2.5,45.5,29.0,0,Gene Steratore,AF,loss,-5.5,under
2010_05_JAX_BUF,2010,REG,5,2010-10-10,JAX,BUF,36.0,26.0,2.5,41.5,62.0,0,Carl Cheffers,HF,loss,-12.5,over
2010_05_KC_IND,2010,REG,5,2010-10-10,KC,IND,9.0,19.0,7.5,46.0,28.0,0,Terry McAulay,HF,win,2.5,under
2010_05_MIN_NYJ,2010,REG,5,2010-10-11,MIN,NYJ,20.0,29.0,4.0,38.0,49.0,0,Peter Morelli,HF,win,5.0,over
2010_05_NO_ARI,2010,REG,5,2010-10-10,NO,ARI,20.0,30.0,-6.5,45.5,50.0,0,Tony Corrente,AF,loss,-16.5,over
2010_05_NYG_HOU,2010,REG,5,2010-10-10,NYG,HOU,34.0,10.0,3.0,48.5,44.0,0,Walt Coleman,HF,loss,-27.0,under
2010_05_PHI_SF,2010,REG,5,2010-10-10,PHI,SF,27.0,24.0,3.0,39.5,51.0,0,Walt Anderson,HF,loss,-6.0,over
2010_05_SD_OAK,2010,REG,5,2010-10-10,SD,OAK,27.0,35.0,-7.0,44.0,62.0,1,Clete Blakeman,AF,loss,-15.0,over
2010_05_STL_DET,2010,REG,5,2010-10-10,STL,DET,6.0,44.0,3.0,43.5,50.0,0,Bill Leavy,HF,win,35.0,over
2010_05_TB_CIN,2010,REG,5,2010-10-10,TB,CIN,24.0,21.0,6.5,38.0,45.0,0,Scott Green,HF,loss,-9.5,over
2010_05_TEN_DAL,2010,REG,5,2010-10-10,TEN,DAL,34.0,27.0,6.5,43.5,61.0,0,Jeff Triplette,HF,loss,-13.5,over
2010_06_ATL_PHI,2010,REG,6,2010-10-17,ATL,PHI,17.0,31.0,1.0,43.0,48.0,0,Walt Coleman,HF,win,13.0,over
2010_06_BAL_NE,2010,REG,6,2010-10-17,BAL,NE,20.0,23.0,3.0,44.5,43.0,0,Bill Leavy,HF,push,0.0,under
2010_06_CLE_PIT,2010,REG,6,2010-10-17,CLE,PIT,10.0,28.0,14.0,37.5,38.0,1,Walt Anderson,HF,win,4.0,over
2010_06_DAL_MIN,2010,REG,6,2010-10-17,DAL,MIN,21.0,24.0,1.0,43.5,45.0,0,Gene Steratore,HF,win,2.0,over
2010_06_DET_NYG,2010,REG,6,2010-10-17,DET,NYG,20.0,28.0,10.0,45.5,48.0,0,Jeff Triplette,HF,loss,-2.0,over
2010_06_IND_WAS,2010,REG,6,2010-10-17,IND,WAS,27.0,24.0,-3.0,44.5,51.0,0,John Parry,AF,push,0.0,over
2010_06_KC_HOU,2010,REG,6,2010-10-17,KC,HOU,31.0,35.0,4.5,45.5,66.0,0,Ron Winter,HF,loss,-0.5,over
2010_06_MIA_GB,2010,REG,6,2010-10-17,MIA,GB,23.0,20.0,3.0,44.0,43.0,0,Ed Hochuli,HF,loss,-6.0,under
2010_06_NO_TB,2010,REG,6,2010-10-17,NO,TB,31.0,6.0,-5.5,43.5,37.0,1,Clete Blakeman,AF,win,19.5,under
2010_06_NYJ_DEN,2010,REG,6,2010-10-17,NYJ,DEN,24.0,20.0,-3.5,43.0,44.0,0,Tony Corrente,AF,win,0.5,over
2010_06_OAK_SF,2010,REG,6,2010-10-17,OAK,SF,9.0,17.0,9.0,40.5,26.0,0,Carl Cheffers,HF,loss,-1.0,under
2010_06_SD_STL,2010,REG,6,2010-10-17,SD,STL,17.0,20.0,-9.5,44.5,37.0,0,Scott Green,AF,loss,-12.5,under
2010_06_SEA_CHI,2010,REG,6,2010-10-17,SEA,CHI,23.0,20.0,6.0,37.5,43.0,0,Alberto Riveron,HF,loss,-9.0,over
2010_06_TEN_JAX,2010,REG,6,2010-10-18,TEN,JAX,30.0,3.0,-3.0,43.5,33.0,1,Mike Carey,AF,win,24.0,under
2010_07_ARI_SEA,2010,REG,7,2010-10-24,ARI,SEA,10.0,22.0,6.5,40.5,32.0,1,Jeff Triplette,HF,win,5.5,under
2010_07_BUF_BAL,2010,REG,7,2010-10-24,BUF,BAL,34.0,37.0,12.0,39.5,71.0,0,Peter Morelli,HF,loss,-9.0,over
2010_07_CIN_ATL,2010,REG,7,2010-10-24,CIN,ATL,32.0,39.0,3.5,43.0,71.0,0,Alberto Riveron,HF,win,3.5,over
2010_07_CLE_NO,2010,REG,7,2010-10-24,CLE,NO,30.0,17.0,12.0,44.0,47.0,0,Walt Coleman,HF,loss,-25.0,over
2010_07_JAX_KC,2010,REG,7,2010-10-24,JAX,KC,20.0,42.0,9.0,38.5,62.0,0,Jerome Boger,HF,win,13.0,over
2010_07_MIN_GB,2010,REG,7,2010-10-24,MIN,GB,24.0,28.0,2.5,43.5,52.0,1,Scott Green,HF,win,1.5,over
2010_07_NE_SD,2010,REG,7,2010-10-24,NE,SD,23.0,20.0,2.5,49.0,43.0,0,Tony Corrente,HF,loss,-5.5,under
2010_07_NYG_DAL,2010,REG,7,2010-10-25,NYG,DAL,41.0,35.0,3.5,45.0,76.0,1,John Parry,HF,loss,-9.5,over
2010_07_OAK_DEN,2010,REG,7,2010-10-24,OAK,DEN,59.0,14.0,7.0,43.0,73.0,1,Terry McAulay,HF,loss,-52.0,over
2010_07_PHI_TEN,2010,REG,7,2010-10-24,PHI,TEN,19.0,37.0,3.0,41.0,56.0,0,Ed Hochuli,HF,win,15.0,over
2010_07_PIT_MIA,2010,REG,7,2010-10-24,PIT,MIA,23.0,22.0,-3.0,40.5,45.0,0,Gene Steratore,AF,loss,-2.0,over
2010_07_SF_CAR,2010,REG,7,2010-10-24,SF,CAR,20.0,23.0,-1.0,36.5,43.0,0,Ron Winter,AF,loss,-4.0,over
2010_07_STL_TB,2010,REG,7,2010-10-24,STL,TB,17.0,18.0,3.0,38.5,35.0,0,Mike Carey,HF,loss,-2.0,under
2010_07_WAS_CHI,2010,REG,7,2010-10-24,WAS,CHI,17.0,14.0,3.0,40.5,31.0,0,Walt Anderson,HF,loss,-6.0,under
2010_08_BUF_KC,2010,REG,8,2010-10-31,BUF,KC,10.0,13.0,7.0,45.0,23.0,0,Alberto Riveron,HF,loss,-4.0,under
2010_08_CAR_STL,2010,REG,8,2010-10-31,CAR,STL,10.0,20.0,2.5,38.0,30.0,0,Carl Cheffers,HF,win,7.5,under
2010_08_DEN_SF,2010,REG,8,2010-10-31,DEN,SF,16.0,24.0,2.0,41.0,40.0,0,Scott Green,HF,win,6.0,under
2010_08_GB_NYJ,2010,REG,8,2010-10-31,GB,NYJ,9.0,0.0,6.5,41.5,9.0,0,Jeff Triplette,HF,loss,-15.5,under
2010_08_HOU_IND,2010,REG,8,2010-11-01,HOU,IND,17.0,30.0,5.5,50.5,47.0,1,Tony Corrente,HF,win,7.5,under
2010_08_JAX_DAL,2010,REG,8,2010-10-31,JAX,DAL,35.0,17.0,6.5,43.5,52.0,0,Clete Blakeman,HF,loss,-24.5,over
2010_08_MIA_CIN,2010,REG,8,2010-10-31,MIA,CIN,22.0,14.0,-1.0,43.0,36.0,0,Terry McAulay,AF,win,7.0,under
2010_08_MIN_NE,2010,REG,8,2010-10-31,MIN,NE,18.0,28.0,5.0,44.5,46.0,0,Walt Anderson,HF,win,5.0,over
2010_08_PIT_NO,2010,REG,8,2010-10-31,PIT,NO,10.0,20.0,1.0,45.0,30.0,0,Peter Morelli,HF,win,9.0,under
2010_08_SEA_OAK,2010,REG,8,2010-10-31,SEA,OAK,3.0,33.0,1.5,39.5,36.0,0,Ed Hochuli,HF,win,28.5,under
2010_08_TB_ARI,2010,REG,8,2010-10-31,TB,ARI,38.0,35.0,3.0,38.0,73.0,0,Ron Winter,HF,loss,-6.0,over
2010_08_TEN_SD,2010,REG,8,2010-10-31,TEN,SD,25.0,33.0,6.0,45.0,58.0,0,Bill Leavy,HF,win,2.0,over
2010_08_WAS_DET,2010,REG,8,2010-10-31,WAS,DET,25.0,37.0,2.5,44.5,62.0,0,Jerome Boger,HF,win,9.5,over
2010_09_ARI_MIN,2010,REG,9,2010-11-07,ARI,MIN,24.0,27.0,7.0,42.5,51.0,0,Bill Leavy,HF,loss,-4.0,over
2010_09_CHI_BUF,2010,REG,9,2010-11-07,CHI,BUF,22.0,19.0,-3.0,41.5,41.0,0,Gene Steratore,AF,push,0.0,under
2010_09_DAL_GB,2010,REG,9,2010-11-07,DAL,GB,7.0,45.0,7.0,46.0,52.0,0,Walt Coleman,HF,win,31.0,over
2010_09_IND_PHI,2010,REG,9,2010-11-07,IND,PHI,24.0,26.0,3.5,46.5,50.0,0,Carl Cheffers,HF,loss,-1.5,over
2010_09_KC_OAK,2010,REG,9,2010-11-07,KC,OAK,20.0,23.0,-1.0,41.0,43.0,1,Jeff Triplette,AF,loss,-4.0,over
2010_09_MIA_BAL,2010,REG,9,2010-11-07,MIA,BAL,10.0,26.0,5.0,40.5,36.0,0,John Parry,HF,win,11.0,under
2010_09_NE_CLE,2010,REG,9,2010-11-07,NE,CLE,14.0,34.0,-4.0,44.0,48.0,0,Clete Blakeman,AF,loss,-24.0,over
2010_09_NO_CAR,2010,REG,9,2010-11-07,NO,CAR,34.0,3.0,-5.5,40.0,37.0,1,Ed Hochuli,AF,win,25.5,under
2010_09_NYG_SEA,2010,REG,9,2010-11-07,NYG,SEA,41.0,7.0,-7.0,40.5,48.0,0,Peter Morelli,AF,win,27.0,over
2010_09_NYJ_DET,2010,REG,9,2010-11-07,NYJ,DET,23.0,20.0,-5.5,42.5,43.0,0,Alberto Riveron,AF,loss,-2.5,over
2010_09_PIT_CIN,2010,REG,9,2010-11-08,PIT,CIN,27.0,21.0,-5.0,41.5,48.0,1,Ron Winter,AF,win,1.0,over
2010_09_SD_HOU,2010,REG,9,2010-11-07,SD,HOU,29.0,23.0,-3.0,50.0,52.0,0,Mike Carey,AF,win,3.0,over
2010_09_TB_ATL,2010,REG,9,2010-11-07,TB,ATL,21.0,27.0,10.0,44.5,48.0,1,Terry McAulay,HF,loss,-4.0,over
2010_10_BAL_ATL,2010,REG,10,2010-11-11,BAL,ATL,21.0,26.0,1.0,43.5,47.0,0,Ron Winter,HF,win,4.0,over
2010_10_CAR_TB,2010,REG,10,2010-11-14,CAR,TB,16.0,31.0,7.0,36.5,47.0,1,Jerome Boger,HF,win,8.0,over
2010_10_CIN_IND,2010,REG,10,2010-11-14,CIN,IND,17.0,23.0,6.5,47.0,40.0,0,Walt Anderson,HF,loss,-0.5,under
2010_10_DAL_NYG,2010,REG,10,2010-11-14,DAL,NYG,33.0,20.0,11.5,46.0,53.0,1,Bill Leavy,HF,loss,-24.5,over
2010_10_DET_BUF,2010,REG,10,2010-11-14,DET,BUF,12.0,14.0,1.5,45.0,26.0,0,Walt Coleman,HF,win,0.5,under
2010_10_HOU_JAX,2010,REG,10,2010-11-14,HOU,JAX,24.0,31.0,1.0,48.0,55.0,1,Gene Steratore,HF,win,6.0,over
2010_10_KC_DEN,2010,REG,10,2010-11-14,KC,DEN,29.0,49.0,-1.0,44.0,78.0,1,Mike Carey,AF,loss,-21.0,over
2010_10_MIN_CHI,2010,REG,10,2010-11-14,MIN,CHI,13.0,27.0,1.0,41.0,40.0,1,Tony Corrente,HF,win,13.0,under
2010_10_NE_PIT,2010,REG,10,2010-11-14,NE,PIT,39.0,26.0,4.5,44.5,65.0,0,Carl Cheffers,HF,loss,-17.5,over
2010_10_NYJ_CLE,2010,REG,10,2010-11-14,NYJ,CLE,26.0,20.0,-3.5,37.0,46.0,0,Terry McAulay,AF,win,2.5,over
2010_10_PHI_WAS,2010,REG,10,2010-11-15,PHI,WAS,59.0,28.0,-3.5,43.5,87.0,1,Clete Blakeman,AF,win,27.5,over
2010_10_SEA_ARI,2010,REG,10,2010-11-14,SEA,ARI,36.0,18.0,3.5,41.0,54.0,1,Scott Green,HF,loss,-21.5,over
2010_10_STL_SF,2010,REG,10,2010-11-14,STL,SF,20.0,23.0,4.5,38.5,43.0,1,Ed Hochuli,HF,loss,-1.5,over
2010_10_TEN_MIA,2010,REG,10,2010-11-14,TEN,MIA,17.0,29.0,1.0,43.0,46.0,0,Peter Morelli,HF,win,11.0,over
2010_11_ARI_KC,2010,REG,11,2010-11-21,ARI,KC,13.0,31.0,7.0,45.0,44.0,0,Walt Coleman,HF,win,11.0,under
2010_11_ATL_STL,2010,REG,11,2010-11-21,ATL,STL,34.0,17.0,-3.5,43.0,51.0,0,Walt Anderson,AF,win,13.5,over
2010_11_BAL_CAR,2010,REG,11,2010-11-21,BAL,CAR,37.0,13.0,-13.0,37.0,50.0,0,Alberto Riveron,AF,win,11.0,over
2010_11_BUF_CIN,2010,REG,11,2010-11-21,BUF,CIN,49.0,31.0,4.0,41.0,80.0,0,Ed Hochuli,HF,loss,-22.0,over
2010_11_CHI_MIA,2010,REG,11,2010-11-18,CHI,MIA,16.0,0.0,2.5,40.0,16.0,0,Bill Leavy,HF,loss,-18.5,under
2010_11_CLE_JAX,2010,REG,11,2010-11-21,CLE,JAX,20.0,24.0,2.5,43.0,44.0,0,Peter Morelli,HF,win,1.5,over
2010_11_DEN_SD,2010,REG,11,2010-11-22,DEN,SD,14.0,35.0,9.0,50.0,49.0,1,Jeff Triplette,HF,win,12.0,under
2010_11_DET_DAL,2010,REG,11,2010-11-21,DET,DAL,19.0,35.0,5.0,47.5,54.0,0,Carl Cheffers,HF,win,11.0,over
2010_11_GB_MIN,2010,REG,11,2010-11-21,GB,MIN,31.0,3.0,-3.0,45.0,34.0,1,Clete Blakeman,AF,win,25.0,under
2010_11_HOU_NYJ,2010,REG,11,2010-11-21,HOU,NYJ,27.0,30.0,6.5,46.0,57.0,0,Jerome Boger,HF,loss,-3.5,over
2010_11_IND_NE,2010,REG,11,2010-11-21,IND,NE,28.0,31.0,4.0,49.5,59.0,0,Gene Steratore,HF,loss,-1.0,over
2010_11_NYG_PHI,2010,REG,11,2010-11-21,NYG,PHI,17.0,27.0,3.5,47.5,44.0,1,Ron Winter,HF,win,6.5,under
2010_11_OAK_PIT,2010,REG,11,2010-11-21,OAK,PIT,3.0,35.0,7.0,41.0,38.0,0,Tony Corrente,HF,win,25.0,under
2010_11_SEA_NO,2010,REG,11,2010-11-21,SEA,NO,19.0,34.0,11.0,44.5,53.0,0,Mike Carey,HF,win,4.0,over
2010_11_TB_SF,2010,REG,11,2010-11-21,TB,SF,21.0,0.0,3.5,41.0,21.0,0,John Parry,HF,loss,-24.5,under
2010_11_WAS_TEN,2010,REG,11,2010-11-21,WAS,TEN,19.0,16.0,7.0,44.0,35.0,0,Terry McAulay,HF,loss,-10.0,under
2010_12_CAR_CLE,2010,REG,12,2010-11-28,CAR,CLE,23.0,24.0,9.0,37.5,47.0,0,Jeff Triplette,HF,loss,-8.0,over
2010_12_CIN_NYJ,2010,REG,12,2010-11-25,CIN,NYJ,10.0,26.0,10.0,43.0,36.0,0,Mike Carey,HF,win,6.0,under
2010_12_GB_ATL,2010,REG,12,2010-11-28,GB,ATL,17.0,20.0,2.5,47.5,37.0,0,Peter Morelli,HF,win,0.5,under
2010_12_JAX_NYG,2010,REG,12,2010-11-28,JAX,NYG,20.0,24.0,8.0,42.5,44.0,0,Terry McAulay,HF,loss,-4.0,over
2010_12_KC_SEA,2010,REG,12,2010-11-28,KC,SEA,42.0,24.0,-1.0,45.0,66.0,0,Tony Corrente,AF,win,17.0,over
2010_12_MIA_OAK,2010,REG,12,2010-11-28,MIA,OAK,33.0,17.0,3.0,38.0,50.0,0,Walt Anderson,HF,loss,-19.0,over
2010_12_MIN_WAS,2010,REG,12,2010-11-28,MIN,WAS,17.0,13.0,-1.0,43.5,30.0,0,Ed Hochuli,AF,win,3.0,under
2010_12_NE_DET,2010,REG,12,2010-11-25,NE,DET,45.0,24.0,-6.0,50.5,69.0,0,Ron Winter,AF,win,15.0,over
2010_12_NO_DAL,2010,REG,12,2010-11-25,NO,DAL,30.0,27.0,-4.5,48.0,57.0,0,Jerome Boger,AF,loss,-1.5,over
2010_12_PHI_CHI,2010,REG,12,2010-11-28,PHI,CHI,26.0,31.0,-3.0,41.5,57.0,0,Scott Green,AF,loss,-8.0,over
2010_12_PIT_BUF,2010,REG,12,2010-11-28,PIT,BUF,19.0,16.0,-6.5,43.5,35.0,0,John Parry,AF,loss,-3.5,under
2010_12_SD_IND,2010,REG,12,2010-11-28,SD,IND,36.0,14.0,2.0,50.0,50.0,0,Alberto Riveron,HF,loss,-24.0,push
2010_12_SF_ARI,2010,REG,12,2010-11-29,SF,ARI,27.0,6.0,-1.0,41.5,33.0,1,Gene Steratore,AF,win,20.0,under
2010_12_STL_DEN,2010,REG,12,2010-11-28,STL,DEN,36.0,33.0,3.0,46.5,69.0,0,Bill Leavy,HF,loss,-6.0,over
2010_12_TB_BAL,2010,REG,12,2010-11-28,TB,BAL,10.0,17.0,7.5,41.0,27.0,0,Carl Cheffers,HF,loss,-0.5,under
2010_12_TEN_HOU,2010,REG,12,2010-11-28,TEN,HOU,0.0,20.0,5.0,46.5,20.0,1,Clete Blakeman,HF,win,15.0,under
2010_13_ATL_TB,2010,REG,13,2010-12-05,ATL,TB,28.0,24.0,-3.0,43.5,52.0,1,Tony Corrente,AF,win,1.0,over
2010_13_BUF_MIN,2010,REG,13,2010-12-05,BUF,MIN,14.0,38.0,5.0,43.5,52.0,0,Jerome Boger,HF,win,19.0,over
2010_13_CAR_SEA,2010,REG,13,2010-12-05,CAR,SEA,14.0,31.0,4.5,40.0,45.0,0,Gene Steratore,HF,win,12.5,over
2010_13_CHI_DET,2010,REG,13,2010-12-05,CHI,DET,24.0,20.0,-5.0,43.0,44.0,1,Ed Hochuli,AF,loss,-1.0,over
2010_13_CLE_MIA,2010,REG,13,2010-12-05,CLE,MIA,13.0,10.0,6.0,43.5,23.0,0,Alberto Riveron,HF,loss,-9.0,under
2010_13_DAL_IND,2010,REG,13,2010-12-05,DAL,IND,38.0,35.0,5.5,47.5,73.0,0,Peter Morelli,HF,loss,-8.5,over
2010_13_DEN_KC,2010,REG,13,2010-12-05,DEN,KC,6.0,10.0,9.0,48.0,16.0,1,Carl Cheffers,HF,loss,-5.0,under
2010_13_HOU_PHI,2010,REG,13,2010-12-02,HOU,PHI,24.0,34.0,8.5,51.0,58.0,0,Walt Anderson,HF,win,1.5,over
2010_13_JAX_TEN,2010,REG,13,2010-12-05,JAX,TEN,17.0,6.0,3.0,43.5,23.0,1,Ron Winter,HF,loss,-14.0,under
2010_13_NO_CIN,2010,REG,13,2010-12-05,NO,CIN,34.0,30.0,-6.5,45.0,64.0,0,Jeff Triplette,AF,loss,-2.5,over
2010_13_NYJ_NE,2010,REG,13,2010-12-06,NYJ,NE,3.0,45.0,4.0,44.5,48.0,1,Scott Green,HF,win,38.0,over
2010_13_OAK_SD,2010,REG,13,2010-12-05,OAK,SD,28.0,13.0,12.5,44.5,41.0,1,John Parry,HF,loss,-27.5,under
2010_13_PIT_BAL,2010,REG,13,2010-12-05,PIT,BAL,13.0,10.0,3.0,38.0,23.0,1,Terry McAulay,HF,loss,-6.0,under
2010_13_SF_GB,2010,REG,13,2010-12-05,SF,GB,16.0,34.0,9.0,41.0,50.0,0,Bill Leavy,HF,win,9.0,over
2010_13_STL_ARI,2010,REG,13,2010-12-05,STL,ARI,19.0,6.0,-3.0,43.5,25.0,1,Clete Blakeman,AF,win,10.0,under
2010_13_WAS_NYG,2010,REG,13,2010-12-05,WAS,NYG,7.0,31.0,7.0,43.0,38.0,1,Walt Coleman,HF,win,17.0,under
2010_14_ATL_CAR,2010,REG,14,2010-12-12,ATL,CAR,31.0,10.0,-7.0,41.0,41.0,1,Clete Blakeman,AF,win,14.0,push
2010_14_BAL_HOU,2010,REG,14,2010-12-13,BAL,HOU,34.0,28.0,-3.0,47.0,62.0,0,Bill Leavy,AF,win,3.0,over
2010_14_CIN_PIT,2010,REG,14,2010-12-12,CIN,PIT,7.0,23.0,9.0,39.5,30.0,1,Walt Coleman,HF,win,7.0,under
2010_14_CLE_BUF,2010,REG,14,2010-12-12,CLE,BUF,6.0,13.0,1.0,39.5,19.0,0,Scott Green,HF,win,6.0,under
2010_14_DEN_ARI,2010,REG,14,2010-12-12,DEN,ARI,13.0,43.0,-4.0,44.5,56.0,0,Jerome Boger,AF,loss,-34.0,over
2010_14_GB_DET,2010,REG,14,2010-12-12,GB,DET,3.0,7.0,-7.0,45.5,10.0,1,Gene Steratore,AF,loss,-11.0,under
2010_14_IND_TEN,2010,REG,14,2010-12-09,IND,TEN,30.0,28.0,-3.0,44.0,58.0,1,John Parry,AF,loss,-1.0,over
2010_14_KC_SD,2010,REG,14,2010-12-12,KC,SD,0.0,31.0,10.0,45.5,31.0,1,Walt Anderson,HF,win,21.0,under
2010_14_MIA_NYJ,2010,REG,14,2010-12-12,MIA,NYJ,10.0,6.0,5.0,37.5,16.0,1,Ron Winter,HF,loss,-9.0,under
2010_14_NE_CHI,2010,REG,14,2010-12-12,NE,CHI,36.0,7.0,-3.0,37.5,43.0,0,Mike Carey,AF,win,26.0,over
2010_14_NYG_MIN,2010,REG,14,2010-12-13,NYG,MIN,21.0,3.0,-4.5,43.5,24.0,0,Jeff Triplette,AF,win,13.5,under
2010_14_OAK_JAX,2010,REG,14,2010-12-12,OAK,JAX,31.0,38.0,3.5,41.0,69.0,0,Alberto Riveron,HF,win,3.5,over
2010_14_PHI_DAL,2010,REG,14,2010-12-12,PHI,DAL,30.0,27.0,-4.0,50.5,57.0,1,Terry McAulay,AF,loss,-1.0,over
2010_14_SEA_SF,2010,REG,14,2010-12-12,SEA,SF,21.0,40.0,4.5,42.5,61.0,1,Carl Cheffers,HF,win,14.5,over
2010_14_STL_NO,2010,REG,14,2010-12-12,STL,NO,13.0,31.0,9.5,47.0,44.0,0,Tony Corrente,HF,win,8.5,under
2010_14_TB_WAS,2010,REG,14,2010-12-12,TB,WAS,17.0,16.0,-1.0,41.0,33.0,0,Peter Morelli,AF,push,0.0,under
2010_15_ARI_CAR,2010,REG,15,2010-12-19,ARI,CAR,12.0,19.0,2.5,37.5,31.0,0,Tony Corrente,HF,win,4.5,under
2010_15_ATL_SEA,2010,REG,15,2010-12-19,ATL,SEA,34.0,18.0,-5.5,46.0,52.0,0,Walt Coleman,AF,win,10.5,over
2010_15_BUF_MIA,2010,REG,15,2010-12-19,BUF,MIA,17.0,14.0,5.5,40.0,31.0,1,Jeff Triplette,HF,loss,-8.5,under
2010_15_CHI_MIN,2010,REG,15,2010-12-20,CHI,MIN,40.0,14.0,-5.5,34.0,54.0,1,Carl Cheffers,AF,win,20.5,over
2010_15_CLE_CIN,2010,REG,15,2010-12-19,CLE,CIN,17.0,19.0,1.0,41.5,36.0,1,Jerome Boger,HF,win,1.0,under
2010_15_DEN_OAK,2010,REG,15,2010-12-19,DEN,OAK,23.0,39.0,9.0,41.5,62.0,1,Scott Green,HF,win,7.0,over
2010_15_DET_TB,2010,REG,15,2010-12-19,DET,TB,23.0,20.0,3.5,43.0,43.0,0,Terry McAulay,HF,loss,-6.5,push
2010_15_GB_NE,2010,REG,15,2010-12-19,GB,NE,27.0,31.0,14.0,43.5,58.0,0,Ed Hochuli,HF,loss,-10.0,over
2010_15_HOU_TEN,2010,REG,15,2010-12-19,HOU,TEN,17.0,31.0,2.0,47.5,48.0,1,Gene Steratore,HF,win,12.0,over
2010_15_JAX_IND,2010,REG,15,2010-12-19,JAX,IND,24.0,34.0,4.0,48.0,58.0,1,Mike Carey,HF,win,6.0,over
2010_15_KC_STL,2010,REG,15,2010-12-19,KC,STL,27.0,13.0,3.0,42.5,40.0,0,Ron Winter,HF,loss,-17.0,under
2010_15_NO_BAL,2010,REG,15,2010-12-19,NO,BAL,24.0,30.0,1.0,45.0,54.0,0,Walt Anderson,HF,win,5.0,over
2010_15_NYJ_PIT,2010,REG,15,2010-12-19,NYJ,PIT,22.0,17.0,3.5,36.0,39.0,0,Peter Morelli,HF,loss,-8.5,over
2010_15_PHI_NYG,2010,REG,15,2010-12-19,PHI,NYG,38.0,31.0,3.0,46.5,69.0,1,John Parry,HF,loss,-10.0,over
2010_15_SF_SD,2010,REG,15,2010-12-16,SF,SD,7.0,34.0,10.0,44.5,41.0,0,Clete Blakeman,HF,win,17.0,under
2010_15_WAS_DAL,2010,REG,15,2010-12-19,WAS,DAL,30.0,33.0,9.5,43.5,63.0,1,Alberto Riveron,HF,loss,-6.5,over
2010_16_BAL_CLE,2010,REG,16,2010-12-26,BAL,CLE,20.0,10.0,-3.5,39.5,30.0,1,John Parry,AF,win,6.5,under
2010_16_CAR_PIT,2010,REG,16,2010-12-23,CAR,PIT,3.0,27.0,14.0,37.5,30.0,0,Bill Leavy,HF,win,10.0,under
2010_16_DAL_ARI,2010,REG,16,2010-12-25,DAL,ARI,26.0,27.0,-7.0,45.0,53.0,0,Jeff Triplette,AF,loss,-8.0,over
2010_16_DET_MIA,2010,REG,16,2010-12-26,DET,MIA,34.0,27.0,3.5,41.0,61.0,0,Tony Corrente,HF,loss,-10.5,over
2010_16_HOU_DEN,2010,REG,16,2010-12-26,HOU,DEN,23.0,24.0,-2.0,49.5,47.0,0,Ron Winter,AF,loss,-3.0,under
2010_16_IND_OAK,2010,REG,16,2010-12-26,IND,OAK,31.0,26.0,-1.0,46.0,57.0,0,Terry McAulay,AF,win,4.0,over
2010_16_MIN_PHI,2010,REG,16,2010-12-28,MIN,PHI,24.0,14.0,14.0,44.0,38.0,0,Mike Carey,HF,loss,-24.0,under
2010_16_NE_BUF,2010,REG,16,2010-12-26,NE,BUF,34.0,3.0,-7.0,46.5,37.0,1,Alberto Riveron,AF,win,24.0,under
2010_16_NO_ATL,2010,REG,16,2010-12-27,NO,ATL,17.0,14.0,2.0,50.0,31.0,1,Ed Hochuli,HF,loss,-5.0,under
2010_16_NYG_GB,2010,REG,16,2010-12-26,NYG,GB,17.0,45.0,3.0,43.0,62.0,0,Walt Anderson,HF,win,25.0,over
2010_16_NYJ_CHI,2010,REG,16,2010-12-26,NYJ,CHI,34.0,38.0,1.5,36.0,72.0,0,Walt Coleman,HF,win,2.5,over
2010_16_SD_CIN,2010,REG,16,2010-12-26,SD,CIN,20.0,34.0,-9.0,43.5,54.0,0,Gene Steratore,AF,loss,-23.0,over
2010_16_SEA_TB,2010,REG,16,2010-12-26,SEA,TB,15.0,38.0,5.0,43.5,53.0,0,Clete Blakeman,HF,win,18.0,over
2010_16_SF_STL,2010,REG,16,2010-12-26,SF,STL,17.0,25.0,2.0,40.0,42.0,1,Peter Morelli,HF,win,6.0,over
2010_16_TEN_KC,2010,REG,16,2010-12-26,TEN,KC,14.0,34.0,4.0,42.5,48.0,0,Scott Green,HF,win,16.0,over
2010_16_WAS_JAX,2010,REG,16,2010-12-26,WAS,JAX,20.0,17.0,7.0,45.5,37.0,0,Jerome Boger,HF,loss,-10.0,under
2010_17_ARI_SF,2010,REG,17,2011-01-02,ARI,SF,7.0,38.0,6.0,39.5,45.0,1,Mike Carey,HF,win,25.0,over
2010_17_BUF_NYJ,2010,REG,17,2011-01-02,BUF,NYJ,7.0,38.0,1.0,38.0,45.0,1,Carl Cheffers,HF,win,30.0,over
2010_17_CAR_ATL,2010,REG,17,2011-01-02,CAR,ATL,10.0,31.0,14.0,41.0,41.0,1,John Parry,HF,win,7.0,push
2010_17_CHI_GB,2010,REG,17,2011-01-02,CHI,GB,3.0,10.0,11.0,43.5,13.0,1,Alberto Riveron,HF,loss,-4.0,under
2010_17_CIN_BAL,2010,REG,17,2011-01-02,CIN,BAL,7.0,13.0,9.5,43.0,20.0,1,Peter Morelli,HF,loss,-3.5,under
2010_17_DAL_PHI,2010,REG,17,2011-01-02,DAL,PHI,14.0,13.0,-1.5,43.0,27.0,1,Tony Corrente,AF,loss,-0.5,under
2010_17_JAX_HOU,2010,REG,17,2011-01-02,JAX,HOU,17.0,34.0,4.5,47.5,51.0,1,Jeff Triplette,HF,win,12.5,over
2010_17_MIA_NE,2010,REG,17,2011-01-02,MIA,NE,7.0,38.0,4.0,44.0,45.0,1,Terry McAulay,HF,win,27.0,over
2010_17_MIN_DET,2010,REG,17,2011-01-02,MIN,DET,13.0,20.0,3.5,43.5,33.0,1,Walt Anderson,HF,win,3.5,under
2010_17_NYG_WAS,2010,REG,17,2011-01-02,NYG,WAS,17.0,14.0,-4.5,44.5,31.0,1,Scott Green,AF,loss,-1.5,under
2010_17_OAK_KC,2010,REG,17,2011-01-02,OAK,KC,31.0,10.0,4.5,43.0,41.0,1,Bill Leavy,HF,loss,-25.5,under
2010_17_PIT_CLE,2010,REG,17,2011-01-02,PIT,CLE,41.0,9.0,-6.5,38.0,50.0,1,Ron Winter,AF,win,25.5,over
2010_17_SD_DEN,2010,REG,17,2011-01-02,SD,DEN,33.0,28.0,-5.0,47.5,61.0,1,Walt Coleman,AF,push,0.0,over
2010_17_STL_SEA,2010,REG,17,2011-01-02,STL,SEA,6.0,16.0,-3.0,42.5,22.0,1,Jerome Boger,AF,loss,-13.0,under
2010_17_TB_NO,2010,REG,17,2011-01-02,TB,NO,23.0,13.0,7.0,46.5,36.0,1,Gene Steratore,HF,loss,-17.0,under
2010_17_TEN_IND,2010,REG,17,2011-01-02,TEN,IND,20.0,23.0,9.0,47.5,43.0,1,Ed Hochuli,HF,loss,-6.0,under
2010_18_BAL_KC,2010,WC,18,2011-01-09,BAL,KC,30.0,7.0,-3.0,41.0,37.0,0,Mike Carey,AF,win,20.0,under
2010_18_GB_PHI,2010,WC,18,2011-01-09,GB,PHI,21.0,16.0,1.0,46.5,37.0,0,Peter Morelli,HF,loss,-6.0,under
2010_18_NO_SEA,2010,WC,18,2011-01-08,NO,SEA,36.0,41.0,-9.5,45.5,77.0,0,Walt Coleman,AF,loss,-14.5,over
2010_18_NYJ_IND,2010,WC,18,2011-01-08,NYJ,IND,17.0,16.0,1.0,44.0,33.0,0,Gene Steratore,HF,loss,-2.0,under
2010_19_BAL_PIT,2010,DIV,19,2011-01-15,BAL,PIT,24.0,31.0,3.5,37.5,55.0,1,Jeff Triplette,HF,win,3.5,over
2010_19_GB_ATL,2010,DIV,19,2011-01-15,GB,ATL,48.0,21.0,1.0,43.5,69.0,0,John Parry,HF,loss,-28.0,over
2010_19_NYJ_NE,2010,DIV,19,2011-01-16,NYJ,NE,28.0,21.0,9.5,45.0,49.0,1,Bill Leavy,HF,loss,-16.5,over
2010_19_SEA_CHI,2010,DIV,19,2011-01-16,SEA,CHI,24.0,35.0,10.0,42.5,59.0,0,Alberto Riveron,HF,win,1.0,over
2010_20_GB_CHI,2010,CON,20,2011-01-23,GB,CHI,21.0,14.0,-3.5,42.0,35.0,1,Terry McAulay,AF,win,3.5,under
2010_20_NYJ_PIT,2010,CON,20,2011-01-23,NYJ,PIT,19.0,24.0,4.0,38.0,43.0,0,Ed Hochuli,HF,win,1.0,over
2010_21_PIT_GB,2010,SB,21,2011-02-06,PIT,GB,25.0,31.0,3.0,44.5,56.0,0,Walt Anderson,HF,win,3.0,over
2011_01_ATL_CHI,2011,REG,1,2011-09-11,ATL,CHI,12.0,30.0,-1.0,40.5,42.0,0,Ed Hochuli,AF,loss,-19.0,over
2011_01_BUF_KC,2011,REG,1,2011-09-11,BUF,KC,41.0,7.0,3.5,38.5,48.0,0,Scott Green,HF,loss,-37.5,over
2011_01_CAR_ARI,2011,REG,1,2011-09-11,CAR,ARI,21.0,28.0,6.5,37.5,49.0,0,Carl Cheffers,HF,win,0.5,over
2011_01_CIN_CLE,2011,REG,1,2011-09-11,CIN,CLE,27.0,17.0,6.5,36.5,44.0,1,Bill Leavy,HF,loss,-16.5,over
2011_01_DAL_NYJ,2011,REG,1,2011-09-11,DAL,NYJ,24.0,27.0,6.5,40.5,51.0,0,Alberto Riveron,HF,loss,-3.5,over
2011_01_DET_TB,2011,REG,1,2011-09-11,DET,TB,27.0,20.0,1.0,43.5,47.0,0,Walt Anderson,HF,loss,-8.0,over
2011_01_IND_HOU,2011,REG,1,2011-09-11,IND,HOU,7.0,34.0,9.0,44.0,41.0,1,Walt Coleman,HF,win,18.0,under
2011_01_MIN_SD,2011,REG,1,2011-09-11,MIN,SD,17.0,24.0,9.0,43.5,41.0,0,Terry McAulay,HF,loss,-2.0,under
2011_01_NE_MIA,2011,REG,1,2011-09-12,NE,MIA,38.0,24.0,-7.0,46.5,62.0,1,Peter Morelli,AF,win,7.0,over
2011_01_NO_GB,2011,REG,1,2011-09-08,NO,GB,34.0,42.0,4.5,47.5,76.0,0,Clete Blakeman,HF,win,3.5,over
2011_01_NYG_WAS,2011,REG,1,2011-09-11,NYG,WAS,14.0,28.0,-1.0,40.5,42.0,1,Ron Winter,AF,loss,-15.0,over
2011_01_OAK_DEN,2011,REG,1,2011-09-12,OAK,DEN,23.0,20.0,3.0,42.5,43.0,1,Jerome Boger,HF,loss,-6.0,over
2011_01_PHI_STL,2011,REG,1,2011-09-11,PHI,STL,31.0,13.0,-3.5,44.0,44.0,0,Gene Steratore,AF,win,14.5,push
2011_01_PIT_BAL,2011,REG,1,2011-09-11,PIT,BAL,7.0,35.0,1.0,37.0,42.0,1,Tony Corrente,HF,win,27.0,over
2011_01_SEA_SF,2011,REG,1,2011-09-11,SEA,SF,17.0,33.0,6.0,38.0,50.0,1,Jeff Triplette,HF,win,10.0,over
2011_01_TEN_JAX,2011,REG,1,2011-09-11,TEN,JAX,14.0,16.0,-1.0,38.0,30.0,1,Mike Carey,AF,loss,-3.0,under
2011_02_ARI_WAS,2011,REG,2,2011-09-18,ARI,WAS,21.0,22.0,4.5,44.5,43.0,0,Peter Morelli,HF,loss,-3.5,under
2011_02_BAL_TEN,2011,REG,2,2011-09-18,BAL,TEN,13.0,26.0,-5.5,39.5,39.0,0,Clete Blakeman,AF,loss,-18.5,under
2011_02_CHI_NO,2011,REG,2,2011-09-18,CHI,NO,13.0,30.0,4.5,46.5,43.0,0,Walt Coleman,HF,win,12.5,under
2011_02_CIN_DEN,2011,REG,2,2011-09-18,CIN,DEN,22.0,24.0,3.5,40.5,46.0,0,Ed Hochuli,HF,loss,-1.5,over
2011_02_CLE_IND,2011,REG,2,2011-09-18,CLE,IND,27.0,19.0,-1.0,39.5,46.0,0,Gene Steratore,AF,win,7.0,over
2011_02_DAL_SF,2011,REG,2,2011-09-18,DAL,SF,27.0,24.0,-3.0,41.0,51.0,0,Ron Winter,AF,push,0.0,over
2011_02_GB_CAR,2011,REG,2,2011-09-18,GB,CAR,30.0,23.0,-10.5,45.5,53.0,0,Alberto Riveron,AF,loss,-3.5,over
2011_02_HOU_MIA,2011,REG,2,2011-09-18,HOU,MIA,23.0,13.0,-3.0,46.5,36.0,0,John Parry,AF,win,7.0,under
2011_02_JAX_NYJ,2011,REG,2,2011-09-18,JAX,NYJ,3.0,32.0,9.0,38.0,35.0,0,Scott Green,HF,win,20.0,under
2011_02_KC_DET,2011,REG,2,2011-09-18,KC,DET,3.0,48.0,9.0,45.0,51.0,0,Tony Corrente,HF,win,36.0,over
2011_02_OAK_BUF,2011,REG,2,2011-09-18,OAK,BUF,35.0,38.0,3.5,40.5,73.0,0,Mike Carey,HF,loss,-0.5,over
2011_02_PHI_ATL,2011,REG,2,2011-09-18,PHI,ATL,31.0,35.0,-2.5,49.0,66.0,0,Carl Cheffers,AF,loss,-6.5,over
2011_02_SD_NE,2011,REG,2,2011-09-18,SD,NE,21.0,35.0,6.5,53.5,56.0,0,Walt Anderson,HF,win,7.5,over
2011_02_SEA_PIT,2011,REG,2,2011-09-18,SEA,PIT,0.0,24.0,13.5,39.5,24.0,0,Bill Leavy,HF,win,10.5,under
2011_02_STL_NYG,2011,REG,2,2011-09-19,STL,NYG,16.0,28.0,7.0,43.5,44.0,0,Terry McAulay,HF,win,5.0,over
2011_02_TB_MIN,2011,REG,2,2011-09-18,TB,MIN,24.0,20.0,1.0,41.0,44.0,0,Jeff Triplette,HF,loss,-5.0,over
2011_03_ARI_SEA,2011,REG,3,2011-09-25,ARI,SEA,10.0,13.0,-3.0,42.5,23.0,1,Alberto Riveron,AF,loss,-6.0,under
2011_03_ATL_TB,2011,REG,3,2011-09-25,ATL,TB,13.0,16.0,1.0,45.0,29.0,1,Clete Blakeman,HF,win,2.0,under
2011_03_BAL_STL,2011,REG,3,2011-09-25,BAL,STL,37.0,7.0,-5.5,41.5,44.0,0,Scott Green,AF,win,24.5,over
2011_03_DEN_TEN,2011,REG,3,2011-09-25,DEN,TEN,14.0,17.0,7.0,43.5,31.0,0,John Parry,HF,loss,-4.0,under
2011_03_DET_MIN,2011,REG,3,2011-09-25,DET,MIN,26.0,23.0,-3.0,44.5,49.0,1,Ron Winter,AF,push,0.0,over
2011_03_GB_CHI,2011,REG,3,2011-09-25,GB,CHI,27.0,17.0,-4.0,45.5,44.0,1,Mike Carey,AF,win,6.0,under
2011_03_HOU_NO,2011,REG,3,2011-09-25,HOU,NO,33.0,40.0,3.5,51.0,73.0,0,Tony Corrente,HF,win,3.5,over
2011_03_JAX_CAR,2011,REG,3,2011-09-25,JAX,CAR,10.0,16.0,3.5,43.0,26.0,0,Bill Leavy,HF,win,2.5,under
2011_03_KC_SD,2011,REG,3,2011-09-25,KC,SD,17.0,20.0,14.0,44.5,37.0,1,Walt Coleman,HF,loss,-11.0,under
2011_03_MIA_CLE,2011,REG,3,2011-09-25,MIA,CLE,16.0,17.0,-1.0,42.5,33.0,0,Walt Anderson,AF,loss,-2.0,under
2011_03_NE_BUF,2011,REG,3,2011-09-25,NE,BUF,31.0,34.0,-7.0,54.0,65.0,1,Carl Cheffers,AF,loss,-10.0,over
2011_03_NYG_PHI,2011,REG,3,2011-09-25,NYG,PHI,29.0,16.0,9.0,46.5,45.0,1,Jeff Triplette,HF,loss,-22.0,under
2011_03_NYJ_OAK,2011,REG,3,2011-09-25,NYJ,OAK,24.0,34.0,-1.0,40.0,58.0,0,Gene Steratore,AF,loss,-11.0,over
2011_03_PIT_IND,2011,REG,3,2011-09-25,PIT,IND,23.0,20.0,-10.5,39.5,43.0,0,Terry McAulay,AF,loss,-7.5,over
2011_03_SF_CIN,2011,REG,3,2011-09-25,SF,CIN,13.0,8.0,1.0,38.5,21.0,0,Jerome Boger,HF,loss,-6.0,under
2011_03_WAS_DAL,2011,REG,3,2011-09-26,WAS,DAL,16.0,18.0,3.5,44.5,34.0,1,Ed Hochuli,HF,loss,-1.5,under
2011_04_ATL_SEA,2011,REG,4,2011-10-02,ATL,SEA,30.0,28.0,-6.0,39.5,58.0,0,Walt Anderson,AF,loss,-4.0,over
2011_04_BUF_CIN,2011,REG,4,2011-10-02,BUF,CIN,20.0,23.0,-3.0,41.5,43.0,0,Gene Steratore,AF,loss,-6.0,over
2011_04_CAR_CHI,2011,REG,4,2011-10-02,CAR,CHI,29.0,34.0,7.0,41.5,63.0,0,Terry McAulay,HF,loss,-2.0,over
2011_04_DEN_GB,2011,REG,4,2011-10-02,DEN,GB,23.0,49.0,12.0,46.5,72.0,0,Scott Green,HF,win,14.0,over
2011_04_DET_DAL,2011,REG,4,2011-10-02,DET,DAL,34.0,30.0,2.5,46.0,64.0,0,John Parry,HF,loss,-6.5,over
2011_04_IND_TB,2011,REG,4,2011-10-03,IND,TB,17.0,24.0,10.0,40.0,41.0,0,Ron Winter,HF,loss,-3.0,over
2011_04_MIA_SD,2011,REG,4,2011-10-02,MIA,SD,16.0,26.0,6.5,45.0,42.0,0,Jeff Triplette,HF,win,3.5,under
2011_04_MIN_KC,2011,REG,4,2011-10-02,MIN,KC,17.0,22.0,-3.0,40.0,39.0,0,Bill Leavy,AF,loss,-8.0,under
2011_04_NE_OAK,2011,REG,4,2011-10-02,NE,OAK,31.0,19.0,-6.0,55.0,50.0,0,Tony Corrente,AF,win,6.0,under
2011_04_NO_JAX,2011,REG,4,2011-10-02,NO,JAX,23.0,10.0,-9.0,45.0,33.0,0,Ed Hochuli,AF,win,4.0,under
2011_04_NYG_ARI,2011,REG,4,2011-10-02,NYG,ARI,31.0,27.0,-1.0,45.5,58.0,0,Jerome Boger,AF,win,3.0,over
2011_04_NYJ_BAL,2011,REG,4,2011-10-02,NYJ,BAL,17.0,34.0,5.0,43.0,51.0,0,Mike Carey,HF,win,12.0,over
2011_04_PIT_HOU,2011,REG,4,2011-10-02,PIT,HOU,10.0,17.0,4.0,46.0,27.0,0,Clete Blakeman,HF,win,3.0,under
2011_04_SF_PHI,2011,REG,4,2011-10-02,SF,PHI,24.0,23.0,9.5,43.5,47.0,0,Alberto Riveron,HF,loss,-10.5,over
2011_04_TEN_CLE,2011,REG,4,2011-10-02,TEN,CLE,31.0,13.0,1.0,37.5,44.0,0,Peter Morelli,HF,loss,-19.0,over
2011_04_WAS_STL,2011,REG,4,2011-10-02,WAS,STL,17.0,10.0,-3.0,44.0,27.0,0,Walt Coleman,AF,win,4.0,under
2011_05_ARI_MIN,2011,REG,5,2011-10-09,ARI,MIN,10.0,34.0,3.5,44.5,44.0,0,Scott Green,HF,win,20.5,under
2011_05_CHI_DET,2011,REG,5,2011-10-10,CHI,DET,13.0,24.0,6.5,47.0,37.0,1,Clete Blakeman,HF,win,4.5,under
2011_05_CIN_JAX,2011,REG,5,2011-10-09,CIN,JAX,30.0,20.0,-1.0,37.0,50.0,0,Alberto Riveron,AF,win,9.0,over
2011_05_GB_ATL,2011,REG,5,2011-10-09,GB,ATL,25.0,14.0,-6.0,53.5,39.0,0,Jeff Triplette,AF,win,5.0,under
2011_05_KC_IND,2011,REG,5,2011-10-09,KC,IND,28.0,24.0,1.0,37.5,52.0,0,Carl Cheffers,HF,loss,-5.0,over
2011_05_NO_CAR,2011,REG,5,2011-10-09,NO,CAR,30.0,27.0,-6.5,51.0,57.0,1,John Parry,AF,loss,-3.5,over
2011_05_NYJ_NE,2011,REG,5,2011-10-09,NYJ,NE,21.0,30.0,7.5,50.5,51.0,1,Jerome Boger,HF,win,1.5,over
2011_05_OAK_HOU,2011,REG,5,2011-10-09,OAK,HOU,25.0,20.0,4.5,47.5,45.0,0,Peter Morelli,HF,loss,-9.5,under
2011_05_PHI_BUF,2011,REG,5,2011-10-09,PHI,BUF,24.0,31.0,-3.0,52.5,55.0,0,Walt Coleman,AF,loss,-10.0,over
2011_05_SD_DEN,2011,REG,5,2011-10-09,SD,DEN,29.0,24.0,-3.5,47.0,53.0,1,Gene Steratore,AF,win,1.5,over
2011_05_SEA_NYG,2011,REG,5,2011-10-09,SEA,NYG,36.0,25.0,10.0,43.5,61.0,0,Ed Hochuli,HF,loss,-21.0,over
2011_05_TB_SF,2011,REG,5,2011-10-09,TB,SF,3.0,48.0,2.5,41.0,51.0,0,Terry McAulay,HF,win,42.5,over
2011_05_TEN_PIT,2011,REG,5,2011-10-09,TEN,PIT,17.0,38.0,3.0,40.0,55.0,0,Walt Anderson,HF,win,18.0,over
2011_06_BUF_NYG,2011,REG,6,2011-10-16,BUF,NYG,24.0,27.0,3.0,49.0,51.0,0,Clete Blakeman,HF,push,0.0,over
2011_06_CAR_ATL,2011,REG,6,2011-10-16,CAR,ATL,17.0,31.0,3.5,49.0,48.0,1,Peter Morelli,HF,win,10.5,under
2011_06_CLE_OAK,2011,REG,6,2011-10-16,CLE,OAK,17.0,24.0,6.5,44.5,41.0,0,Carl Cheffers,HF,win,0.5,under
2011_06_DAL_NE,2011,REG,6,2011-10-16,DAL,NE,16.0,20.0,6.5,54.5,36.0,0,Walt Coleman,HF,loss,-2.5,under
2011_06_HOU_BAL,2011,REG,6,2011-10-16,HOU,BAL,14.0,29.0,7.0,43.5,43.0,0,Gene Steratore,HF,win,8.0,under
2011_06_IND_CIN,2011,REG,6,2011-10-16,IND,CIN,17.0,27.0,5.0,40.0,44.0,0,John Parry,HF,win,5.0,over
2011_06_JAX_PIT,2011,REG,6,2011-10-16,JAX,PIT,13.0,17.0,12.5,40.0,30.0,0,Ron Winter,HF,loss,-8.5,under
2011_06_MIA_NYJ,2011,REG,6,2011-10-17,MIA,NYJ,6.0,24.0,7.0,41.5,30.0,1,Tony Corrente,HF,win,11.0,under
2011_06_MIN_CHI,2011,REG,6,2011-10-16,MIN,CHI,10.0,39.0,1.0,41.5,49.0,1,Walt Anderson,HF,win,28.0,over
2011_06_NO_TB,2011,REG,6,2011-10-16,NO,TB,20.0,26.0,-6.0,49.5,46.0,1,Jerome Boger,AF,loss,-12.0,under
2011_06_PHI_WAS,2011,REG,6,2011-10-16,PHI,WAS,20.0,13.0,-3.0,46.5,33.0,1,Bill Leavy,AF,win,4.0,under
2011_06_SF_DET,2011,REG,6,2011-10-16,SF,DET,25.0,19.0,5.5,45.0,44.0,0,Mike Carey,HF,loss,-11.5,under
2011_06_STL_GB,2011,REG,6,2011-10-16,STL,GB,3.0,24.0,14.0,47.0,27.0,0,Ed Hochuli,HF,win,7.0,under
2011_07_ATL_DET,2011,REG,7,2011-10-23,ATL,DET,23.0,16.0,4.5,47.0,39.0,0,Bill Leavy,HF,loss,-11.5,under
2011_07_BAL_JAX,2011,REG,7,2011-10-24,BAL,JAX,7.0,12.0,-10.0,38.5,19.0,0,Carl Cheffers,AF,loss,-15.0,under
2011_07_CHI_TB,2011,REG,7,2011-10-23,CHI,TB,24.0,18.0,-1.5,44.0,42.0,0,Tony Corrente,AF,win,4.5,under
2011_07_DEN_MIA,2011,REG,7,2011-10-23,DEN,MIA,18.0,15.0,-1.0,41.5,33.0,0,Clete Blakeman,AF,win,2.0,under
2011_07_GB_MIN,2011,REG,7,2011-10-23,GB,MIN,33.0,27.0,-10.0,47.0,60.0,1,Peter Morelli,AF,loss,-4.0,over
2011_07_HOU_TEN,2011,REG,7,2011-10-23,HOU,TEN,41.0,7.0,3.0,44.0,48.0,1,Terry McAulay,HF,loss,-37.0,over
2011_07_IND_NO,2011,REG,7,2011-10-23,IND,NO,7.0,62.0,13.5,49.0,69.0,0,Scott Green,HF,win,41.5,over
2011_07_KC_OAK,2011,REG,7,2011-10-23,KC,OAK,28.0,0.0,3.5,41.5,28.0,1,Jeff Triplette,HF,loss,-31.5,under
2011_07_PIT_ARI,2011,REG,7,2011-10-23,PIT,ARI,32.0,20.0,-4.0,46.0,52.0,0,John Parry,AF,win,8.0,over
2011_07_SD_NYJ,2011,REG,7,2011-10-23,SD,NYJ,21.0,27.0,-1.0,43.0,48.0,0,Ron Winter,AF,loss,-7.0,over
2011_07_SEA_CLE,2011,REG,7,2011-10-23,SEA,CLE,3.0,6.0,3.0,41.0,9.0,0,Mike Carey,HF,push,0.0,under
2011_07_STL_DAL,2011,REG,7,2011-10-23,STL,DAL,7.0,34.0,14.0,43.0,41.0,0,Alberto Riveron,HF,win,13.0,under
2011_07_WAS_CAR,2011,REG,7,2011-10-23,WAS,CAR,20.0,33.0,1.5,44.5,53.0,0,Jerome Boger,HF,win,11.5,over
2011_08_ARI_BAL,2011,REG,8,2011-10-30,ARI,BAL,27.0,30.0,12.0,43.0,57.0,0,Jeff Triplette,HF,loss,-9.0,over
2011_08_CIN_SEA,2011,REG,8,2011-10-30,CIN,SEA,34.0,12.0,-1.0,37.5,46.0,0,Tony Corrente,AF,win,21.0,over
2011_08_CLE_SF,2011,REG,8,2011-10-30,CLE,SF,10.0,20.0,9.0,38.5,30.0,0,Bill Leavy,HF,win,1.0,under
2011_08_DAL_PHI,2011,REG,8,2011-10-30,DAL,PHI,7.0,34.0,3.0,49.0,41.0,1,Gene Steratore,HF,win,24.0,under
2011_08_DET_DEN,2011,REG,8,2011-10-30,DET,DEN,45.0,10.0,-3.0,43.5,55.0,0,Walt Coleman,AF,win,32.0,over
2011_08_IND_TEN,2011,REG,8,2011-10-30,IND,TEN,10.0,27.0,9.0,43.5,37.0,1,Jerome Boger,HF,win,8.0,under
2011_08_JAX_HOU,2011,REG,8,2011-10-30,JAX,HOU,14.0,24.0,10.0,41.0,38.0,1,Scott Green,HF,push,0.0,under
2011_08_MIA_NYG,2011,REG,8,2011-10-30,MIA,NYG,17.0,20.0,9.5,43.5,37.0,0,Ron Winter,HF,loss,-6.5,under
2011_08_MIN_CAR,2011,REG,8,2011-10-30,MIN,CAR,24.0,21.0,3.0,47.0,45.0,0,Ed Hochuli,HF,loss,-6.0,under
2011_08_NE_PIT,2011,REG,8,2011-10-30,NE,PIT,17.0,25.0,-3.0,52.0,42.0,0,Mike Carey,AF,loss,-11.0,under
2011_08_NO_STL,2011,REG,8,2011-10-30,NO,STL,21.0,31.0,-13.5,48.5,52.0,0,Walt Anderson,AF,loss,-23.5,over
2011_08_SD_KC,2011,REG,8,2011-10-31,SD,KC,20.0,23.0,-3.0,44.5,43.0,1,Alberto Riveron,AF,loss,-6.0,under
2011_08_WAS_BUF,2011,REG,8,2011-10-30,WAS,BUF,0.0,23.0,4.0,46.5,23.0,0,Terry McAulay,HF,win,19.0,under
2011_09_ATL_IND,2011,REG,9,2011-11-06,ATL,IND,31.0,7.0,-6.5,45.0,38.0,0,Mike Carey,AF,win,17.5,under
2011_09_BAL_PIT,2011,REG,9,2011-11-06,BAL,PIT,23.0,20.0,3.5,41.5,43.0,1,Walt Coleman,HF,loss,-6.5,over
2011_09_CHI_PHI,2011,REG,9,2011-11-07,CHI,PHI,30.0,24.0,9.0,47.5,54.0,0,Scott Green,HF,loss,-15.0,over
2011_09_CIN_TEN,2011,REG,9,2011-11-06,CIN,TEN,24.0,17.0,1.5,41.5,41.0,0,Jeff Triplette,HF,loss,-8.5,under
2011_09_CLE_HOU,2011,REG,9,2011-11-06,CLE,HOU,12.0,30.0,10.5,42.5,42.0,0,Alberto Riveron,HF,win,7.5,under
2011_09_DEN_OAK,2011,REG,9,2011-11-06,DEN,OAK,38.0,24.0,7.0,41.5,62.0,1,John Parry,HF,loss,-21.0,over
2011_09_GB_SD,2011,REG,9,2011-11-06,GB,SD,45.0,38.0,-5.5,50.5,83.0,0,Clete Blakeman,AF,win,1.5,over
2011_09_MIA_KC,2011,REG,9,2011-11-06,MIA,KC,31.0,3.0,5.0,41.0,34.0,0,Walt Anderson,HF,loss,-33.0,under
2011_09_NYG_NE,2011,REG,9,2011-11-06,NYG,NE,24.0,20.0,9.5,51.5,44.0,0,Peter Morelli,HF,loss,-13.5,under
2011_09_NYJ_BUF,2011,REG,9,2011-11-06,NYJ,BUF,27.0,11.0,2.5,45.0,38.0,1,Ed Hochuli,HF,loss,-18.5,under
2011_09_SEA_DAL,2011,REG,9,2011-11-06,SEA,DAL,13.0,23.0,11.0,46.0,36.0,0,Terry McAulay,HF,loss,-1.0,under
2011_09_SF_WAS,2011,REG,9,2011-11-06,SF,WAS,19.0,11.0,-5.0,38.0,30.0,0,Gene Steratore,AF,win,3.0,under
2011_09_STL_ARI,2011,REG,9,2011-11-06,STL,ARI,13.0,19.0,1.0,41.5,32.0,1,Ron Winter,HF,win,5.0,under
2011_09_TB_NO,2011,REG,9,2011-11-06,TB,NO,16.0,27.0,9.0,50.5,43.0,1,Carl Cheffers,HF,win,2.0,under
2011_10_ARI_PHI,2011,REG,10,2011-11-13,ARI,PHI,21.0,17.0,13.5,47.0,38.0,0,Walt Anderson,HF,loss,-17.5,under
2011_10_BAL_SEA,2011,REG,10,2011-11-13,BAL,SEA,17.0,22.0,-7.0,38.5,39.0,0,Scott Green,AF,loss,-12.0,over
2011_10_BUF_DAL,2011,REG,10,2011-11-13,BUF,DAL,7.0,44.0,4.5,48.5,51.0,0,Jerome Boger,HF,win,32.5,over
2011_10_DEN_KC,2011,REG,10,2011-11-13,DEN,KC,17.0,10.0,3.0,42.0,27.0,1,Ron Winter,HF,loss,-10.0,under
2011_10_DET_CHI,2011,REG,10,2011-11-13,DET,CHI,13.0,37.0,2.5,42.5,50.0,1,Peter Morelli,HF,win,21.5,over
2011_10_HOU_TB,2011,REG,10,2011-11-13,HOU,TB,37.0,9.0,-3.5,45.5,46.0,0,John Parry,AF,win,24.5,over
2011_10_JAX_IND,2011,REG,10,2011-11-13,JAX,IND,17.0,3.0,-3.0,37.5,20.0,1,Jeff Triplette,AF,win,11.0,under
2011_10_MIN_GB,2011,REG,10,2011-11-14,MIN,GB,7.0,45.0,12.5,49.0,52.0,1,Mike Carey,HF,win,25.5,over
2011_10_NE_NYJ,2011,REG,10,2011-11-13,NE,NYJ,37.0,16.0,2.5,47.0,53.0,1,Gene Steratore,HF,loss,-23.5,over
2011_10_NO_ATL,2011,REG,10,2011-11-13,NO,ATL,26.0,23.0,1.0,49.5,49.0,1,Terry McAulay,HF,loss,-4.0,under
2011_10_NYG_SF,2011,REG,10,2011-11-13,NYG,SF,20.0,27.0,4.0,42.5,47.0,0,Tony Corrente,HF,win,3.0,over
2011_10_OAK_SD,2011,REG,10,2011-11-10,OAK,SD,24.0,17.0,7.5,47.5,41.0,1,Ed Hochuli,HF,loss,-14.5,under
2011_10_PIT_CIN,2011,REG,10,2011-11-13,PIT,CIN,24.0,17.0,-3.5,40.5,41.0,1,Bill Leavy,AF,win,3.5,over
2011_10_STL_CLE,2011,REG,10,2011-11-13,STL,CLE,13.0,12.0,2.5,36.5,25.0,0,Clete Blakeman,HF,loss,-3.5,under
2011_10_TEN_CAR,2011,REG,10,2011-11-13,TEN,CAR,30.0,3.0,3.5,47.5,33.0,0,Walt Coleman,HF,loss,-30.5,under
2011_10_WAS_MIA,2011,REG,10,2011-11-13,WAS,MIA,9.0,20.0,4.0,38.5,29.0,0,Carl Cheffers,HF,win,7.0,under
2011_11_ARI_SF,2011,REG,11,2011-11-20,ARI,SF,7.0,23.0,10.0,40.5,30.0,1,Peter Morelli,HF,win,6.0,under
2011_11_BUF_MIA,2011,REG,11,2011-11-20,BUF,MIA,8.0,35.0,3.0,44.0,43.0,1,Walt Coleman,HF,win,24.0,under
2011_11_CAR_DET,2011,REG,11,2011-11-20,CAR,DET,35.0,49.0,7.0,47.5,84.0,0,Gene Steratore,HF,win,7.0,over
2011_11_CIN_BAL,2011,REG,11,2011-11-20,CIN,BAL,24.0,31.0,7.0,39.5,55.0,1,Ron Winter,HF,push,0.0,over
2011_11_DAL_WAS,2011,REG,11,2011-11-20,DAL,WAS,27.0,24.0,-7.0,43.0,51.0,1,Ed Hochuli,AF,loss,-4.0,over
2011_11_JAX_CLE,2011,REG,11,2011-11-20,JAX,CLE,10.0,14.0,1.0,34.5,24.0,0,Terry McAulay,HF,win,3.0,under
2011_11_KC_NE,2011,REG,11,2011-11-21,KC,NE,3.0,34.0,17.0,46.5,37.0,0,Clete Blakeman,HF,win,14.0,under
2011_11_NYJ_DEN,2011,REG,11,2011-11-17,NYJ,DEN,13.0,17.0,-6.5,38.5,30.0,0,Bill Leavy,AF,loss,-10.5,under
2011_11_OAK_MIN,2011,REG,11,2011-11-20,OAK,MIN,27.0,21.0,1.0,46.0,48.0,0,Jerome Boger,HF,loss,-7.0,over
2011_11_PHI_NYG,2011,REG,11,2011-11-20,PHI,NYG,17.0,10.0,6.0,45.0,27.0,1,Mike Carey,HF,loss,-13.0,under
2011_11_SD_CHI,2011,REG,11,2011-11-20,SD,CHI,20.0,31.0,4.5,45.0,51.0,0,Jeff Triplette,HF,win,6.5,over
2011_11_SEA_STL,2011,REG,11,2011-11-20,SEA,STL,24.0,7.0,3.0,40.5,31.0,1,Carl Cheffers,HF,loss,-20.0,under
2011_11_TB_GB,2011,REG,11,2011-11-20,TB,GB,26.0,35.0,13.5,48.5,61.0,0,Alberto Riveron,HF,loss,-4.5,over
2011_11_TEN_ATL,2011,REG,11,2011-11-20,TEN,ATL,17.0,23.0,6.0,44.0,40.0,0,John Parry,HF,push,0.0,under
2011_12_ARI_STL,2011,REG,12,2011-11-27,ARI,STL,23.0,20.0,1.0,40.0,43.0,1,Mike Carey,HF,loss,-4.0,over
2011_12_BUF_NYJ,2011,REG,12,2011-11-27,BUF,NYJ,24.0,28.0,9.5,42.5,52.0,1,Carl Cheffers,HF,loss,-5.5,over
2011_12_CAR_IND,2011,REG,12,2011-11-27,CAR,IND,27.0,19.0,-3.5,46.5,46.0,0,Tony Corrente,AF,win,4.5,under
2011_12_CHI_OAK,2011,REG,12,2011-11-27,CHI,OAK,20.0,25.0,3.0,40.5,45.0,0,Ron Winter,HF,win,2.0,over
2011_12_CLE_CIN,2011,REG,12,2011-11-27,CLE,CIN,20.0,23.0,6.5,38.5,43.0,1,Walt Anderson,HF,loss,-3.5,over
2011_12_DEN_SD,2011,REG,12,2011-11-27,DEN,SD,16.0,13.0,4.5,42.5,29.0,1,Jeff Triplette,HF,loss,-7.5,under
2011_12_GB_DET,2011,REG,12,2011-11-24,GB,DET,27.0,15.0,-4.0,55.0,42.0,1,Terry McAulay,AF,win,8.0,under
2011_12_HOU_JAX,2011,REG,12,2011-11-27,HOU,JAX,20.0,13.0,-6.0,37.0,33.0,1,Walt Coleman,AF,win,1.0,under
2011_12_MIA_DAL,2011,REG,12,2011-11-24,MIA,DAL,19.0,20.0,7.0,45.5,39.0,0,Peter Morelli,HF,loss,-6.0,under
2011_12_MIN_ATL,2011,REG,12,2011-11-27,MIN,ATL,14.0,24.0,10.0,44.0,38.0,0,Alberto Riveron,HF,push,0.0,under
2011_12_NE_PHI,2011,REG,12,2011-11-27,NE,PHI,38.0,20.0,-3.0,50.5,58.0,0,Jerome Boger,AF,win,15.0,over
2011_12_NYG_NO,2011,REG,12,2011-11-28,NYG,NO,24.0,49.0,7.0,51.0,73.0,0,Gene Steratore,HF,win,18.0,over
2011_12_PIT_KC,2011,REG,12,2011-11-27,PIT,KC,13.0,9.0,-10.5,41.5,22.0,0,Ed Hochuli,AF,loss,-6.5,under
2011_12_SF_BAL,2011,REG,12,2011-11-24,SF,BAL,6.0,16.0,3.0,38.5,22.0,0,John Parry,HF,win,7.0,under
2011_12_TB_TEN,2011,REG,12,2011-11-27,TB,TEN,17.0,23.0,3.0,43.5,40.0,0,Bill Leavy,HF,win,3.0,under
2011_12_WAS_SEA,2011,REG,12,2011-11-27,WAS,SEA,23.0,17.0,3.0,37.0,40.0,0,Clete Blakeman,HF,loss,-9.0,over
2011_13_ATL_HOU,2011,REG,13,2011-12-04,ATL,HOU,10.0,17.0,-1.0,38.5,27.0,0,Bill Leavy,AF,loss,-8.0,under
2011_13_BAL_CLE,2011,REG,13,2011-12-04,BAL,CLE,24.0,10.0,-7.0,38.5,34.0,1,Ed Hochuli,AF,win,7.0,under
2011_13_CAR_TB,2011,REG,13,2011-12-04,CAR,TB,38.0,19.0,-1.0,45.5,57.0,1,Gene Steratore,AF,win,18.0,over
2011_13_CIN_PIT,2011,REG,13,2011-12-04,CIN,PIT,7.0,35.0,7.0,43.5,42.0,1,Carl Cheffers,HF,win,21.0,under
2011_13_DAL_ARI,2011,REG,13,2011-12-04,DAL,ARI,13.0,19.0,-4.0,46.5,32.0,0,Walt Coleman,AF,loss,-10.0,under
2011_13_DEN_MIN,2011,REG,13,2011-12-04,DEN,MIN,35.0,32.0,1.0,37.5,67.0,0,Terry McAulay,HF,loss,-4.0,over
2011_13_DET_NO,2011,REG,13,2011-12-04,DET,NO,17.0,31.0,9.5,55.0,48.0,0,Clete Blakeman,HF,win,4.5,under
2011_13_GB_NYG,2011,REG,13,2011-12-04,GB,NYG,38.0,35.0,-7.0,53.5,73.0,0,Jeff Triplette,AF,loss,-4.0,over
2011_13_IND_NE,2011,REG,13,2011-12-04,IND,NE,24.0,31.0,20.5,48.5,55.0,0,Ron Winter,HF,loss,-13.5,over
2011_13_KC_CHI,2011,REG,13,2011-12-04,KC,CHI,10.0,3.0,9.0,35.0,13.0,0,Jerome Boger,HF,loss,-16.0,under
2011_13_NYJ_WAS,2011,REG,13,2011-12-04,NYJ,WAS,34.0,19.0,-3.0,38.5,53.0,0,John Parry,AF,win,12.0,over
2011_13_OAK_MIA,2011,REG,13,2011-12-04,OAK,MIA,14.0,34.0,3.5,43.0,48.0,0,Mike Carey,HF,win,16.5,over
2011_13_PHI_SEA,2011,REG,13,2011-12-01,PHI,SEA,14.0,31.0,-3.0,43.5,45.0,0,Peter Morelli,AF,loss,-20.0,over
2011_13_SD_JAX,2011,REG,13,2011-12-05,SD,JAX,38.0,14.0,-3.0,39.5,52.0,0,Walt Anderson,AF,win,21.0,over
2011_13_STL_SF,2011,REG,13,2011-12-04,STL,SF,0.0,26.0,14.0,38.5,26.0,1,Peter Morelli,HF,win,12.0,under
2011_13_TEN_BUF,2011,REG,13,2011-12-04,TEN,BUF,23.0,17.0,1.0,43.5,40.0,0,Alberto Riveron,HF,loss,-7.0,under
2011_14_ATL_CAR,2011,REG,14,2011-12-11,ATL,CAR,31.0,23.0,-3.0,48.0,54.0,1,Walt Anderson,AF,win,5.0,over
2011_14_BUF_SD,2011,REG,14,2011-12-11,BUF,SD,10.0,37.0,7.0,49.5,47.0,0,Gene Steratore,HF,win,20.0,under
2011_14_CHI_DEN,2011,REG,14,2011-12-11,CHI,DEN,10.0,13.0,3.5,35.0,23.0,0,Carl Cheffers,HF,loss,-0.5,under
2011_14_CLE_PIT,2011,REG,14,2011-12-08,CLE,PIT,3.0,14.0,14.0,40.0,17.0,1,Ed Hochuli,HF,loss,-3.0,under
2011_14_HOU_CIN,2011,REG,14,2011-12-11,HOU,CIN,20.0,19.0,2.5,37.5,39.0,0,Ed Hochuli,HF,loss,-3.5,over
2011_14_IND_BAL,2011,REG,14,2011-12-11,IND,BAL,10.0,24.0,16.5,41.5,34.0,0,Clete Blakeman,HF,loss,-2.5,under
2011_14_KC_NYJ,2011,REG,14,2011-12-11,KC,NYJ,10.0,37.0,10.5,35.5,47.0,0,Terry McAulay,HF,win,16.5,over
2011_14_MIN_DET,2011,REG,14,2011-12-11,MIN,DET,28.0,34.0,10.0,48.0,62.0,1,John Parry,HF,loss,-4.0,over
2011_14_NE_WAS,2011,REG,14,2011-12-11,NE,WAS,34.0,27.0,-7.5,46.5,61.0,0,Jeff Triplette,AF,loss,-0.5,over
2011_14_NO_TEN,2011,REG,14,2011-12-11,NO,TEN,22.0,17.0,-3.5,47.5,39.0,0,Mike Carey,AF,win,1.5,under
2011_14_NYG_DAL,2011,REG,14,2011-12-11,NYG,DAL,37.0,34.0,4.5,48.5,71.0,1,Scott Green,HF,loss,-7.5,over
2011_14_OAK_GB,2011,REG,14,2011-12-11,OAK,GB,16.0,46.0,11.5,49.5,62.0,0,Peter Morelli,HF,win,18.5,over
2011_14_PHI_MIA,2011,REG,14,2011-12-11,PHI,MIA,26.0,10.0,3.0,44.5,36.0,0,Ron Winter,HF,loss,-19.0,under
2011_14_SF_ARI,2011,REG,14,2011-12-11,SF,ARI,19.0,21.0,-3.5,39.0,40.0,1,Alberto Riveron,AF,loss,-5.5,over
2011_14_STL_SEA,2011,REG,14,2011-12-12,STL,SEA,13.0,30.0,9.0,38.0,43.0,1,Bill Leavy,HF,win,8.0,over
2011_14_TB_JAX,2011,REG,14,2011-12-11,TB,JAX,14.0,41.0,-3.0,41.5,55.0,0,Jerome Boger,AF,loss,-30.0,over
2011_15_BAL_SD,2011,REG,15,2011-12-18,BAL,SD,14.0,34.0,-1.0,44.5,48.0,0,Carl Cheffers,AF,loss,-21.0,over
2011_15_CAR_HOU,2011,REG,15,2011-12-18,CAR,HOU,28.0,13.0,4.5,45.0,41.0,0,Jeff Triplette,HF,loss,-19.5,under
2011_15_CIN_STL,2011,REG,15,2011-12-18,CIN,STL,20.0,13.0,-7.0,38.5,33.0,0,Jerome Boger,AF,push,0.0,under
2011_15_CLE_ARI,2011,REG,15,2011-12-18,CLE,ARI,17.0,20.0,6.0,37.0,37.0,0,Scott Green,HF,loss,-3.0,push
2011_15_DAL_TB,2011,REG,15,2011-12-17,DAL,TB,31.0,15.0,-7.0,47.0,46.0,0,Terry McAulay,AF,win,9.0,under
2011_15_DET_OAK,2011,REG,15,2011-12-18,DET,OAK,28.0,27.0,-1.0,47.5,55.0,0,Bill Leavy,AF,push,0.0,over
2011_15_GB_KC,2011,REG,15,2011-12-18,GB,KC,14.0,19.0,-11.0,46.0,33.0,0,Gene Steratore,AF,loss,-16.0,under
2011_15_JAX_ATL,2011,REG,15,2011-12-15,JAX,ATL,14.0,41.0,14.0,41.5,55.0,0,Ron Winter,HF,win,13.0,over
2011_15_MIA_BUF,2011,REG,15,2011-12-18,MIA,BUF,30.0,23.0,-1.0,42.5,53.0,1,John Parry,AF,win,6.0,over
2011_15_NE_DEN,2011,REG,15,2011-12-18,NE,DEN,41.0,23.0,-7.0,47.5,64.0,0,Mike Carey,AF,win,11.0,over
2011_15_NO_MIN,2011,REG,15,2011-12-18,NO,MIN,42.0,20.0,-7.0,53.5,62.0,0,Walt Anderson,AF,win,15.0,over
2011_15_NYJ_PHI,2011,REG,15,2011-12-18,NYJ,PHI,19.0,45.0,3.0,44.0,64.0,0,Clete Blakeman,HF,win,23.0,over
2011_15_PIT_SF,2011,REG,15,2011-12-19,PIT,SF,3.0,20.0,3.0,37.0,23.0,0,Walt Coleman,HF,win,14.0,under
2011_15_SEA_CHI,2011,REG,15,2011-12-18,SEA,CHI,38.0,14.0,3.5,34.5,52.0,0,Ed Hochuli,HF,loss,-27.5,over
2011_15_TEN_IND,2011,REG,15,2011-12-18,TEN,IND,13.0,27.0,-6.5,41.5,40.0,1,Peter Morelli,AF,loss,-20.5,under
2011_15_WAS_NYG,2011,REG,15,2011-12-18,WAS,NYG,23.0,10.0,5.5,45.0,33.0,1,Alberto Riveron,HF,loss,-18.5,under
2011_16_ARI_CIN,2011,REG,16,2011-12-24,ARI,CIN,16.0,23.0,3.5,41.0,39.0,0,Terry McAulay,HF,win,3.5,under
2011_16_ATL_NO,2011,REG,16,2011-12-26,ATL,NO,16.0,45.0,7.0,53.0,61.0,1,Jeff Triplette,HF,win,22.0,over
2011_16_CHI_GB,2011,REG,16,2011-12-25,CHI,GB,21.0,35.0,13.0,41.5,56.0,1,John Parry,HF,win,1.0,over
2011_16_CLE_BAL,2011,REG,16,2011-12-24,CLE,BAL,14.0,20.0,10.5,38.0,34.0,1,Walt Coleman,HF,loss,-4.5,under
2011_16_DEN_BUF,2011,REG,16,2011-12-24,DEN,BUF,14.0,40.0,-3.0,43.5,54.0,0,Walt Anderson,AF,loss,-29.0,over
2011_16_HOU_IND,2011,REG,16,2011-12-22,HOU,IND,16.0,19.0,-7.0,40.5,35.0,1,Jerome Boger,AF,loss,-10.0,under
2011_16_JAX_TEN,2011,REG,16,2011-12-24,JAX,TEN,17.0,23.0,8.5,38.5,40.0,1,Gene Steratore,HF,loss,-2.5,over
2011_16_MIA_NE,2011,REG,16,2011-12-24,MIA,NE,24.0,27.0,7.5,49.0,51.0,1,Alberto Riveron,HF,loss,-4.5,over
2011_16_MIN_WAS,2011,REG,16,2011-12-24,MIN,WAS,33.0,26.0,6.0,43.0,59.0,0,Tony Corrente,HF,loss,-13.0,over
2011_16_NYG_NYJ,2011,REG,16,2011-12-24,NYG,NYJ,29.0,14.0,1.5,45.5,43.0,0,Peter Morelli,HF,loss,-16.5,under
2011_16_OAK_KC,2011,REG,16,2011-12-24,OAK,KC,16.0,13.0,3.0,43.0,29.0,1,Mike Carey,HF,loss,-6.0,under
2011_16_PHI_DAL,2011,REG,16,2011-12-24,PHI,DAL,20.0,7.0,-1.5,49.5,27.0,1,Bill Leavy,AF,win,11.5,under
2011_16_SD_DET,2011,REG,16,2011-12-24,SD,DET,10.0,38.0,-1.0,52.5,48.0,0,Ed Hochuli,AF,loss,-29.0,under
2011_16_SF_SEA,2011,REG,16,2011-12-24,SF,SEA,19.0,17.0,-1.5,36.5,36.0,1,Ron Winter,AF,win,0.5,under
2011_16_STL_PIT,2011,REG,16,2011-12-24,STL,PIT,0.0,27.0,10.0,33.5,27.0,0,Clete Blakeman,HF,win,17.0,under
2011_16_TB_CAR,2011,REG,16,2011-12-24,TB,CAR,16.0,48.0,9.0,48.5,64.0,1,Carl Cheffers,HF,win,23.0,over
2011_17_BAL_CIN,2011,REG,17,2012-01-01,BAL,CIN,24.0,16.0,-2.5,37.5,40.0,1,Tony Corrente,AF,win,5.5,over
2011_17_BUF_NE,2011,REG,17,2012-01-01,BUF,NE,21.0,49.0,10.0,49.5,70.0,1,Bill Leavy,HF,win,18.0,over
2011_17_CAR_NO,2011,REG,17,2012-01-01,CAR,NO,17.0,45.0,7.0,54.5,62.0,1,Ed Hochuli,HF,win,21.0,over
2011_17_CHI_MIN,2011,REG,17,2012-01-01,CHI,MIN,17.0,13.0,1.5,41.5,30.0,1,Mike Carey,HF,loss,-5.5,under
2011_17_DAL_NYG,2011,REG,17,2012-01-01,DAL,NYG,14.0,31.0,3.0,48.0,45.0,1,Walt Anderson,HF,win,14.0,under
2011_17_DET_GB,2011,REG,17,2012-01-01,DET,GB,41.0,45.0,-6.5,41.5,86.0,1,Walt Coleman,AF,loss,-10.5,over
2011_17_IND_JAX,2011,REG,17,2012-01-01,IND,JAX,13.0,19.0,3.0,36.5,32.0,1,John Parry,HF,win,3.0,under
2011_17_KC_DEN,2011,REG,17,2012-01-01,KC,DEN,7.0,3.0,1.0,37.0,10.0,1,Peter Morelli,HF,loss,-5.0,under
2011_17_NYJ_MIA,2011,REG,17,2012-01-01,NYJ,MIA,17.0,19.0,1.5,38.0,36.0,1,Jerome Boger,HF,win,0.5,under
2011_17_PIT_CLE,2011,REG,17,2012-01-01,PIT,CLE,13.0,9.0,-7.0,33.0,22.0,1,Alberto Riveron,AF,loss,-3.0,under
2011_17_SD_OAK,2011,REG,17,2012-01-01,SD,OAK,38.0,26.0,2.5,50.5,64.0,1,Clete Blakeman,HF,loss,-14.5,over
2011_17_SEA_ARI,2011,REG,17,2012-01-01,SEA,ARI,20.0,23.0,2.5,40.5,43.0,1,Gene Steratore,HF,win,0.5,over
2011_17_SF_STL,2011,REG,17,2012-01-01,SF,STL,34.0,27.0,-12.5,35.5,61.0,1,Jeff Triplette,AF,loss,-5.5,over
2011_17_TB_ATL,2011,REG,17,2012-01-01,TB,ATL,24.0,45.0,10.0,45.5,69.0,1,Scott Green,HF,win,11.0,over
2011_17_TEN_HOU,2011,REG,17,2012-01-01,TEN,HOU,23.0,22.0,-1.0,38.5,45.0,1,Ron Winter,AF,push,0.0,over
2011_17_WAS_PHI,2011,REG,17,2012-01-01,WAS,PHI,10.0,34.0,7.0,44.0,44.0,1,Carl Cheffers,HF,win,17.0,push
2011_18_ATL_NYG,2011,WC,18,2012-01-08,ATL,NYG,2.0,24.0,3.0,47.5,26.0,0,Carl Cheffers,HF,win,19.0,under
2011_18_CIN_HOU,2011,WC,18,2012-01-07,CIN,HOU,10.0,31.0,4.0,38.0,41.0,0,Clete Blakeman,HF,win,17.0,over
2011_18_DET_NO,2011,WC,18,2012-01-07,DET,NO,28.0,45.0,10.5,59.5,73.0,0,Tony Corrente,HF,win,6.5,over
2011_18_PIT_DEN,2011,WC,18,2012-01-08,PIT,DEN,23.0,29.0,-7.5,34.0,52.0,0,Ron Winter,AF,loss,-13.5,over
2011_19_DEN_NE,2011,DIV,19,2012-01-14,DEN,NE,10.0,45.0,14.0,50.0,55.0,0,Gene Steratore,HF,win,21.0,over
2011_19_HOU_BAL,2011,DIV,19,2012-01-15,HOU,BAL,13.0,20.0,7.5,37.0,33.0,0,Peter Morelli,HF,loss,-0.5,under
2011_19_NO_SF,2011,DIV,19,2012-01-14,NO,SF,32.0,36.0,-3.5,46.5,68.0,0,John Parry,AF,loss,-7.5,over
2011_19_NYG_GB,2011,DIV,19,2012-01-15,NYG,GB,37.0,20.0,8.5,54.0,57.0,0,Bill Leavy,HF,loss,-25.5,over
2011_20_BAL_NE,2011,CON,20,2012-01-22,BAL,NE,20.0,23.0,7.0,49.0,43.0,0,Alberto Riveron,HF,loss,-4.0,under
2011_20_NYG_SF,2011,CON,20,2012-01-22,NYG,SF,20.0,17.0,2.0,40.5,37.0,0,Ed Hochuli,HF,loss,-5.0,under
2011_21_NYG_NE,2011,SB,21,2012-02-05,NYG,NE,21.0,17.0,3.0,53.0,38.0,0,John Parry,HF,loss,-7.0,under
2012_01_ATL_KC,2012,REG,1,2012-09-09,ATL,KC,40.0,24.0,-1.0,43.0,64.0,0,Mike Shepherd,AF,win,15.0,over
2012_01_BUF_NYJ,2012,REG,1,2012-09-09,BUF,NYJ,28.0,48.0,3.0,39.5,76.0,1,Robert Frazer,HF,win,17.0,over
2012_01_CAR_TB,2012,REG,1,2012-09-09,CAR,TB,10.0,16.0,-3.0,45.5,26.0,1,Jerry Hughes,AF,loss,-9.0,under
2012_01_CIN_BAL,2012,REG,1,2012-09-10,CIN,BAL,13.0,44.0,7.0,42.5,57.0,1,Matt Nicks,HF,win,24.0,over
2012_01_DAL_NYG,2012,REG,1,2012-09-05,DAL,NYG,24.0,17.0,3.5,45.5,41.0,1,Jim Core,HF,loss,-10.5,under
2012_01_IND_CHI,2012,REG,1,2012-09-09,IND,CHI,21.0,41.0,10.0,41.5,62.0,0,Wayne Elliott,HF,win,10.0,over
2012_01_JAX_MIN,2012,REG,1,2012-09-09,JAX,MIN,23.0,26.0,3.5,38.0,49.0,0,Robert Dalton,HF,loss,-0.5,over
2012_01_MIA_HOU,2012,REG,1,2012-09-09,MIA,HOU,10.0,30.0,13.0,41.5,40.0,0,Donald King,HF,win,7.0,under
2012_01_NE_TEN,2012,REG,1,2012-09-09,NE,TEN,34.0,13.0,-4.5,48.0,47.0,0,Jerry Frump,AF,win,16.5,under
2012_01_PHI_CLE,2012,REG,1,2012-09-09,PHI,CLE,17.0,16.0,-9.0,42.0,33.0,0,Ken Roan,AF,loss,-8.0,under
2012_01_PIT_DEN,2012,REG,1,2012-09-09,PIT,DEN,19.0,31.0,2.5,45.5,50.0,0,Gerald Wright,HF,win,9.5,over
2012_01_SD_OAK,2012,REG,1,2012-09-10,SD,OAK,22.0,14.0,1.0,47.5,36.0,1,Jim Core,HF,loss,-9.0,under
2012_01_SEA_ARI,2012,REG,1,2012-09-09,SEA,ARI,16.0,20.0,-1.0,40.5,36.0,1,Bruce Hermansen,AF,loss,-5.0,under
2012_01_SF_GB,2012,REG,1,2012-09-09,SF,GB,30.0,22.0,6.0,46.5,52.0,0,David White,HF,loss,-14.0,over
2012_01_STL_DET,2012,REG,1,2012-09-09,STL,DET,23.0,27.0,9.0,46.0,50.0,0,Donovan Briggans,HF,loss,-5.0,over
2012_01_WAS_NO,2012,REG,1,2012-09-09,WAS,NO,40.0,32.0,9.5,50.0,72.0,0,David Scott,HF,loss,-17.5,over
2012_02_ARI_NE,2012,REG,2,2012-09-16,ARI,NE,20.0,18.0,13.0,47.0,38.0,0,David Scott,HF,loss,-15.0,under
2012_02_BAL_PHI,2012,REG,2,2012-09-16,BAL,PHI,23.0,24.0,3.0,46.5,47.0,0,Robert Frazer,HF,loss,-2.0,over
2012_02_CHI_GB,2012,REG,2,2012-09-13,CHI,GB,10.0,23.0,5.0,50.5,33.0,1,Gerald Wright,HF,win,8.0,under
2012_02_CLE_CIN,2012,REG,2,2012-09-16,CLE,CIN,27.0,34.0,7.0,39.5,61.0,1,Jerry Hughes,HF,push,0.0,over
2012_02_DAL_SEA,2012,REG,2,2012-09-16,DAL,SEA,7.0,27.0,-3.0,43.0,34.0,0,Donovan Briggans,AF,loss,-23.0,under
2012_02_DEN_ATL,2012,REG,2,2012-09-17,DEN,ATL,21.0,27.0,3.0,50.0,48.0,0,Ken Roan,HF,win,3.0,under
2012_02_DET_SF,2012,REG,2,2012-09-16,DET,SF,19.0,27.0,7.0,46.0,46.0,0,Matt Nicks,HF,win,1.0,push
2012_02_HOU_JAX,2012,REG,2,2012-09-16,HOU,JAX,27.0,7.0,-6.5,40.0,34.0,1,David White,AF,win,13.5,under
2012_02_KC_BUF,2012,REG,2,2012-09-16,KC,BUF,17.0,35.0,3.0,45.0,52.0,0,Robert Dalton,HF,win,15.0,over
2012_02_MIN_IND,2012,REG,2,2012-09-16,MIN,IND,20.0,23.0,-3.0,45.5,43.0,0,Donald King,AF,loss,-6.0,under
2012_02_NO_CAR,2012,REG,2,2012-09-16,NO,CAR,27.0,35.0,-3.0,53.0,62.0,1,Gerald Wright,AF,loss,-11.0,over
2012_02_NYJ_PIT,2012,REG,2,2012-09-16,NYJ,PIT,10.0,27.0,4.5,43.0,37.0,0,Jerry Frump,HF,win,12.5,under
2012_02_OAK_MIA,2012,REG,2,2012-09-16,OAK,MIA,13.0,35.0,-1.0,41.0,48.0,0,Mike Shepherd,AF,loss,-23.0,over
2012_02_TB_NYG,2012,REG,2,2012-09-16,TB,NYG,34.0,41.0,9.0,43.5,75.0,0,Jim Core,HF,loss,-2.0,over
2012_02_TEN_SD,2012,REG,2,2012-09-16,TEN,SD,10.0,38.0,6.5,43.5,48.0,0,Bruce Hermansen,HF,win,21.5,over
2012_02_WAS_STL,2012,REG,2,2012-09-16,WAS,STL,28.0,31.0,-3.5,42.5,59.0,0,Wayne Elliott,AF,loss,-6.5,over
2012_03_ATL_SD,2012,REG,3,2012-09-23,ATL,SD,27.0,3.0,3.0,47.0,30.0,0,Jim Core,HF,loss,-27.0,under
2012_03_BUF_CLE,2012,REG,3,2012-09-23,BUF,CLE,24.0,14.0,-2.5,45.0,38.0,0,David Scott,AF,win,7.5,under
2012_03_CIN_WAS,2012,REG,3,2012-09-23,CIN,WAS,38.0,31.0,3.0,49.5,69.0,0,Matt Nicks,HF,loss,-10.0,over
2012_03_DET_TEN,2012,REG,3,2012-09-23,DET,TEN,41.0,44.0,-3.5,47.0,85.0,0,Gerald Wright,AF,loss,-6.5,over
2012_03_GB_SEA,2012,REG,3,2012-09-24,GB,SEA,12.0,14.0,-3.0,45.5,26.0,0,Wayne Elliott,AF,loss,-5.0,under
2012_03_HOU_DEN,2012,REG,3,2012-09-23,HOU,DEN,31.0,25.0,-1.0,43.5,56.0,0,Jerry Frump,AF,win,5.0,over
2012_03_JAX_IND,2012,REG,3,2012-09-23,JAX,IND,22.0,17.0,3.0,41.5,39.0,1,Donovan Briggans,HF,loss,-8.0,under
2012_03_KC_NO,2012,REG,3,2012-09-23,KC,NO,27.0,24.0,9.0,51.5,51.0,0,Donald King,HF,loss,-12.0,under
2012_03_NE_BAL,2012,REG,3,2012-09-23,NE,BAL,30.0,31.0,2.5,48.5,61.0,0,Bruce Hermansen,HF,loss,-1.5,over
2012_03_NYG_CAR,2012,REG,3,2012-09-20,NYG,CAR,36.0,7.0,2.5,49.0,43.0,0,Robert Frazer,HF,loss,-31.5,under
2012_03_NYJ_MIA,2012,REG,3,2012-09-23,NYJ,MIA,23.0,20.0,-2.5,40.5,43.0,1,Robert Frazer,AF,win,0.5,over
2012_03_PHI_ARI,2012,REG,3,2012-09-23,PHI,ARI,6.0,27.0,-3.0,42.5,33.0,0,Mike Shepherd,AF,loss,-24.0,under
2012_03_PIT_OAK,2012,REG,3,2012-09-23,PIT,OAK,31.0,34.0,-3.5,45.5,65.0,0,David White,AF,loss,-6.5,over
2012_03_SF_MIN,2012,REG,3,2012-09-23,SF,MIN,13.0,24.0,-6.5,42.5,37.0,0,Ken Roan,AF,loss,-17.5,under
2012_03_STL_CHI,2012,REG,3,2012-09-23,STL,CHI,6.0,23.0,7.0,41.5,29.0,0,Jerry Hughes,HF,win,10.0,under
2012_03_TB_DAL,2012,REG,3,2012-09-23,TB,DAL,10.0,16.0,7.0,45.5,26.0,0,Robert Dalton,HF,loss,-1.0,under
2012_04_CAR_ATL,2012,REG,4,2012-09-30,CAR,ATL,28.0,30.0,7.0,48.0,58.0,1,Walt Coleman,HF,loss,-5.0,over
2012_04_CHI_DAL,2012,REG,4,2012-10-01,CHI,DAL,34.0,18.0,3.0,41.0,52.0,0,Walt Anderson,HF,loss,-19.0,over
2012_04_CIN_JAX,2012,REG,4,2012-09-30,CIN,JAX,27.0,10.0,1.0,45.5,37.0,0,Ed Hochuli,HF,loss,-18.0,under
2012_04_CLE_BAL,2012,REG,4,2012-09-27,CLE,BAL,16.0,23.0,11.5,44.0,39.0,1,Gene Steratore,HF,loss,-4.5,under
2012_04_MIA_ARI,2012,REG,4,2012-09-30,MIA,ARI,21.0,24.0,4.0,38.5,45.0,0,Scott Green,HF,loss,-1.0,over
2012_04_MIN_DET,2012,REG,4,2012-09-30,MIN,DET,20.0,13.0,3.5,48.0,33.0,1,Clete Blakeman,HF,loss,-10.5,under
2012_04_NE_BUF,2012,REG,4,2012-09-30,NE,BUF,52.0,28.0,-3.5,48.0,80.0,1,John Parry,AF,win,20.5,over
2012_04_NO_GB,2012,REG,4,2012-09-30,NO,GB,27.0,28.0,7.5,54.0,55.0,0,Jeff Triplette,HF,loss,-6.5,over
2012_04_NYG_PHI,2012,REG,4,2012-09-30,NYG,PHI,17.0,19.0,1.5,46.0,36.0,1,Ron Winter,HF,win,0.5,under
2012_04_OAK_DEN,2012,REG,4,2012-09-30,OAK,DEN,6.0,37.0,6.5,47.0,43.0,1,Peter Morelli,HF,win,24.5,under
2012_04_SD_KC,2012,REG,4,2012-09-30,SD,KC,37.0,20.0,-2.5,43.0,57.0,1,Bill Leavy,AF,win,14.5,over
2012_04_SEA_STL,2012,REG,4,2012-09-30,SEA,STL,13.0,19.0,-2.0,39.5,32.0,1,Mike Carey,AF,loss,-8.0,under
2012_04_SF_NYJ,2012,REG,4,2012-09-30,SF,NYJ,34.0,0.0,-3.5,40.5,34.0,0,Tony Corrente,AF,win,30.5,under
2012_04_TEN_HOU,2012,REG,4,2012-09-30,TEN,HOU,14.0,38.0,13.0,44.5,52.0,1,Carl Cheffers,HF,win,11.0,over
2012_04_WAS_TB,2012,REG,4,2012-09-30,WAS,TB,24.0,22.0,1.5,44.5,46.0,0,Alberto Riveron,HF,loss,-3.5,over
2012_05_ARI_STL,2012,REG,5,2012-10-04,ARI,STL,3.0,17.0,-1.0,37.5,20.0,1,John Parry,AF,loss,-15.0,under
2012_05_ATL_WAS,2012,REG,5,2012-10-07,ATL,WAS,24.0,17.0,-3.0,50.5,41.0,0,Bill Leavy,AF,win,4.0,under
2012_05_BAL_KC,2012,REG,5,2012-10-07,BAL,KC,9.0,6.0,-6.0,46.5,15.0,0,Peter Morelli,AF,loss,-3.0,under
2012_05_BUF_SF,2012,REG,5,2012-10-07,BUF,SF,3.0,45.0,10.0,45.5,48.0,0,Jerome Boger,HF,win,32.0,over
2012_05_CHI_JAX,2012,REG,5,2012-10-07,CHI,JAX,41.0,3.0,-6.0,38.5,44.0,0,Ron Winter,AF,win,32.0,over
2012_05_CLE_NYG,2012,REG,5,2012-10-07,CLE,NYG,27.0,41.0,7.5,44.0,68.0,0,Clete Blakeman,HF,win,6.5,over
2012_05_DEN_NE,2012,REG,5,2012-10-07,DEN,NE,21.0,31.0,6.0,50.5,52.0,0,Gene Steratore,HF,win,4.0,over
2012_05_GB_IND,2012,REG,5,2012-10-07,GB,IND,27.0,30.0,-6.5,49.5,57.0,0,Walt Anderson,AF,loss,-9.5,over
2012_05_HOU_NYJ,2012,REG,5,2012-10-08,HOU,NYJ,23.0,17.0,-9.5,40.5,40.0,0,Scott Green,AF,loss,-3.5,under
2012_05_MIA_CIN,2012,REG,5,2012-10-07,MIA,CIN,17.0,13.0,3.0,45.0,30.0,0,Walt Coleman,HF,loss,-7.0,under
2012_05_PHI_PIT,2012,REG,5,2012-10-07,PHI,PIT,14.0,16.0,4.0,44.0,30.0,0,Tony Corrente,HF,loss,-2.0,under
2012_05_SD_NO,2012,REG,5,2012-10-07,SD,NO,24.0,31.0,3.5,53.0,55.0,0,Carl Cheffers,HF,win,3.5,over
2012_05_SEA_CAR,2012,REG,5,2012-10-07,SEA,CAR,16.0,12.0,1.0,42.5,28.0,0,Terry McAulay,HF,loss,-5.0,under
2012_05_TEN_MIN,2012,REG,5,2012-10-07,TEN,MIN,7.0,30.0,6.0,44.0,37.0,0,Jeff Triplette,HF,win,17.0,under
2012_06_BUF_ARI,2012,REG,6,2012-10-14,BUF,ARI,19.0,16.0,5.0,44.0,35.0,0,Al Riveron,HF,loss,-8.0,under
2012_06_CIN_CLE,2012,REG,6,2012-10-14,CIN,CLE,24.0,34.0,-1.0,42.0,58.0,1,Peter Morelli,AF,loss,-11.0,over
2012_06_DAL_BAL,2012,REG,6,2012-10-14,DAL,BAL,29.0,31.0,3.0,45.5,60.0,0,Mike Carey,HF,loss,-1.0,over
2012_06_DEN_SD,2012,REG,6,2012-10-15,DEN,SD,35.0,24.0,1.0,47.5,59.0,1,Jeff Triplette,HF,loss,-12.0,over
2012_06_DET_PHI,2012,REG,6,2012-10-14,DET,PHI,26.0,23.0,3.5,47.5,49.0,0,Bill Vinocich,HF,loss,-6.5,over
2012_06_GB_HOU,2012,REG,6,2012-10-14,GB,HOU,42.0,24.0,4.0,46.5,66.0,0,Jerome Boger,HF,loss,-22.0,over
2012_06_IND_NYJ,2012,REG,6,2012-10-14,IND,NYJ,9.0,35.0,3.5,43.5,44.0,0,Bill Leavy,HF,win,22.5,over
2012_06_KC_TB,2012,REG,6,2012-10-14,KC,TB,10.0,38.0,5.0,39.5,48.0,0,Walt Coleman,HF,win,23.0,over
2012_06_MIN_WAS,2012,REG,6,2012-10-14,MIN,WAS,26.0,38.0,-1.5,44.0,64.0,0,Tony Corrente,AF,loss,-13.5,over
2012_06_NE_SEA,2012,REG,6,2012-10-14,NE,SEA,23.0,24.0,-3.5,42.5,47.0,0,Clete Blakeman,AF,loss,-4.5,over
2012_06_NYG_SF,2012,REG,6,2012-10-14,NYG,SF,26.0,3.0,7.0,46.5,29.0,0,John Parry,HF,loss,-30.0,under
2012_06_OAK_ATL,2012,REG,6,2012-10-14,OAK,ATL,20.0,23.0,10.0,49.0,43.0,0,Terry McAulay,HF,loss,-7.0,under
2012_06_PIT_TEN,2012,REG,6,2012-10-11,PIT,TEN,23.0,26.0,-5.5,42.5,49.0,0,Ed Hochuli,AF,loss,-8.5,over
2012_06_STL_MIA,2012,REG,6,2012-10-14,STL,MIA,14.0,17.0,5.5,38.0,31.0,0,Gene Steratore,HF,loss,-2.5,under
2012_07_ARI_MIN,2012,REG,7,2012-10-21,ARI,MIN,14.0,21.0,7.0,38.5,35.0,0,Terry McAulay,HF,push,0.0,under
2012_07_BAL_HOU,2012,REG,7,2012-10-21,BAL,HOU,13.0,43.0,6.5,47.0,56.0,0,Tony Corrente,HF,win,23.5,over
2012_07_CLE_IND,2012,REG,7,2012-10-21,CLE,IND,13.0,17.0,1.0,46.5,30.0,0,Carl Cheffers,HF,win,3.0,under
2012_07_DAL_CAR,2012,REG,7,2012-10-21,DAL,CAR,19.0,14.0,-2.5,45.0,33.0,0,Ron Winter,AF,win,2.5,under
2012_07_DET_CHI,2012,REG,7,2012-10-22,DET,CHI,7.0,13.0,6.5,45.5,20.0,1,Alberto Riveron,HF,loss,-0.5,under
2012_07_GB_STL,2012,REG,7,2012-10-21,GB,STL,30.0,20.0,-4.0,45.0,50.0,0,Bill Vinovich,AF,win,6.0,over
2012_07_JAX_OAK,2012,REG,7,2012-10-21,JAX,OAK,23.0,26.0,6.0,44.5,49.0,0,Scott Green,HF,loss,-3.0,over
2012_07_NO_TB,2012,REG,7,2012-10-21,NO,TB,35.0,28.0,-1.0,49.5,63.0,1,Jerome Boger,AF,win,6.0,over
2012_07_NYJ_NE,2012,REG,7,2012-10-21,NYJ,NE,26.0,29.0,11.0,47.5,55.0,1,Jeff Triplette,HF,loss,-8.0,over
2012_07_PIT_CIN,2012,REG,7,2012-10-21,PIT,CIN,24.0,17.0,-1.0,46.5,41.0,1,Clete Blakeman,AF,win,6.0,under
2012_07_SEA_SF,2012,REG,7,2012-10-18,SEA,SF,6.0,13.0,7.5,37.5,19.0,1,Walt Anderson,HF,loss,-0.5,under
2012_07_TEN_BUF,2012,REG,7,2012-10-21,TEN,BUF,35.0,34.0,4.0,47.0,69.0,0,Mike Carey,HF,loss,-5.0,over
2012_07_WAS_NYG,2012,REG,7,2012-10-21,WAS,NYG,23.0,27.0,6.5,51.5,50.0,1,Ed Hochuli,HF,loss,-2.5,under
2012_08_ATL_PHI,2012,REG,8,2012-10-28,ATL,PHI,30.0,17.0,1.5,43.5,47.0,0,Gene Steratore,HF,loss,-14.5,over
2012_08_CAR_CHI,2012,REG,8,2012-10-28,CAR,CHI,22.0,23.0,7.0,41.5,45.0,0,Ed Hochuli,HF,loss,-6.0,over
2012_08_IND_TEN,2012,REG,8,2012-10-28,IND,TEN,19.0,13.0,3.5,46.5,32.0,1,Alberto Riveron,HF,loss,-9.5,under
2012_08_JAX_GB,2012,REG,8,2012-10-28,JAX,GB,15.0,24.0,15.0,45.0,39.0,0,Carl Cheffers,HF,loss,-6.0,under
2012_08_MIA_NYJ,2012,REG,8,2012-10-28,MIA,NYJ,30.0,9.0,1.0,38.5,39.0,1,Walt Anderson,HF,loss,-22.0,over
2012_08_NE_STL,2012,REG,8,2012-10-28,NE,STL,45.0,7.0,-7.5,46.0,52.0,0,Walt Coleman,AF,win,30.5,over
2012_08_NO_DEN,2012,REG,8,2012-10-28,NO,DEN,14.0,34.0,6.0,55.0,48.0,0,Mike Carey,HF,win,14.0,under
2012_08_NYG_DAL,2012,REG,8,2012-10-28,NYG,DAL,29.0,24.0,-1.5,47.5,53.0,1,Scott Green,AF,win,3.5,over
2012_08_OAK_KC,2012,REG,8,2012-10-28,OAK,KC,26.0,16.0,1.0,41.5,42.0,1,Bill Vinovich,HF,loss,-11.0,over
2012_08_SD_CLE,2012,REG,8,2012-10-28,SD,CLE,6.0,7.0,-2.5,40.5,13.0,0,Jerome Boger,AF,loss,-3.5,under
2012_08_SEA_DET,2012,REG,8,2012-10-28,SEA,DET,24.0,28.0,3.0,42.5,52.0,0,John Parry,HF,win,1.0,over
2012_08_SF_ARI,2012,REG,8,2012-10-29,SF,ARI,24.0,3.0,-7.0,37.5,27.0,1,Bill Leavy,AF,win,14.0,under
2012_08_TB_MIN,2012,REG,8,2012-10-25,TB,MIN,36.0,17.0,5.0,43.0,53.0,0,Ron Winter,HF,loss,-24.0,over
2012_08_WAS_PIT,2012,REG,8,2012-10-28,WAS,PIT,12.0,27.0,4.5,44.5,39.0,0,Peter Morelli,HF,win,10.5,under
2012_09_ARI_GB,2012,REG,9,2012-11-04,ARI,GB,17.0,31.0,10.5,43.0,48.0,0,Walt Coleman,HF,win,3.5,over
2012_09_BAL_CLE,2012,REG,9,2012-11-04,BAL,CLE,25.0,15.0,-3.5,44.0,40.0,1,Jeff Triplette,AF,win,6.5,under
2012_09_BUF_HOU,2012,REG,9,2012-11-04,BUF,HOU,9.0,21.0,11.0,47.5,30.0,0,Bill Vinovich,HF,win,1.0,under
2012_09_CAR_WAS,2012,REG,9,2012-11-04,CAR,WAS,21.0,13.0,3.0,48.0,34.0,0,Carl Cheffers,HF,loss,-11.0,under
2012_09_CHI_TEN,2012,REG,9,2012-11-04,CHI,TEN,51.0,20.0,-4.5,44.0,71.0,0,Terry McAulay,AF,win,26.5,over
2012_09_DAL_ATL,2012,REG,9,2012-11-04,DAL,ATL,13.0,19.0,4.0,47.0,32.0,0,John Parry,HF,win,2.0,under
2012_09_DEN_CIN,2012,REG,9,2012-11-04,DEN,CIN,31.0,23.0,-5.0,47.5,54.0,0,Scott Green,AF,win,3.0,over
2012_09_DET_JAX,2012,REG,9,2012-11-04,DET,JAX,31.0,14.0,-6.0,44.0,45.0,0,Gene Steratore,AF,win,11.0,over
2012_09_KC_SD,2012,REG,9,2012-11-01,KC,SD,13.0,31.0,7.5,41.0,44.0,1,Alberto Riveron,HF,win,10.5,over
2012_09_MIA_IND,2012,REG,9,2012-11-04,MIA,IND,20.0,23.0,-2.5,44.0,43.0,0,Tony Corrente,AF,loss,-5.5,under
2012_09_MIN_SEA,2012,REG,9,2012-11-04,MIN,SEA,20.0,30.0,4.5,38.0,50.0,0,Jerome Boger,HF,win,5.5,over
2012_09_PHI_NO,2012,REG,9,2012-11-05,PHI,NO,13.0,28.0,2.5,52.0,41.0,0,Clete Blakeman,HF,win,12.5,under
2012_09_PIT_NYG,2012,REG,9,2012-11-04,PIT,NYG,24.0,20.0,3.5,48.0,44.0,0,Bill Leavy,HF,loss,-7.5,under
2012_09_TB_OAK,2012,REG,9,2012-11-04,TB,OAK,42.0,32.0,1.0,47.0,74.0,0,Walt Anderson,HF,loss,-11.0,over
2012_10_ATL_NO,2012,REG,10,2012-11-11,ATL,NO,27.0,31.0,-1.0,54.0,58.0,1,Tony Corrente,AF,loss,-5.0,over
2012_10_BUF_NE,2012,REG,10,2012-11-11,BUF,NE,31.0,37.0,13.5,54.0,68.0,1,Bill Leavy,HF,loss,-7.5,over
2012_10_DAL_PHI,2012,REG,10,2012-11-11,DAL,PHI,38.0,23.0,-1.0,44.0,61.0,1,Walt Coleman,AF,win,14.0,over
2012_10_DEN_CAR,2012,REG,10,2012-11-11,DEN,CAR,36.0,14.0,-3.5,46.5,50.0,0,Alberto Riveron,AF,win,18.5,over
2012_10_DET_MIN,2012,REG,10,2012-11-11,DET,MIN,24.0,34.0,-3.0,46.0,58.0,1,Peter Morelli,AF,loss,-13.0,over
2012_10_HOU_CHI,2012,REG,10,2012-11-11,HOU,CHI,13.0,6.0,1.0,37.0,19.0,0,Gene Steratore,HF,loss,-8.0,under
2012_10_IND_JAX,2012,REG,10,2012-11-08,IND,JAX,27.0,10.0,-3.0,43.5,37.0,1,Terry McAulay,AF,win,14.0,under
2012_10_KC_PIT,2012,REG,10,2012-11-12,KC,PIT,13.0,16.0,12.5,39.5,29.0,0,Carl Cheffers,HF,loss,-9.5,under
2012_10_NYG_CIN,2012,REG,10,2012-11-11,NYG,CIN,13.0,31.0,-3.5,47.0,44.0,0,Mike Carey,AF,loss,-21.5,under
2012_10_NYJ_SEA,2012,REG,10,2012-11-11,NYJ,SEA,7.0,28.0,5.0,38.0,35.0,0,Ed Hochuli,HF,win,16.0,under
2012_10_OAK_BAL,2012,REG,10,2012-11-11,OAK,BAL,20.0,55.0,9.5,48.0,75.0,0,Ron Winter,HF,win,25.5,over
2012_10_SD_TB,2012,REG,10,2012-11-11,SD,TB,24.0,34.0,3.0,46.5,58.0,0,Bill Vinovich,HF,win,7.0,over
2012_10_STL_SF,2012,REG,10,2012-11-11,STL,SF,24.0,24.0,13.5,38.0,48.0,1,Clete Blakeman,HF,loss,-13.5,over
2012_10_TEN_MIA,2012,REG,10,2012-11-11,TEN,MIA,37.0,3.0,6.5,44.0,40.0,0,Walt Anderson,HF,loss,-40.5,under
2012_11_ARI_ATL,2012,REG,11,2012-11-18,ARI,ATL,19.0,23.0,9.5,43.0,42.0,0,Bill Vinovich,HF,loss,-5.5,under
2012_11_BAL_PIT,2012,REG,11,2012-11-18,BAL,PIT,13.0,10.0,-3.0,41.0,23.0,1,Walt Anderson,AF,push,0.0,under
2012_11_CHI_SF,2012,REG,11,2012-11-19,CHI,SF,7.0,32.0,3.5,34.0,39.0,0,Tony Corrente,HF,win,21.5,over
2012_11_CIN_KC,2012,REG,11,2012-11-18,CIN,KC,28.0,6.0,-3.0,41.0,34.0,0,Gene Steratore,AF,win,19.0,under
2012_11_CLE_DAL,2012,REG,11,2012-11-18,CLE,DAL,20.0,23.0,7.0,43.5,43.0,0,Ed Hochuli,HF,loss,-4.0,under
2012_11_GB_DET,2012,REG,11,2012-11-18,GB,DET,24.0,20.0,-3.0,53.5,44.0,1,Ron Winter,AF,win,1.0,under
2012_11_IND_NE,2012,REG,11,2012-11-18,IND,NE,24.0,59.0,10.0,54.5,83.0,0,John Parry,HF,win,25.0,over
2012_11_JAX_HOU,2012,REG,11,2012-11-18,JAX,HOU,37.0,43.0,15.0,40.5,80.0,1,Clete Blakeman,HF,loss,-9.0,over
2012_11_MIA_BUF,2012,REG,11,2012-11-15,MIA,BUF,14.0,19.0,1.0,46.0,33.0,1,Jeff Triplette,HF,win,4.0,under
2012_11_NO_OAK,2012,REG,11,2012-11-18,NO,OAK,38.0,17.0,-6.0,56.5,55.0,0,Peter Morelli,AF,win,15.0,under
2012_11_NYJ_STL,2012,REG,11,2012-11-18,NYJ,STL,27.0,13.0,3.5,38.0,40.0,0,Jerome Boger,HF,loss,-17.5,over
2012_11_PHI_WAS,2012,REG,11,2012-11-18,PHI,WAS,6.0,31.0,3.5,46.0,37.0,1,Terry McAulay,HF,win,21.5,under
2012_11_SD_DEN,2012,REG,11,2012-11-18,SD,DEN,23.0,30.0,7.5,47.5,53.0,1,Carl Cheffers,HF,loss,-0.5,over
2012_11_TB_CAR,2012,REG,11,2012-11-18,TB,CAR,27.0,21.0,-1.0,46.0,48.0,1,Bill Leavy,AF,win,5.0,over
2012_12_ATL_TB,2012,REG,12,2012-11-25,ATL,TB,24.0,23.0,-1.0,50.5,47.0,1,Jeff Triplette,AF,push,0.0,under
2012_12_BAL_SD,2012,REG,12,2012-11-25,BAL,SD,16.0,13.0,-1.0,46.5,29.0,0,Gene Steratore,AF,win,2.0,under
2012_12_BUF_IND,2012,REG,12,2012-11-25,BUF,IND,13.0,20.0,2.0,51.0,33.0,0,Ed Hochuli,HF,win,5.0,under
2012_12_CAR_PHI,2012,REG,12,2012-11-26,CAR,PHI,30.0,22.0,-3.0,41.5,52.0,0,Peter Morelli,AF,win,5.0,over
2012_12_DEN_KC,2012,REG,12,2012-11-25,DEN,KC,17.0,9.0,-10.0,41.5,26.0,1,Jerome Boger,AF,loss,-2.0,under
2012_12_GB_NYG,2012,REG,12,2012-11-25,GB,NYG,10.0,38.0,1.0,50.0,48.0,0,Terry McAulay,HF,win,27.0,under
2012_12_HOU_DET,2012,REG,12,2012-11-22,HOU,DET,34.0,31.0,-3.5,48.5,65.0,0,Walt Coleman,AF,loss,-0.5,over
2012_12_MIN_CHI,2012,REG,12,2012-11-25,MIN,CHI,10.0,28.0,6.5,38.5,38.0,1,Scott Green,HF,win,11.5,under
2012_12_NE_NYJ,2012,REG,12,2012-11-22,NE,NYJ,49.0,19.0,-7.0,48.0,68.0,1,Mike Carey,AF,win,23.0,over
2012_12_OAK_CIN,2012,REG,12,2012-11-25,OAK,CIN,10.0,34.0,9.5,50.5,44.0,0,Alberto Riveron,HF,win,14.5,under
2012_12_PIT_CLE,2012,REG,12,2012-11-25,PIT,CLE,14.0,20.0,-1.0,33.0,34.0,1,Ron Winter,AF,loss,-7.0,over
2012_12_SEA_MIA,2012,REG,12,2012-11-25,SEA,MIA,21.0,24.0,-3.0,37.5,45.0,0,Clete Blakeman,AF,loss,-6.0,over
2012_12_SF_NO,2012,REG,12,2012-11-25,SF,NO,31.0,21.0,-1.0,50.0,52.0,0,John Parry,AF,win,9.0,over
2012_12_STL_ARI,2012,REG,12,2012-11-25,STL,ARI,31.0,17.0,1.0,36.0,48.0,1,Tony Corrente,HF,loss,-15.0,over
2012_12_TEN_JAX,2012,REG,12,2012-11-25,TEN,JAX,19.0,24.0,-3.5,45.0,43.0,1,Walt Anderson,AF,loss,-8.5,under
2012_12_WAS_DAL,2012,REG,12,2012-11-22,WAS,DAL,38.0,31.0,3.5,47.0,69.0,1,Bill Leavy,HF,loss,-10.5,over
2012_13_ARI_NYJ,2012,REG,13,2012-12-02,ARI,NYJ,6.0,7.0,6.0,37.0,13.0,0,Walt Anderson,HF,loss,-5.0,under
2012_13_CAR_KC,2012,REG,13,2012-12-02,CAR,KC,21.0,27.0,-5.0,41.0,48.0,0,John Parry,AF,loss,-11.0,over
2012_13_CIN_SD,2012,REG,13,2012-12-02,CIN,SD,20.0,13.0,1.0,45.0,33.0,0,Walt Coleman,HF,loss,-8.0,under
2012_13_CLE_OAK,2012,REG,13,2012-12-02,CLE,OAK,20.0,17.0,-2.5,39.5,37.0,0,Bill Leavy,AF,win,0.5,under
2012_13_HOU_TEN,2012,REG,13,2012-12-02,HOU,TEN,24.0,10.0,-7.0,47.5,34.0,1,Tony Corrente,AF,win,7.0,under
2012_13_IND_DET,2012,REG,13,2012-12-02,IND,DET,35.0,33.0,7.0,51.5,68.0,0,Bill Vinovich,HF,loss,-9.0,over
2012_13_JAX_BUF,2012,REG,13,2012-12-02,JAX,BUF,18.0,34.0,6.0,41.0,52.0,0,Peter Morelli,HF,win,10.0,over
2012_13_MIN_GB,2012,REG,13,2012-12-02,MIN,GB,14.0,23.0,7.0,47.0,37.0,1,Ed Hochuli,HF,win,2.0,under
2012_13_NE_MIA,2012,REG,13,2012-12-02,NE,MIA,23.0,16.0,-7.0,51.0,39.0,1,Ron Winter,AF,push,0.0,under
2012_13_NO_ATL,2012,REG,13,2012-11-29,NO,ATL,13.0,23.0,3.5,54.5,36.0,1,Scott Green,HF,win,6.5,under
2012_13_NYG_WAS,2012,REG,13,2012-12-03,NYG,WAS,16.0,17.0,-2.5,50.0,33.0,1,Jerome Boger,AF,loss,-3.5,under
2012_13_PHI_DAL,2012,REG,13,2012-12-02,PHI,DAL,33.0,38.0,10.5,44.0,71.0,1,Jeff Triplette,HF,loss,-5.5,over
2012_13_PIT_BAL,2012,REG,13,2012-12-02,PIT,BAL,23.0,20.0,7.0,36.5,43.0,1,Alberto Riveron,HF,loss,-10.0,over
2012_13_SEA_CHI,2012,REG,13,2012-12-02,SEA,CHI,23.0,17.0,3.0,36.5,40.0,0,Mike Carey,HF,loss,-9.0,over
2012_13_SF_STL,2012,REG,13,2012-12-02,SF,STL,13.0,16.0,-7.0,40.5,29.0,1,Carl Cheffers,AF,loss,-10.0,under
2012_13_TB_DEN,2012,REG,13,2012-12-02,TB,DEN,23.0,31.0,9.5,50.0,54.0,0,Terry McAulay,HF,loss,-1.5,over
2012_14_ARI_SEA,2012,REG,14,2012-12-09,ARI,SEA,0.0,58.0,10.5,36.0,58.0,1,Carl Cheffers,HF,win,47.5,over
2012_14_ATL_CAR,2012,REG,14,2012-12-09,ATL,CAR,20.0,30.0,-3.0,46.5,50.0,1,Ed Hochuli,AF,loss,-13.0,over
2012_14_BAL_WAS,2012,REG,14,2012-12-09,BAL,WAS,28.0,31.0,1.0,47.5,59.0,0,John Parry,HF,win,2.0,over
2012_14_CHI_MIN,2012,REG,14,2012-12-09,CHI,MIN,14.0,21.0,-1.0,40.5,35.0,1,Walt Coleman,AF,loss,-8.0,under
2012_14_DAL_CIN,2012,REG,14,2012-12-09,DAL,CIN,20.0,19.0,3.5,46.0,39.0,0,Bill Vinovich,HF,loss,-4.5,under
2012_14_DEN_OAK,2012,REG,14,2012-12-06,DEN,OAK,26.0,13.0,-10.0,47.0,39.0,1,Clete Blakeman,AF,win,3.0,under
2012_14_DET_GB,2012,REG,14,2012-12-09,DET,GB,20.0,27.0,6.0,49.5,47.0,1,Tony Corrente,HF,win,1.0,under
2012_14_HOU_NE,2012,REG,14,2012-12-10,HOU,NE,14.0,42.0,5.5,50.5,56.0,0,Terry McAulay,HF,win,22.5,over
2012_14_KC_CLE,2012,REG,14,2012-12-09,KC,CLE,7.0,30.0,7.0,38.0,37.0,0,Walt Anderson,HF,win,16.0,under
2012_14_MIA_SF,2012,REG,14,2012-12-09,MIA,SF,13.0,27.0,10.5,38.5,40.0,0,Mike Carey,HF,win,3.5,over
2012_14_NO_NYG,2012,REG,14,2012-12-09,NO,NYG,27.0,52.0,4.0,52.5,79.0,0,Jeff Triplette,HF,win,21.0,over
2012_14_NYJ_JAX,2012,REG,14,2012-12-09,NYJ,JAX,17.0,10.0,-3.0,39.5,27.0,0,Alberto Riveron,AF,win,4.0,under
2012_14_PHI_TB,2012,REG,14,2012-12-09,PHI,TB,23.0,21.0,8.0,47.5,44.0,0,Ron Winter,HF,loss,-10.0,under
2012_14_SD_PIT,2012,REG,14,2012-12-09,SD,PIT,34.0,24.0,7.0,37.5,58.0,0,Scott Green,HF,loss,-17.0,over
2012_14_STL_BUF,2012,REG,14,2012-12-09,STL,BUF,15.0,12.0,3.5,42.0,27.0,0,Gene Steratore,HF,loss,-6.5,under
2012_14_TEN_IND,2012,REG,14,2012-12-09,TEN,IND,23.0,27.0,3.5,47.0,50.0,1,Peter Morelli,HF,win,0.5,over
2012_15_CAR_SD,2012,REG,15,2012-12-16,CAR,SD,31.0,7.0,3.0,45.0,38.0,0,Terry McAulay,HF,loss,-27.0,under
2012_15_CIN_PHI,2012,REG,15,2012-12-13,CIN,PHI,34.0,13.0,-4.5,45.0,47.0,0,Carl Cheffers,AF,win,16.5,over
2012_15_DEN_BAL,2012,REG,15,2012-12-16,DEN,BAL,34.0,17.0,-3.0,48.0,51.0,0,Peter Morelli,AF,win,14.0,over
2012_15_DET_ARI,2012,REG,15,2012-12-16,DET,ARI,10.0,38.0,-5.5,43.5,48.0,0,Jerome Boger,AF,loss,-33.5,over
2012_15_GB_CHI,2012,REG,15,2012-12-16,GB,CHI,21.0,13.0,-3.0,43.0,34.0,1,Walt Anderson,AF,win,5.0,under
2012_15_IND_HOU,2012,REG,15,2012-12-16,IND,HOU,17.0,29.0,10.5,47.5,46.0,1,Jeff Triplette,HF,win,1.5,under
2012_15_JAX_MIA,2012,REG,15,2012-12-16,JAX,MIA,3.0,24.0,7.5,38.5,27.0,0,John Parry,HF,win,13.5,under
2012_15_KC_OAK,2012,REG,15,2012-12-16,KC,OAK,0.0,15.0,4.5,44.0,15.0,1,Tony Corrente,HF,win,10.5,under
2012_15_MIN_STL,2012,REG,15,2012-12-16,MIN,STL,36.0,22.0,1.0,39.0,58.0,0,Alberto Riveron,HF,loss,-15.0,over
2012_15_NYG_ATL,2012,REG,15,2012-12-16,NYG,ATL,0.0,34.0,1.0,50.0,34.0,0,Bill Leavy,HF,win,33.0,under
2012_15_NYJ_TEN,2012,REG,15,2012-12-17,NYJ,TEN,10.0,14.0,1.0,40.0,24.0,0,Walt Coleman,HF,win,3.0,under
2012_15_PIT_DAL,2012,REG,15,2012-12-16,PIT,DAL,24.0,27.0,-1.0,45.5,51.0,0,Clete Blakeman,AF,loss,-4.0,over
2012_15_SEA_BUF,2012,REG,15,2012-12-16,SEA,BUF,50.0,17.0,-4.5,44.0,67.0,0,Scott Green,AF,win,28.5,over
2012_15_SF_NE,2012,REG,15,2012-12-16,SF,NE,41.0,34.0,4.0,47.0,75.0,0,Ed Hochuli,HF,loss,-11.0,over
2012_15_TB_NO,2012,REG,15,2012-12-16,TB,NO,0.0,41.0,3.5,54.5,41.0,1,Mike Carey,HF,win,37.5,under
2012_15_WAS_CLE,2012,REG,15,2012-12-16,WAS,CLE,38.0,21.0,4.0,40.5,59.0,0,Bill Vinovich,HF,loss,-21.0,over
2012_16_ATL_DET,2012,REG,16,2012-12-22,ATL,DET,31.0,18.0,-3.5,50.0,49.0,0,Gene Steratore,AF,win,9.5,under
2012_16_BUF_MIA,2012,REG,16,2012-12-23,BUF,MIA,10.0,24.0,5.0,43.5,34.0,1,Walt Anderson,HF,win,9.0,under
2012_16_CHI_ARI,2012,REG,16,2012-12-23,CHI,ARI,28.0,13.0,-7.0,35.5,41.0,0,Terry McAulay,AF,win,8.0,over
2012_16_CIN_PIT,2012,REG,16,2012-12-23,CIN,PIT,13.0,10.0,3.5,40.0,23.0,1,Mike Carey,HF,loss,-6.5,under
2012_16_CLE_DEN,2012,REG,16,2012-12-23,CLE,DEN,12.0,34.0,11.0,43.5,46.0,0,Alberto Riveron,HF,win,11.0,over
2012_16_IND_KC,2012,REG,16,2012-12-23,IND,KC,20.0,13.0,-4.5,41.5,33.0,0,Ron Winter,AF,win,2.5,under
2012_16_MIN_HOU,2012,REG,16,2012-12-23,MIN,HOU,23.0,6.0,7.5,43.0,29.0,0,John Parry,HF,loss,-24.5,under
2012_16_NE_JAX,2012,REG,16,2012-12-23,NE,JAX,23.0,16.0,-14.0,51.5,39.0,0,Jeff Triplette,AF,loss,-7.0,under
2012_16_NO_DAL,2012,REG,16,2012-12-23,NO,DAL,34.0,31.0,1.0,55.0,65.0,0,Walt Coleman,HF,loss,-4.0,over
2012_16_NYG_BAL,2012,REG,16,2012-12-23,NYG,BAL,14.0,33.0,-1.0,48.0,47.0,0,Carl Cheffers,AF,loss,-20.0,under
2012_16_OAK_CAR,2012,REG,16,2012-12-23,OAK,CAR,6.0,17.0,9.5,47.5,23.0,0,Jerome Boger,HF,win,1.5,under
2012_16_SD_NYJ,2012,REG,16,2012-12-23,SD,NYJ,27.0,17.0,3.0,37.0,44.0,0,Peter Morelli,HF,loss,-13.0,over
2012_16_SF_SEA,2012,REG,16,2012-12-23,SF,SEA,13.0,42.0,2.5,40.0,55.0,1,Bill Vinovich,HF,win,26.5,over
2012_16_STL_TB,2012,REG,16,2012-12-23,STL,TB,28.0,13.0,3.0,43.5,41.0,0,Scott Green,HF,loss,-18.0,under
2012_16_TEN_GB,2012,REG,16,2012-12-23,TEN,GB,7.0,55.0,10.5,44.0,62.0,0,Clete Blakeman,HF,win,37.5,over
2012_16_WAS_PHI,2012,REG,16,2012-12-23,WAS,PHI,27.0,20.0,-3.5,46.0,47.0,1,Ed Hochuli,AF,win,3.5,over
2012_17_ARI_SF,2012,REG,17,2012-12-30,ARI,SF,13.0,27.0,16.0,39.0,40.0,1,Peter Morelli,HF,loss,-2.0,over
2012_17_BAL_CIN,2012,REG,17,2012-12-30,BAL,CIN,17.0,23.0,5.5,43.0,40.0,1,Ron Winter,HF,win,0.5,under
2012_17_CAR_NO,2012,REG,17,2012-12-30,CAR,NO,44.0,38.0,4.0,53.5,82.0,1,Alberto Riveron,HF,loss,-10.0,over
2012_17_CHI_DET,2012,REG,17,2012-12-30,CHI,DET,26.0,24.0,-3.0,46.0,50.0,1,Bill Leavy,AF,loss,-1.0,over
2012_17_CLE_PIT,2012,REG,17,2012-12-30,CLE,PIT,10.0,24.0,10.0,36.5,34.0,1,Walt Coleman,HF,win,4.0,under
2012_17_DAL_WAS,2012,REG,17,2012-12-30,DAL,WAS,18.0,28.0,3.0,49.0,46.0,1,Walt Anderson,HF,win,7.0,under
2012_17_GB_MIN,2012,REG,17,2012-12-30,GB,MIN,34.0,37.0,-3.0,45.5,71.0,1,Mike Carey,AF,loss,-6.0,over
2012_17_HOU_IND,2012,REG,17,2012-12-30,HOU,IND,16.0,28.0,-6.5,47.0,44.0,1,Clete Blakeman,AF,loss,-18.5,under
2012_17_JAX_TEN,2012,REG,17,2012-12-30,JAX,TEN,20.0,38.0,6.0,42.0,58.0,1,Bill Vinovich,HF,win,12.0,over
2012_17_KC_DEN,2012,REG,17,2012-12-30,KC,DEN,3.0,38.0,17.0,41.0,41.0,1,Ed Hochuli,HF,win,18.0,push
2012_17_MIA_NE,2012,REG,17,2012-12-30,MIA,NE,0.0,28.0,11.5,48.0,28.0,1,Jerome Boger,HF,win,16.5,under
2012_17_NYJ_BUF,2012,REG,17,2012-12-30,NYJ,BUF,9.0,28.0,3.5,40.5,37.0,1,Terry McAulay,HF,win,15.5,under
2012_17_OAK_SD,2012,REG,17,2012-12-30,OAK,SD,21.0,24.0,9.5,41.0,45.0,1,John Parry,HF,loss,-6.5,over
2012_17_PHI_NYG,2012,REG,17,2012-12-30,PHI,NYG,7.0,42.0,6.5,44.0,49.0,1,Tony Corrente,HF,win,28.5,over
2012_17_STL_SEA,2012,REG,17,2012-12-30,STL,SEA,13.0,20.0,11.0,41.5,33.0,1,Jeff Triplette,HF,loss,-4.0,under
2012_17_TB_ATL,2012,REG,17,2012-12-30,TB,ATL,22.0,17.0,3.0,46.0,39.0,1,Carl Cheffers,HF,loss,-8.0,under
2012_18_CIN_HOU,2012,WC,18,2013-01-05,CIN,HOU,13.0,19.0,4.0,42.5,32.0,0,Alberto Riveron,HF,win,2.0,under
2012_18_IND_BAL,2012,WC,18,2013-01-06,IND,BAL,9.0,24.0,7.5,47.5,33.0,0,Michael Carey,HF,win,7.5,under
2012_18_MIN_GB,2012,WC,18,2013-01-05,MIN,GB,10.0,24.0,10.5,44.0,34.0,1,Scott Green,HF,win,3.5,under
2012_18_SEA_WAS,2012,WC,18,2013-01-06,SEA,WAS,24.0,14.0,-3.0,44.5,38.0,0,Peter Morelli,AF,win,7.0,under
2012_19_BAL_DEN,2012,DIV,19,2013-01-12,BAL,DEN,38.0,35.0,9.5,44.0,73.0,0,Bill Vinovich,HF,loss,-12.5,over
2012_19_GB_SF,2012,DIV,19,2013-01-12,GB,SF,31.0,45.0,3.0,45.0,76.0,0,Jerome Boger,HF,win,11.0,over
2012_19_HOU_NE,2012,DIV,19,2013-01-13,HOU,NE,28.0,41.0,9.5,50.5,69.0,0,Tony Corrente,HF,win,3.5,over
2012_19_SEA_ATL,2012,DIV,19,2013-01-13,SEA,ATL,28.0,30.0,2.5,46.0,58.0,0,Walt Coleman,HF,loss,-0.5,over
2012_20_BAL_NE,2012,CON,20,2013-01-20,BAL,NE,28.0,13.0,8.0,49.5,41.0,0,Bill Leavy,HF,loss,-23.0,under
2012_20_SF_ATL,2012,CON,20,2013-01-20,SF,ATL,28.0,24.0,-3.5,47.5,52.0,0,Terry McAulay,AF,win,0.5,over
2012_21_BAL_SF,2012,SB,21,2013-02-03,BAL,SF,34.0,31.0,4.5,47.5,65.0,0,Jerome Boger,HF,loss,-7.5,over
2013_01_ARI_STL,2013,REG,1,2013-09-08,ARI,STL,24.0,27.0,3.5,42.5,51.0,1,Clete Blakeman,HF,loss,-0.5,over
2013_01_ATL_NO,2013,REG,1,2013-09-08,ATL,NO,17.0,23.0,3.5,54.5,40.0,1,Gene Steratore,HF,win,2.5,under
2013_01_BAL_DEN,2013,REG,1,2013-09-05,BAL,DEN,27.0,49.0,7.5,48.5,76.0,0,Walt Coleman,HF,win,14.5,over
2013_01_CIN_CHI,2013,REG,1,2013-09-08,CIN,CHI,21.0,24.0,3.0,41.5,45.0,0,Carl Cheffers,HF,push,0.0,over
2013_01_GB_SF,2013,REG,1,2013-09-08,GB,SF,28.0,34.0,5.0,47.0,62.0,0,Bill Leavy,HF,win,1.0,over
2013_01_HOU_SD,2013,REG,1,2013-09-09,HOU,SD,31.0,28.0,-5.0,44.0,59.0,0,Scott Green,AF,loss,-2.0,over
2013_01_KC_JAX,2013,REG,1,2013-09-08,KC,JAX,28.0,2.0,-3.5,42.5,30.0,0,Peter Morelli,AF,win,22.5,under
2013_01_MIA_CLE,2013,REG,1,2013-09-08,MIA,CLE,23.0,10.0,2.5,40.5,33.0,0,Mike Carey,HF,loss,-15.5,under
2013_01_MIN_DET,2013,REG,1,2013-09-08,MIN,DET,24.0,34.0,4.0,46.0,58.0,1,John Parry,HF,win,6.0,over
2013_01_NE_BUF,2013,REG,1,2013-09-08,NE,BUF,23.0,21.0,-10.0,50.5,44.0,1,Walt Anderson,AF,loss,-8.0,under
2013_01_NYG_DAL,2013,REG,1,2013-09-08,NYG,DAL,31.0,36.0,3.5,49.5,67.0,1,Tony Corrente,HF,win,1.5,over
2013_01_OAK_IND,2013,REG,1,2013-09-08,OAK,IND,17.0,21.0,11.0,45.0,38.0,0,Bill Vinovich,HF,loss,-7.0,under
2013_01_PHI_WAS,2013,REG,1,2013-09-09,PHI,WAS,33.0,27.0,4.0,51.0,60.0,1,Ron Winter,HF,loss,-10.0,over
2013_01_SEA_CAR,2013,REG,1,2013-09-08,SEA,CAR,12.0,7.0,-3.0,44.5,19.0,0,Jeff Triplette,AF,win,2.0,under
2013_01_TB_NYJ,2013,REG,1,2013-09-08,TB,NYJ,17.0,18.0,-4.0,40.0,35.0,0,Ed Hochuli,AF,loss,-5.0,under
2013_01_TEN_PIT,2013,REG,1,2013-09-08,TEN,PIT,16.0,9.0,6.0,42.0,25.0,0,Jerome Boger,HF,loss,-13.0,under
2013_02_CAR_BUF,2013,REG,2,2013-09-15,CAR,BUF,23.0,24.0,-3.5,43.5,47.0,0,Walt Coleman,AF,loss,-4.5,over
2013_02_CLE_BAL,2013,REG,2,2013-09-15,CLE,BAL,6.0,14.0,5.5,43.5,20.0,1,Bill Vinovich,HF,win,2.5,under
2013_02_DAL_KC,2013,REG,2,2013-09-15,DAL,KC,16.0,17.0,3.0,45.0,33.0,0,Jerome Boger,HF,loss,-2.0,under
2013_02_DEN_NYG,2013,REG,2,2013-09-15,DEN,NYG,41.0,23.0,-3.5,52.5,64.0,0,Gene Steratore,AF,win,14.5,over
2013_02_DET_ARI,2013,REG,2,2013-09-15,DET,ARI,21.0,25.0,-1.0,47.5,46.0,0,Peter Morelli,AF,loss,-5.0,under
2013_02_JAX_OAK,2013,REG,2,2013-09-15,JAX,OAK,9.0,19.0,3.5,40.5,28.0,0,Walt Anderson,HF,win,6.5,under
2013_02_MIA_IND,2013,REG,2,2013-09-15,MIA,IND,24.0,20.0,1.0,43.5,44.0,0,Clete Blakeman,HF,loss,-5.0,over
2013_02_MIN_CHI,2013,REG,2,2013-09-15,MIN,CHI,30.0,31.0,6.0,41.0,61.0,1,Ed Hochuli,HF,loss,-5.0,over
2013_02_NO_TB,2013,REG,2,2013-09-15,NO,TB,16.0,14.0,-3.0,48.5,30.0,1,Bill Leavy,AF,loss,-1.0,under
2013_02_NYJ_NE,2013,REG,2,2013-09-12,NYJ,NE,10.0,13.0,10.5,43.0,23.0,1,Carl Cheffers,HF,loss,-7.5,under
2013_02_PIT_CIN,2013,REG,2,2013-09-16,PIT,CIN,10.0,20.0,7.0,40.0,30.0,1,Mike Carey,HF,win,3.0,under
2013_02_SD_PHI,2013,REG,2,2013-09-15,SD,PHI,33.0,30.0,7.5,51.0,63.0,0,Terry McAulay,HF,loss,-10.5,over
2013_02_SF_SEA,2013,REG,2,2013-09-15,SF,SEA,3.0,29.0,3.0,43.5,32.0,1,John Parry,HF,win,23.0,under
2013_02_STL_ATL,2013,REG,2,2013-09-15,STL,ATL,24.0,31.0,4.0,47.5,55.0,0,Scott Green,HF,win,3.0,over
2013_02_TEN_HOU,2013,REG,2,2013-09-15,TEN,HOU,24.0,30.0,7.5,42.5,54.0,1,Jeff Triplette,HF,loss,-1.5,over
2013_02_WAS_GB,2013,REG,2,2013-09-15,WAS,GB,20.0,38.0,9.0,48.5,58.0,0,Tony Corrente,HF,win,9.0,over
2013_03_ARI_NO,2013,REG,3,2013-09-22,ARI,NO,7.0,31.0,8.0,48.5,38.0,0,Walt Coleman,HF,win,16.0,under
2013_03_ATL_MIA,2013,REG,3,2013-09-22,ATL,MIA,23.0,27.0,3.0,45.5,50.0,0,Ron Winter,HF,win,1.0,over
2013_03_BUF_NYJ,2013,REG,3,2013-09-22,BUF,NYJ,20.0,27.0,2.5,41.0,47.0,1,Scott Green,HF,win,4.5,over
2013_03_CHI_PIT,2013,REG,3,2013-09-22,CHI,PIT,40.0,23.0,-2.5,40.5,63.0,0,Peter Morelli,AF,win,14.5,over
2013_03_CLE_MIN,2013,REG,3,2013-09-22,CLE,MIN,31.0,27.0,7.0,40.0,58.0,0,Bill Leavy,HF,loss,-11.0,over
2013_03_DET_WAS,2013,REG,3,2013-09-22,DET,WAS,27.0,20.0,-1.0,48.5,47.0,0,Ed Hochuli,AF,win,6.0,under
2013_03_GB_CIN,2013,REG,3,2013-09-22,GB,CIN,30.0,34.0,-3.0,49.5,64.0,0,Clete Blakeman,AF,loss,-7.0,over
2013_03_HOU_BAL,2013,REG,3,2013-09-22,HOU,BAL,9.0,30.0,1.0,44.5,39.0,0,John Parry,HF,win,20.0,under
2013_03_IND_SF,2013,REG,3,2013-09-22,IND,SF,27.0,7.0,10.5,45.5,34.0,0,Terry McAulay,HF,loss,-30.5,under
2013_03_JAX_SEA,2013,REG,3,2013-09-22,JAX,SEA,17.0,45.0,19.5,39.0,62.0,0,Bill Vinovich,HF,win,8.5,over
2013_03_KC_PHI,2013,REG,3,2013-09-19,KC,PHI,26.0,16.0,3.0,50.0,42.0,0,Walt Anderson,HF,loss,-13.0,under
2013_03_NYG_CAR,2013,REG,3,2013-09-22,NYG,CAR,0.0,38.0,-1.0,46.5,38.0,0,Mike Carey,AF,loss,-39.0,under
2013_03_OAK_DEN,2013,REG,3,2013-09-23,OAK,DEN,21.0,37.0,16.0,48.5,58.0,1,Jerome Boger,HF,push,0.0,over
2013_03_SD_TEN,2013,REG,3,2013-09-22,SD,TEN,17.0,20.0,3.0,43.0,37.0,0,Tony Corrente,HF,push,0.0,under
2013_03_STL_DAL,2013,REG,3,2013-09-22,STL,DAL,7.0,31.0,3.5,47.5,38.0,0,Carl Cheffers,HF,win,20.5,under
2013_03_TB_NE,2013,REG,3,2013-09-22,TB,NE,3.0,23.0,7.5,44.5,26.0,0,Jeff Triplette,HF,win,12.5,under
2013_04_ARI_TB,2013,REG,4,2013-09-29,ARI,TB,13.0,10.0,2.5,40.0,23.0,0,Gene Steratore,HF,loss,-5.5,under
2013_04_BAL_BUF,2013,REG,4,2013-09-29,BAL,BUF,20.0,23.0,-4.0,45.0,43.0,0,Jerome Boger,AF,loss,-7.0,under
2013_04_CHI_DET,2013,REG,4,2013-09-29,CHI,DET,32.0,40.0,3.0,48.0,72.0,1,Mike Carey,HF,win,5.0,over
2013_04_CIN_CLE,2013,REG,4,2013-09-29,CIN,CLE,6.0,17.0,-3.5,42.5,23.0,1,Ron Winter,AF,loss,-14.5,under
2013_04_DAL_SD,2013,REG,4,2013-09-29,DAL,SD,21.0,30.0,-1.0,47.0,51.0,0,Ed Hochuli,AF,loss,-10.0,over
2013_04_IND_JAX,2013,REG,4,2013-09-29,IND,JAX,37.0,3.0,-9.5,42.5,40.0,1,John Parry,AF,win,24.5,under
2013_04_MIA_NO,2013,REG,4,2013-09-30,MIA,NO,17.0,38.0,7.0,48.5,55.0,0,Bill Vinovich,HF,win,14.0,over
2013_04_NE_ATL,2013,REG,4,2013-09-29,NE,ATL,30.0,23.0,3.0,49.0,53.0,0,Walt Coleman,HF,loss,-10.0,over
2013_04_NYG_KC,2013,REG,4,2013-09-29,NYG,KC,7.0,31.0,3.5,43.5,38.0,0,Terry McAulay,HF,win,20.5,under
2013_04_NYJ_TEN,2013,REG,4,2013-09-29,NYJ,TEN,13.0,38.0,3.5,40.5,51.0,0,Walt Anderson,HF,win,21.5,over
2013_04_PHI_DEN,2013,REG,4,2013-09-29,PHI,DEN,20.0,52.0,10.5,57.5,72.0,0,Peter Morelli,HF,win,21.5,over
2013_04_PIT_MIN,2013,REG,4,2013-09-29,PIT,MIN,27.0,34.0,-3.0,41.5,61.0,0,Clete Blakeman,AF,loss,-10.0,over
2013_04_SEA_HOU,2013,REG,4,2013-09-29,SEA,HOU,23.0,20.0,-1.0,41.0,43.0,0,Tony Corrente,AF,win,2.0,over
2013_04_SF_STL,2013,REG,4,2013-09-26,SF,STL,35.0,11.0,-3.0,43.0,46.0,1,Jeff Triplette,AF,win,21.0,over
2013_04_WAS_OAK,2013,REG,4,2013-09-29,WAS,OAK,24.0,14.0,-3.5,45.5,38.0,0,Bill Leavy,AF,win,6.5,under
2013_05_BAL_MIA,2013,REG,5,2013-10-06,BAL,MIA,26.0,23.0,2.5,42.5,49.0,0,Carl Cheffers,HF,loss,-5.5,over
2013_05_BUF_CLE,2013,REG,5,2013-10-03,BUF,CLE,24.0,37.0,3.5,40.5,61.0,0,Peter Morelli,HF,win,9.5,over
2013_05_CAR_ARI,2013,REG,5,2013-10-06,CAR,ARI,6.0,22.0,-3.0,41.0,28.0,0,John Parry,AF,loss,-19.0,under
2013_05_DEN_DAL,2013,REG,5,2013-10-06,DEN,DAL,51.0,48.0,-7.5,56.5,99.0,0,Terry McAulay,AF,loss,-4.5,over
2013_05_DET_GB,2013,REG,5,2013-10-06,DET,GB,9.0,22.0,10.0,53.0,31.0,1,Jerome Boger,HF,win,3.0,under
2013_05_HOU_SF,2013,REG,5,2013-10-06,HOU,SF,3.0,34.0,4.0,43.0,37.0,0,Mike Carey,HF,win,27.0,under
2013_05_JAX_STL,2013,REG,5,2013-10-06,JAX,STL,20.0,34.0,11.0,40.5,54.0,0,Tony Corrente,HF,win,3.0,over
2013_05_KC_TEN,2013,REG,5,2013-10-06,KC,TEN,26.0,17.0,-2.5,38.0,43.0,0,Bill Vinovich,AF,win,6.5,over
2013_05_NE_CIN,2013,REG,5,2013-10-06,NE,CIN,6.0,13.0,-2.0,45.5,19.0,0,Gene Steratore,AF,loss,-9.0,under
2013_05_NO_CHI,2013,REG,5,2013-10-06,NO,CHI,26.0,18.0,1.0,50.5,44.0,0,Scott Green,HF,loss,-9.0,under
2013_05_NYJ_ATL,2013,REG,5,2013-10-07,NYJ,ATL,30.0,28.0,10.0,45.0,58.0,0,Bill Leavy,HF,loss,-12.0,over
2013_05_PHI_NYG,2013,REG,5,2013-10-06,PHI,NYG,36.0,21.0,-1.0,53.5,57.0,1,Walt Coleman,AF,win,14.0,over
2013_05_SD_OAK,2013,REG,5,2013-10-06,SD,OAK,17.0,27.0,-6.0,46.0,44.0,1,Jeff Triplette,AF,loss,-16.0,under
2013_05_SEA_IND,2013,REG,5,2013-10-06,SEA,IND,28.0,34.0,-3.0,43.5,62.0,0,Ron Winter,AF,loss,-9.0,over
2013_06_ARI_SF,2013,REG,6,2013-10-13,ARI,SF,20.0,32.0,10.0,40.5,52.0,1,Scott Green,HF,win,2.0,over
2013_06_CAR_MIN,2013,REG,6,2013-10-13,CAR,MIN,35.0,10.0,2.5,44.5,45.0,0,Ron Winter,HF,loss,-27.5,over
2013_06_CIN_BUF,2013,REG,6,2013-10-13,CIN,BUF,27.0,24.0,-6.0,41.0,51.0,0,Ed Hochuli,AF,loss,-3.0,over
2013_06_DET_CLE,2013,REG,6,2013-10-13,DET,CLE,31.0,17.0,-1.0,44.0,48.0,0,Walt Coleman,AF,win,13.0,over
2013_06_GB_BAL,2013,REG,6,2013-10-13,GB,BAL,19.0,17.0,-1.0,48.5,36.0,0,Gene Steratore,AF,win,1.0,under
2013_06_IND_SD,2013,REG,6,2013-10-14,IND,SD,9.0,19.0,-1.0,50.5,28.0,0,Peter Morelli,AF,loss,-11.0,under
2013_06_JAX_DEN,2013,REG,6,2013-10-13,JAX,DEN,19.0,35.0,27.0,53.0,54.0,0,Jeff Triplette,HF,loss,-11.0,over
2013_06_NO_NE,2013,REG,6,2013-10-13,NO,NE,27.0,30.0,2.5,51.5,57.0,0,Tony Corrente,HF,win,0.5,over
2013_06_NYG_CHI,2013,REG,6,2013-10-10,NYG,CHI,21.0,27.0,9.5,46.5,48.0,0,John Parry,HF,loss,-3.5,over
2013_06_OAK_KC,2013,REG,6,2013-10-13,OAK,KC,7.0,24.0,7.5,41.0,31.0,1,Mike Carey,HF,win,9.5,under
2013_06_PHI_TB,2013,REG,6,2013-10-13,PHI,TB,31.0,20.0,-2.5,44.5,51.0,0,Clete Blakeman,AF,win,8.5,over
2013_06_PIT_NYJ,2013,REG,6,2013-10-13,PIT,NYJ,19.0,6.0,-1.0,40.5,25.0,0,Terry McAulay,AF,win,12.0,under
2013_06_STL_HOU,2013,REG,6,2013-10-13,STL,HOU,38.0,13.0,9.5,43.0,51.0,0,Bill Leavy,HF,loss,-34.5,over
2013_06_TEN_SEA,2013,REG,6,2013-10-13,TEN,SEA,13.0,20.0,11.0,42.0,33.0,0,Carl Cheffers,HF,loss,-4.0,under
2013_06_WAS_DAL,2013,REG,6,2013-10-13,WAS,DAL,16.0,31.0,5.5,52.0,47.0,1,Walt Anderson,HF,win,9.5,under
2013_07_BAL_PIT,2013,REG,7,2013-10-20,BAL,PIT,16.0,19.0,2.5,41.0,35.0,1,Bill Leavy,HF,win,0.5,under
2013_07_BUF_MIA,2013,REG,7,2013-10-20,BUF,MIA,23.0,21.0,6.0,43.5,44.0,1,Gene Steratore,HF,loss,-8.0,over
2013_07_CHI_WAS,2013,REG,7,2013-10-20,CHI,WAS,41.0,45.0,-1.0,47.5,86.0,0,Clete Blakeman,AF,loss,-5.0,over
2013_07_CIN_DET,2013,REG,7,2013-10-20,CIN,DET,27.0,24.0,2.5,45.5,51.0,0,Scott Green,HF,loss,-5.5,over
2013_07_CLE_GB,2013,REG,7,2013-10-20,CLE,GB,13.0,31.0,7.5,45.0,44.0,0,Jeff Triplette,HF,win,10.5,under
2013_07_DAL_PHI,2013,REG,7,2013-10-20,DAL,PHI,17.0,3.0,3.0,55.0,20.0,1,John Parry,HF,loss,-17.0,under
2013_07_DEN_IND,2013,REG,7,2013-10-20,DEN,IND,33.0,39.0,-6.0,54.5,72.0,0,Carl Cheffers,AF,loss,-12.0,over
2013_07_HOU_KC,2013,REG,7,2013-10-20,HOU,KC,16.0,17.0,7.0,38.5,33.0,0,Ed Hochuli,HF,loss,-6.0,under
2013_07_MIN_NYG,2013,REG,7,2013-10-21,MIN,NYG,7.0,23.0,4.0,47.5,30.0,0,Tony Corrente,HF,win,12.0,under
2013_07_NE_NYJ,2013,REG,7,2013-10-20,NE,NYJ,27.0,30.0,-3.5,43.0,57.0,1,Jerome Boger,AF,loss,-6.5,over
2013_07_SD_JAX,2013,REG,7,2013-10-20,SD,JAX,24.0,6.0,-7.5,44.5,30.0,0,Walt Coleman,AF,win,10.5,under
2013_07_SEA_ARI,2013,REG,7,2013-10-17,SEA,ARI,34.0,22.0,-5.0,41.0,56.0,1,Terry McAulay,AF,win,7.0,over
2013_07_SF_TEN,2013,REG,7,2013-10-20,SF,TEN,31.0,17.0,-3.0,41.0,48.0,0,Ron Winter,AF,win,11.0,over
2013_07_STL_CAR,2013,REG,7,2013-10-20,STL,CAR,15.0,30.0,8.0,42.0,45.0,0,Bill Vinovich,HF,win,7.0,over
2013_07_TB_ATL,2013,REG,7,2013-10-20,TB,ATL,23.0,31.0,6.0,43.0,54.0,1,Walt Anderson,HF,win,2.0,over
2013_08_ATL_ARI,2013,REG,8,2013-10-27,ATL,ARI,13.0,27.0,2.5,44.5,40.0,0,Mike Carey,HF,win,11.5,under
2013_08_BUF_NO,2013,REG,8,2013-10-27,BUF,NO,17.0,35.0,10.5,48.0,52.0,0,Terry McAulay,HF,win,7.5,over
2013_08_CAR_TB,2013,REG,8,2013-10-24,CAR,TB,31.0,13.0,-6.5,39.0,44.0,1,Jerome Boger,AF,win,11.5,over
2013_08_CLE_KC,2013,REG,8,2013-10-27,CLE,KC,17.0,23.0,7.0,39.0,40.0,0,Clete Blakeman,HF,loss,-1.0,over
2013_08_DAL_DET,2013,REG,8,2013-10-27,DAL,DET,30.0,31.0,3.0,51.0,61.0,0,Bill Vinovich,HF,loss,-2.0,over
2013_08_GB_MIN,2013,REG,8,2013-10-27,GB,MIN,44.0,31.0,-7.0,47.5,75.0,1,Scott Green,AF,win,6.0,over
2013_08_MIA_NE,2013,REG,8,2013-10-27,MIA,NE,17.0,27.0,6.5,46.5,44.0,1,Walt Anderson,HF,win,3.5,under
2013_08_NYG_PHI,2013,REG,8,2013-10-27,NYG,PHI,15.0,7.0,5.5,49.0,22.0,1,Carl Cheffers,HF,loss,-13.5,under
2013_08_NYJ_CIN,2013,REG,8,2013-10-27,NYJ,CIN,9.0,49.0,6.0,40.5,58.0,0,Peter Morelli,HF,win,34.0,over
2013_08_PIT_OAK,2013,REG,8,2013-10-27,PIT,OAK,18.0,21.0,-2.5,40.0,39.0,0,John Parry,AF,loss,-5.5,under
2013_08_SEA_STL,2013,REG,8,2013-10-28,SEA,STL,14.0,9.0,-13.0,43.0,23.0,1,Gene Steratore,AF,loss,-8.0,under
2013_08_SF_JAX,2013,REG,8,2013-10-27,SF,JAX,42.0,10.0,-16.0,40.0,52.0,0,Ed Hochuli,AF,win,16.0,over
2013_08_WAS_DEN,2013,REG,8,2013-10-27,WAS,DEN,21.0,45.0,11.0,58.0,66.0,0,Ron Winter,HF,win,13.0,over
2013_09_ATL_CAR,2013,REG,9,2013-11-03,ATL,CAR,10.0,34.0,10.0,46.5,44.0,1,Tony Corrente,HF,win,14.0,under
2013_09_BAL_CLE,2013,REG,9,2013-11-03,BAL,CLE,18.0,24.0,-1.0,41.5,42.0,1,Scott Green,AF,loss,-7.0,over
2013_09_CHI_GB,2013,REG,9,2013-11-04,CHI,GB,27.0,20.0,10.0,50.5,47.0,1,Walt Anderson,HF,loss,-17.0,under
2013_09_CIN_MIA,2013,REG,9,2013-10-31,CIN,MIA,20.0,22.0,-3.0,42.0,42.0,0,Bill Leavy,AF,loss,-5.0,push
2013_09_IND_HOU,2013,REG,9,2013-11-03,IND,HOU,27.0,24.0,-1.0,42.5,51.0,1,Bill Vinovich,AF,win,2.0,over
2013_09_KC_BUF,2013,REG,9,2013-11-03,KC,BUF,23.0,13.0,-4.5,40.5,36.0,0,Ron Winter,AF,win,5.5,under
2013_09_MIN_DAL,2013,REG,9,2013-11-03,MIN,DAL,23.0,27.0,10.0,51.0,50.0,0,Jeff Triplette,HF,loss,-6.0,under
2013_09_NO_NYJ,2013,REG,9,2013-11-03,NO,NYJ,20.0,26.0,-6.0,45.5,46.0,0,Clete Blakeman,AF,loss,-12.0,over
2013_09_PHI_OAK,2013,REG,9,2013-11-03,PHI,OAK,49.0,20.0,-1.0,45.5,69.0,0,Ed Hochuli,AF,win,28.0,over
2013_09_PIT_NE,2013,REG,9,2013-11-03,PIT,NE,31.0,55.0,5.5,42.5,86.0,0,Walt Coleman,HF,win,18.5,over
2013_09_SD_WAS,2013,REG,9,2013-11-03,SD,WAS,24.0,30.0,1.0,49.5,54.0,0,Jerome Boger,HF,win,5.0,over
2013_09_TB_SEA,2013,REG,9,2013-11-03,TB,SEA,24.0,27.0,16.0,40.0,51.0,0,Mike Carey,HF,loss,-13.0,over
2013_09_TEN_STL,2013,REG,9,2013-11-03,TEN,STL,28.0,21.0,-3.0,41.0,49.0,0,Peter Morelli,AF,win,4.0,over
2013_10_BUF_PIT,2013,REG,10,2013-11-10,BUF,PIT,10.0,23.0,3.0,42.5,33.0,0,Scott Green,HF,win,10.0,under
2013_10_CAR_SF,2013,REG,10,2013-11-10,CAR,SF,10.0,9.0,6.0,43.0,19.0,0,Carl Cheffers,HF,loss,-7.0,under
2013_10_CIN_BAL,2013,REG,10,2013-11-10,CIN,BAL,17.0,20.0,1.0,44.0,37.0,1,Walt Coleman,HF,win,2.0,under
2013_10_DAL_NO,2013,REG,10,2013-11-10,DAL,NO,17.0,49.0,6.0,54.0,66.0,0,Jerome Boger,HF,win,26.0,over
2013_10_DEN_SD,2013,REG,10,2013-11-10,DEN,SD,28.0,20.0,-7.0,56.0,48.0,1,Tony Corrente,AF,win,1.0,under
2013_10_DET_CHI,2013,REG,10,2013-11-10,DET,CHI,21.0,19.0,-1.0,52.0,40.0,1,Bill Leavy,AF,win,1.0,under
2013_10_HOU_ARI,2013,REG,10,2013-11-10,HOU,ARI,24.0,27.0,4.0,41.5,51.0,0,Gene Steratore,HF,loss,-1.0,over
2013_10_JAX_TEN,2013,REG,10,2013-11-10,JAX,TEN,29.0,27.0,11.5,41.5,56.0,1,John Parry,HF,loss,-13.5,over
2013_10_MIA_TB,2013,REG,10,2013-11-11,MIA,TB,19.0,22.0,-1.0,39.0,41.0,0,Jeff Triplette,AF,loss,-4.0,over
2013_10_OAK_NYG,2013,REG,10,2013-11-10,OAK,NYG,20.0,24.0,7.5,41.0,44.0,0,Peter Morelli,HF,loss,-3.5,over
2013_10_PHI_GB,2013,REG,10,2013-11-10,PHI,GB,27.0,13.0,-1.0,47.0,40.0,0,Mike Carey,AF,win,13.0,under
2013_10_SEA_ATL,2013,REG,10,2013-11-10,SEA,ATL,33.0,10.0,-3.5,47.0,43.0,0,Bill Vinovich,AF,win,19.5,under
2013_10_STL_IND,2013,REG,10,2013-11-10,STL,IND,38.0,8.0,7.5,43.0,46.0,0,Terry McAulay,HF,loss,-37.5,over
2013_10_WAS_MIN,2013,REG,10,2013-11-07,WAS,MIN,27.0,34.0,-1.0,48.0,61.0,0,Ed Hochuli,AF,loss,-8.0,over
2013_11_ARI_JAX,2013,REG,11,2013-11-17,ARI,JAX,27.0,14.0,-9.5,40.5,41.0,0,Jeff Triplette,AF,win,3.5,over
2013_11_ATL_TB,2013,REG,11,2013-11-17,ATL,TB,28.0,41.0,1.0,44.0,69.0,1,Ed Hochuli,HF,win,12.0,over
2013_11_BAL_CHI,2013,REG,11,2013-11-17,BAL,CHI,20.0,23.0,4.0,41.0,43.0,0,Gene Steratore,HF,loss,-1.0,over
2013_11_CLE_CIN,2013,REG,11,2013-11-17,CLE,CIN,20.0,41.0,4.0,40.0,61.0,1,Carl Cheffers,HF,win,17.0,over
2013_11_DET_PIT,2013,REG,11,2013-11-17,DET,PIT,27.0,37.0,-3.0,45.0,64.0,0,Walt Anderson,AF,loss,-13.0,over
2013_11_GB_NYG,2013,REG,11,2013-11-17,GB,NYG,13.0,27.0,3.5,41.0,40.0,0,Terry McAulay,HF,win,10.5,under
2013_11_IND_TEN,2013,REG,11,2013-11-14,IND,TEN,30.0,27.0,-2.5,42.0,57.0,1,Mike Carey,AF,win,0.5,over
2013_11_KC_DEN,2013,REG,11,2013-11-17,KC,DEN,17.0,27.0,7.5,48.5,44.0,1,John Parry,HF,win,2.5,under
2013_11_MIN_SEA,2013,REG,11,2013-11-17,MIN,SEA,20.0,41.0,13.0,45.0,61.0,0,Jerome Boger,HF,win,8.0,over
2013_11_NE_CAR,2013,REG,11,2013-11-18,NE,CAR,20.0,24.0,3.0,46.5,44.0,0,Clete Blakeman,HF,win,1.0,under
2013_11_NYJ_BUF,2013,REG,11,2013-11-17,NYJ,BUF,14.0,37.0,-1.0,39.5,51.0,1,Bill Leavy,AF,loss,-24.0,over
2013_11_OAK_HOU,2013,REG,11,2013-11-17,OAK,HOU,28.0,23.0,10.5,41.0,51.0,0,Ron Winter,HF,loss,-15.5,over
2013_11_SD_MIA,2013,REG,11,2013-11-17,SD,MIA,16.0,20.0,-2.5,44.0,36.0,0,Peter Morelli,AF,loss,-6.5,under
2013_11_SF_NO,2013,REG,11,2013-11-17,SF,NO,20.0,23.0,3.5,50.0,43.0,0,Tony Corrente,HF,loss,-0.5,under
2013_11_WAS_PHI,2013,REG,11,2013-11-17,WAS,PHI,16.0,24.0,4.5,54.5,40.0,1,Walt Coleman,HF,win,3.5,under
2013_12_CAR_MIA,2013,REG,12,2013-11-24,CAR,MIA,20.0,16.0,-4.5,40.0,36.0,0,Scott Green,AF,loss,-0.5,under
2013_12_CHI_STL,2013,REG,12,2013-11-24,CHI,STL,21.0,42.0,1.0,46.0,63.0,0,Jerome Boger,HF,win,20.0,over
2013_12_DAL_NYG,2013,REG,12,2013-11-24,DAL,NYG,24.0,21.0,1.0,44.5,45.0,1,Walt Anderson,HF,loss,-4.0,over
2013_12_DEN_NE,2013,REG,12,2013-11-24,DEN,NE,31.0,34.0,1.0,54.0,65.0,0,Gene Steratore,HF,win,2.0,over
2013_12_IND_ARI,2013,REG,12,2013-11-24,IND,ARI,11.0,40.0,3.5,44.5,51.0,0,Bill Leavy,HF,win,25.5,over
2013_12_JAX_HOU,2013,REG,12,2013-11-24,JAX,HOU,13.0,6.0,10.5,44.0,19.0,1,Mike Carey,HF,loss,-17.5,under
2013_12_MIN_GB,2013,REG,12,2013-11-24,MIN,GB,26.0,26.0,6.0,44.5,52.0,1,Bill Vinovich,HF,loss,-6.0,over
2013_12_NO_ATL,2013,REG,12,2013-11-21,NO,ATL,17.0,13.0,-7.5,52.5,30.0,1,Ron Winter,AF,loss,-3.5,under
2013_12_NYJ_BAL,2013,REG,12,2013-11-24,NYJ,BAL,3.0,19.0,4.0,38.0,22.0,0,Jeff Triplette,HF,win,12.0,under
2013_12_PIT_CLE,2013,REG,12,2013-11-24,PIT,CLE,27.0,11.0,2.5,40.0,38.0,1,Terry McAulay,HF,loss,-18.5,under
2013_12_SD_KC,2013,REG,12,2013-11-24,SD,KC,41.0,38.0,3.5,43.0,79.0,1,Walt Coleman,HF,loss,-6.5,over
2013_12_SF_WAS,2013,REG,12,2013-11-25,SF,WAS,27.0,6.0,-5.5,45.5,33.0,0,John Parry,AF,win,15.5,under
2013_12_TB_DET,2013,REG,12,2013-11-24,TB,DET,24.0,21.0,7.0,48.5,45.0,0,Clete Blakeman,HF,loss,-10.0,under
2013_12_TEN_OAK,2013,REG,12,2013-11-24,TEN,OAK,23.0,19.0,-2.5,42.0,42.0,0,Carl Cheffers,AF,win,1.5,push
2013_13_ARI_PHI,2013,REG,13,2013-12-01,ARI,PHI,21.0,24.0,3.5,48.0,45.0,0,Tony Corrente,HF,loss,-0.5,under
2013_13_ATL_BUF,2013,REG,13,2013-12-01,ATL,BUF,34.0,31.0,5.0,48.0,65.0,0,Walt Anderson,HF,loss,-8.0,over
2013_13_CHI_MIN,2013,REG,13,2013-12-01,CHI,MIN,20.0,23.0,2.5,48.5,43.0,1,Carl Cheffers,HF,win,0.5,under
2013_13_CIN_SD,2013,REG,13,2013-12-01,CIN,SD,17.0,10.0,-2.5,48.5,27.0,0,John Parry,AF,win,4.5,under
2013_13_DEN_KC,2013,REG,13,2013-12-01,DEN,KC,35.0,28.0,-5.0,50.5,63.0,1,Terry McAulay,AF,win,2.0,over
2013_13_GB_DET,2013,REG,13,2013-11-28,GB,DET,10.0,40.0,7.0,48.5,50.0,1,Gene Steratore,HF,win,23.0,over
2013_13_JAX_CLE,2013,REG,13,2013-12-01,JAX,CLE,32.0,28.0,7.5,39.5,60.0,0,Bill Leavy,HF,loss,-11.5,over
2013_13_MIA_NYJ,2013,REG,13,2013-12-01,MIA,NYJ,23.0,3.0,-1.0,39.5,26.0,1,Mike Carey,AF,win,19.0,under
2013_13_NE_HOU,2013,REG,13,2013-12-01,NE,HOU,34.0,31.0,-7.0,49.5,65.0,0,Peter Morelli,AF,loss,-4.0,over
2013_13_NO_SEA,2013,REG,13,2013-12-02,NO,SEA,7.0,34.0,6.5,48.5,41.0,0,Ed Hochuli,HF,win,20.5,under
2013_13_NYG_WAS,2013,REG,13,2013-12-01,NYG,WAS,24.0,17.0,1.0,45.5,41.0,1,Jeff Triplette,HF,loss,-8.0,under
2013_13_OAK_DAL,2013,REG,13,2013-11-28,OAK,DAL,24.0,31.0,10.0,49.5,55.0,0,Scott Green,HF,loss,-3.0,over
2013_13_PIT_BAL,2013,REG,13,2013-11-28,PIT,BAL,20.0,22.0,3.0,40.5,42.0,1,Clete Blakeman,HF,loss,-1.0,over
2013_13_STL_SF,2013,REG,13,2013-12-01,STL,SF,13.0,23.0,7.5,40.5,36.0,1,Bill Vinovich,HF,win,2.5,under
2013_13_TB_CAR,2013,REG,13,2013-12-01,TB,CAR,6.0,27.0,7.5,41.0,33.0,1,Ron Winter,HF,win,13.5,under
2013_13_TEN_IND,2013,REG,13,2013-12-01,TEN,IND,14.0,22.0,3.5,46.0,36.0,1,Walt Coleman,HF,win,4.5,under
2013_14_ATL_GB,2013,REG,14,2013-12-08,ATL,GB,21.0,22.0,3.5,47.0,43.0,0,Bill Leavy,HF,loss,-2.5,under
2013_14_BUF_TB,2013,REG,14,2013-12-08,BUF,TB,6.0,27.0,3.0,42.5,33.0,0,Bill Vinovich,HF,win,18.0,under
2013_14_CAR_NO,2013,REG,14,2013-12-08,CAR,NO,13.0,31.0,3.0,47.0,44.0,1,Walt Anderson,HF,win,15.0,under
2013_14_CLE_NE,2013,REG,14,2013-12-08,CLE,NE,26.0,27.0,9.5,47.5,53.0,0,Jerome Boger,HF,loss,-8.5,over
2013_14_DAL_CHI,2013,REG,14,2013-12-09,DAL,CHI,28.0,45.0,2.0,49.0,73.0,0,Terry McAulay,HF,win,15.0,over
2013_14_DET_PHI,2013,REG,14,2013-12-08,DET,PHI,20.0,34.0,2.5,54.0,54.0,0,Ed Hochuli,HF,win,11.5,push
2013_14_HOU_JAX,2013,REG,14,2013-12-05,HOU,JAX,20.0,27.0,-3.0,43.5,47.0,1,Tony Corrente,AF,loss,-10.0,over
2013_14_IND_CIN,2013,REG,14,2013-12-08,IND,CIN,28.0,42.0,7.0,43.0,70.0,0,Jeff Triplette,HF,win,7.0,over
2013_14_KC_WAS,2013,REG,14,2013-12-08,KC,WAS,45.0,10.0,-3.5,44.0,55.0,0,Carl Cheffers,AF,win,31.5,over
2013_14_MIA_PIT,2013,REG,14,2013-12-08,MIA,PIT,34.0,28.0,3.0,40.5,62.0,0,John Parry,HF,loss,-9.0,over
2013_14_MIN_BAL,2013,REG,14,2013-12-08,MIN,BAL,26.0,29.0,6.0,41.5,55.0,0,Peter Morelli,HF,loss,-3.0,over
2013_14_NYG_SD,2013,REG,14,2013-12-08,NYG,SD,14.0,37.0,4.5,46.5,51.0,0,Ron Winter,HF,win,18.5,over
2013_14_OAK_NYJ,2013,REG,14,2013-12-08,OAK,NYJ,27.0,37.0,3.0,39.0,64.0,0,Gene Steratore,HF,win,7.0,over
2013_14_SEA_SF,2013,REG,14,2013-12-08,SEA,SF,17.0,19.0,2.5,41.0,36.0,1,Clete Blakeman,HF,loss,-0.5,under
2013_14_STL_ARI,2013,REG,14,2013-12-08,STL,ARI,10.0,30.0,4.0,41.0,40.0,1,Walt Coleman,HF,win,16.0,under
2013_14_TEN_DEN,2013,REG,14,2013-12-08,TEN,DEN,28.0,51.0,13.0,49.5,79.0,0,Scott Green,HF,win,10.0,over
2013_15_ARI_TEN,2013,REG,15,2013-12-15,ARI,TEN,37.0,34.0,-3.0,43.0,71.0,0,Peter Morelli,AF,push,0.0,over
2013_15_BAL_DET,2013,REG,15,2013-12-16,BAL,DET,18.0,16.0,4.5,49.0,34.0,0,Carl Cheffers,HF,loss,-6.5,under
2013_15_BUF_JAX,2013,REG,15,2013-12-15,BUF,JAX,27.0,20.0,-4.0,43.0,47.0,0,Ron Winter,AF,win,3.0,over
2013_15_CHI_CLE,2013,REG,15,2013-12-15,CHI,CLE,38.0,31.0,1.0,43.5,69.0,0,Jeff Triplette,HF,loss,-8.0,over
2013_15_CIN_PIT,2013,REG,15,2013-12-15,CIN,PIT,20.0,30.0,-2.0,44.0,50.0,1,Ed Hochuli,AF,loss,-12.0,over
2013_15_GB_DAL,2013,REG,15,2013-12-15,GB,DAL,37.0,36.0,4.0,49.5,73.0,0,Walt Coleman,HF,loss,-5.0,over
2013_15_HOU_IND,2013,REG,15,2013-12-15,HOU,IND,3.0,25.0,6.0,47.0,28.0,1,Jerome Boger,HF,win,16.0,under
2013_15_KC_OAK,2013,REG,15,2013-12-15,KC,OAK,56.0,31.0,-6.5,44.0,87.0,1,Clete Blakeman,AF,win,18.5,over
2013_15_NE_MIA,2013,REG,15,2013-12-15,NE,MIA,20.0,24.0,2.5,46.5,44.0,1,Tony Corrente,HF,win,1.5,under
2013_15_NO_STL,2013,REG,15,2013-12-15,NO,STL,16.0,27.0,-6.5,48.0,43.0,0,Mike Carey,AF,loss,-17.5,under
2013_15_NYJ_CAR,2013,REG,15,2013-12-15,NYJ,CAR,20.0,30.0,10.0,40.5,50.0,0,Terry McAulay,HF,push,0.0,over
2013_15_PHI_MIN,2013,REG,15,2013-12-15,PHI,MIN,30.0,48.0,-6.5,53.0,78.0,0,Walt Anderson,AF,loss,-24.5,over
2013_15_SD_DEN,2013,REG,15,2013-12-12,SD,DEN,27.0,20.0,10.0,56.5,47.0,1,Bill Vinovich,HF,loss,-17.0,under
2013_15_SEA_NYG,2013,REG,15,2013-12-15,SEA,NYG,23.0,0.0,-9.5,43.5,23.0,0,Bill Leavy,AF,win,13.5,under
2013_15_SF_TB,2013,REG,15,2013-12-15,SF,TB,33.0,14.0,-4.5,41.0,47.0,0,Scott Green,AF,win,14.5,over
2013_15_WAS_ATL,2013,REG,15,2013-12-15,WAS,ATL,26.0,27.0,5.5,50.0,53.0,0,Gene Steratore,HF,loss,-4.5,over
2013_16_ARI_SEA,2013,REG,16,2013-12-22,ARI,SEA,17.0,10.0,8.0,42.5,27.0,1,Scott Green,HF,loss,-15.0,under
2013_16_ATL_SF,2013,REG,16,2013-12-23,ATL,SF,24.0,34.0,15.5,46.0,58.0,0,Walt Coleman,HF,loss,-5.5,over
2013_16_CHI_PHI,2013,REG,16,2013-12-22,CHI,PHI,11.0,54.0,2.5,53.5,65.0,0,Mike Carey,HF,win,40.5,over
2013_16_CLE_NYJ,2013,REG,16,2013-12-22,CLE,NYJ,13.0,24.0,2.5,41.5,37.0,0,Peter Morelli,HF,win,8.5,under
2013_16_DAL_WAS,2013,REG,16,2013-12-22,DAL,WAS,24.0,23.0,-3.0,51.0,47.0,1,Bill Leavy,AF,loss,-2.0,under
2013_16_DEN_HOU,2013,REG,16,2013-12-22,DEN,HOU,37.0,13.0,-9.0,53.0,50.0,0,Ed Hochuli,AF,win,15.0,under
2013_16_IND_KC,2013,REG,16,2013-12-22,IND,KC,23.0,7.0,7.5,46.5,30.0,0,Tony Corrente,HF,loss,-23.5,under
2013_16_MIA_BUF,2013,REG,16,2013-12-22,MIA,BUF,0.0,19.0,1.0,42.0,19.0,1,Clete Blakeman,HF,win,18.0,under
2013_16_MIN_CIN,2013,REG,16,2013-12-22,MIN,CIN,14.0,42.0,7.5,48.0,56.0,0,Terry McAulay,HF,win,20.5,over
2013_16_NE_BAL,2013,REG,16,2013-12-22,NE,BAL,41.0,7.0,-1.0,45.0,48.0,0,Ron Winter,AF,win,33.0,over
2013_16_NO_CAR,2013,REG,16,2013-12-22,NO,CAR,13.0,17.0,3.5,44.5,30.0,1,Gene Steratore,HF,win,0.5,under
2013_16_NYG_DET,2013,REG,16,2013-12-22,NYG,DET,23.0,20.0,9.5,47.0,43.0,0,Jerome Boger,HF,loss,-12.5,under
2013_16_OAK_SD,2013,REG,16,2013-12-22,OAK,SD,13.0,26.0,10.0,50.0,39.0,1,Walt Anderson,HF,win,3.0,under
2013_16_PIT_GB,2013,REG,16,2013-12-22,PIT,GB,38.0,31.0,-1.0,43.5,69.0,0,Carl Cheffers,AF,win,6.0,over
2013_16_TB_STL,2013,REG,16,2013-12-22,TB,STL,13.0,23.0,3.5,43.0,36.0,0,John Parry,HF,win,6.5,under
2013_16_TEN_JAX,2013,REG,16,2013-12-22,TEN,JAX,20.0,16.0,-4.0,44.0,36.0,1,Bill Vinovich,AF,push,0.0,under
2013_17_BAL_CIN,2013,REG,17,2013-12-29,BAL,CIN,17.0,34.0,6.5,43.0,51.0,1,Scott Green,HF,win,10.5,over
2013_17_BUF_NE,2013,REG,17,2013-12-29,BUF,NE,20.0,34.0,7.5,46.5,54.0,1,Ed Hochuli,HF,win,6.5,over
2013_17_CAR_ATL,2013,REG,17,2013-12-29,CAR,ATL,21.0,20.0,-5.5,46.5,41.0,1,John Parry,AF,loss,-4.5,under
2013_17_CLE_PIT,2013,REG,17,2013-12-29,CLE,PIT,7.0,20.0,9.5,44.5,27.0,1,Mike Carey,HF,win,3.5,under
2013_17_DEN_OAK,2013,REG,17,2013-12-29,DEN,OAK,34.0,14.0,-10.0,53.5,48.0,1,Ron Winter,AF,win,10.0,under
2013_17_DET_MIN,2013,REG,17,2013-12-29,DET,MIN,13.0,14.0,-2.5,50.0,27.0,1,Tony Corrente,AF,loss,-3.5,under
2013_17_GB_CHI,2013,REG,17,2013-12-29,GB,CHI,33.0,28.0,-3.0,51.0,61.0,1,Clete Blakeman,AF,win,2.0,over
2013_17_HOU_TEN,2013,REG,17,2013-12-29,HOU,TEN,10.0,16.0,7.0,44.5,26.0,1,Terry McAulay,HF,loss,-1.0,under
2013_17_JAX_IND,2013,REG,17,2013-12-29,JAX,IND,10.0,30.0,11.0,45.0,40.0,1,Peter Morelli,HF,win,9.0,under
2013_17_KC_SD,2013,REG,17,2013-12-29,KC,SD,24.0,27.0,15.5,45.0,51.0,1,Bill Leavy,HF,loss,-12.5,over
2013_17_NYJ_MIA,2013,REG,17,2013-12-29,NYJ,MIA,20.0,7.0,7.5,41.0,27.0,1,Jerome Boger,HF,loss,-20.5,under
2013_17_PHI_DAL,2013,REG,17,2013-12-29,PHI,DAL,24.0,22.0,-7.5,54.0,46.0,1,Gene Steratore,AF,loss,-5.5,under
2013_17_SF_ARI,2013,REG,17,2013-12-29,SF,ARI,23.0,20.0,3.0,41.0,43.0,1,Walt Anderson,HF,loss,-6.0,over
2013_17_STL_SEA,2013,REG,17,2013-12-29,STL,SEA,9.0,27.0,13.0,41.0,36.0,1,Jeff Triplette,HF,win,5.0,under
2013_17_TB_NO,2013,REG,17,2013-12-29,TB,NO,17.0,42.0,11.0,47.0,59.0,1,Carl Cheffers,HF,win,14.0,over
2013_17_WAS_NYG,2013,REG,17,2013-12-29,WAS,NYG,6.0,20.0,3.5,44.0,26.0,1,Bill Vinovich,HF,win,10.5,under
2013_18_KC_IND,2013,WC,18,2014-01-04,KC,IND,44.0,45.0,-2.0,48.0,89.0,0,Walt Anderson,AF,loss,-3.0,over
2013_18_NO_PHI,2013,WC,18,2014-01-04,NO,PHI,26.0,24.0,3.0,55.5,50.0,0,Bill Vinovich,HF,loss,-5.0,under
2013_18_SD_CIN,2013,WC,18,2014-01-05,SD,CIN,27.0,10.0,6.5,47.5,37.0,0,Jeff Triplette,HF,loss,-23.5,under
2013_18_SF_GB,2013,WC,18,2014-01-05,SF,GB,23.0,20.0,-3.0,46.5,43.0,0,Ed Hochuli,AF,push,0.0,under
2013_19_IND_NE,2013,DIV,19,2014-01-11,IND,NE,22.0,43.0,7.5,51.0,65.0,0,Peter Morelli,HF,win,13.5,over
2013_19_NO_SEA,2013,DIV,19,2014-01-11,NO,SEA,15.0,23.0,10.0,44.0,38.0,0,Terry McAulay,HF,loss,-2.0,under
2013_19_SD_DEN,2013,DIV,19,2014-01-12,SD,DEN,17.0,24.0,8.0,55.0,41.0,1,Clete Blakeman,HF,loss,-1.0,under
2013_20_NE_DEN,2013,CON,20,2014-01-19,NE,DEN,16.0,26.0,5.0,56.5,42.0,0,Tony Corrente,HF,win,5.0,under
2013_20_SF_SEA,2013,CON,20,2014-01-19,SF,SEA,17.0,23.0,4.0,40.0,40.0,1,Gene Steratore,HF,win,2.0,push
2013_21_SEA_DEN,2013,SB,21,2014-02-02,SEA,DEN,43.0,8.0,1.5,47.0,51.0,0,Terry McAulay,HF,loss,-36.5,over
2014_01_BUF_CHI,2014,REG,1,2014-09-07,BUF,CHI,23.0,20.0,7.0,47.0,43.0,0,Brad Allen,HF,loss,-10.0,under
2014_01_CAR_TB,2014,REG,1,2014-09-07,CAR,TB,20.0,14.0,5.5,38.5,34.0,1,Peter Morelli,HF,loss,-11.5,under
2014_01_CIN_BAL,2014,REG,1,2014-09-07,CIN,BAL,23.0,16.0,1.0,43.5,39.0,1,Gene Stetatore,HF,loss,-8.0,under
2014_01_CLE_PIT,2014,REG,1,2014-09-07,CLE,PIT,27.0,30.0,5.5,41.5,57.0,1,Carl Cheffers,HF,loss,-2.5,over
2014_01_GB_SEA,2014,REG,1,2014-09-04,GB,SEA,16.0,36.0,4.5,46.5,52.0,0,John Parry,HF,win,15.5,over
2014_01_IND_DEN,2014,REG,1,2014-09-07,IND,DEN,24.0,31.0,8.0,52.5,55.0,0,Tony Corrente,HF,loss,-1.0,over
2014_01_JAX_PHI,2014,REG,1,2014-09-07,JAX,PHI,17.0,34.0,10.0,49.0,51.0,0,Jeff Triplette,HF,win,7.0,over
2014_01_MIN_STL,2014,REG,1,2014-09-07,MIN,STL,34.0,6.0,3.0,43.5,40.0,0,Ed Hochuli,HF,loss,-31.0,under
2014_01_NE_MIA,2014,REG,1,2014-09-07,NE,MIA,20.0,33.0,-3.5,47.5,53.0,1,Walt Anderson,AF,loss,-16.5,over
2014_01_NO_ATL,2014,REG,1,2014-09-07,NO,ATL,34.0,37.0,-3.0,51.0,71.0,1,Bill Leavy,AF,loss,-6.0,over
2014_01_NYG_DET,2014,REG,1,2014-09-08,NYG,DET,14.0,35.0,6.5,45.0,49.0,0,Clete Blakeman,HF,win,14.5,over
2014_01_OAK_NYJ,2014,REG,1,2014-09-07,OAK,NYJ,14.0,19.0,6.5,41.0,33.0,0,Craig Wrolstad,HF,loss,-1.5,under
2014_01_SD_ARI,2014,REG,1,2014-09-08,SD,ARI,17.0,18.0,3.0,45.5,35.0,0,Bill Vinovich,HF,loss,-2.0,under
2014_01_SF_DAL,2014,REG,1,2014-09-07,SF,DAL,28.0,17.0,-3.5,49.0,45.0,0,Terry McAulay,AF,win,7.5,under
2014_01_TEN_KC,2014,REG,1,2014-09-07,TEN,KC,26.0,10.0,3.0,45.5,36.0,0,Ronald Torbert,HF,loss,-19.0,under
2014_01_WAS_HOU,2014,REG,1,2014-09-07,WAS,HOU,6.0,17.0,3.0,43.5,23.0,0,Jerome Boger,HF,win,8.0,under
2014_02_ARI_NYG,2014,REG,2,2014-09-14,ARI,NYG,25.0,14.0,1.0,41.5,39.0,0,John Parry,HF,loss,-12.0,under
2014_02_ATL_CIN,2014,REG,2,2014-09-14,ATL,CIN,10.0,24.0,5.5,48.5,34.0,0,Bill Vinovich,HF,win,8.5,under
2014_02_CHI_SF,2014,REG,2,2014-09-14,CHI,SF,28.0,20.0,7.0,47.0,48.0,0,Carl Cheffers,HF,loss,-15.0,over
2014_02_DAL_TEN,2014,REG,2,2014-09-14,DAL,TEN,26.0,10.0,3.0,49.5,36.0,0,Walt Coleman,HF,loss,-19.0,under
2014_02_DET_CAR,2014,REG,2,2014-09-14,DET,CAR,7.0,24.0,1.0,43.5,31.0,0,Jerome Boger,HF,win,16.0,under
2014_02_HOU_OAK,2014,REG,2,2014-09-14,HOU,OAK,30.0,14.0,-3.0,41.0,44.0,0,Brad Allen,AF,win,13.0,over
2014_02_JAX_WAS,2014,REG,2,2014-09-14,JAX,WAS,10.0,41.0,5.0,43.0,51.0,0,Ronald Torbert,HF,win,26.0,over
2014_02_KC_DEN,2014,REG,2,2014-09-14,KC,DEN,17.0,24.0,13.0,49.0,41.0,1,Gene Steratore,HF,loss,-6.0,under
2014_02_MIA_BUF,2014,REG,2,2014-09-14,MIA,BUF,10.0,29.0,1.0,43.0,39.0,1,Clete Blakeman,HF,win,18.0,under
2014_02_NE_MIN,2014,REG,2,2014-09-14,NE,MIN,30.0,7.0,-3.5,49.0,37.0,0,Tony Corrente,AF,win,19.5,under
2014_02_NO_CLE,2014,REG,2,2014-09-14,NO,CLE,24.0,26.0,-4.5,49.5,50.0,0,Craig Wrolstad,AF,loss,-6.5,over
2014_02_NYJ_GB,2014,REG,2,2014-09-14,NYJ,GB,24.0,31.0,7.0,46.5,55.0,0,Walt Anderson,HF,push,0.0,over
2014_02_PHI_IND,2014,REG,2,2014-09-15,PHI,IND,30.0,27.0,3.0,53.5,57.0,0,Terry McAulay,HF,loss,-6.0,over
2014_02_PIT_BAL,2014,REG,2,2014-09-11,PIT,BAL,6.0,26.0,2.5,44.0,32.0,1,Ed Hochuli,HF,win,17.5,under
2014_02_SEA_SD,2014,REG,2,2014-09-14,SEA,SD,21.0,30.0,-4.5,45.0,51.0,0,Peter Morelli,AF,loss,-13.5,over
2014_02_STL_TB,2014,REG,2,2014-09-14,STL,TB,19.0,17.0,4.0,37.5,36.0,0,Jeff Triplette,HF,loss,-6.0,under
2014_03_BAL_CLE,2014,REG,3,2014-09-21,BAL,CLE,23.0,21.0,-2.0,43.0,44.0,1,Bill Leavy,AF,push,0.0,over
2014_03_CHI_NYJ,2014,REG,3,2014-09-22,CHI,NYJ,27.0,19.0,1.5,44.5,46.0,0,Jerome Boger,HF,loss,-9.5,over
2014_03_DAL_STL,2014,REG,3,2014-09-21,DAL,STL,34.0,31.0,-1.5,45.0,65.0,0,Clete Blakeman,AF,win,1.5,over
2014_03_DEN_SEA,2014,REG,3,2014-09-21,DEN,SEA,20.0,26.0,4.0,48.0,46.0,0,Bill Vinovich,HF,win,2.0,under
2014_03_GB_DET,2014,REG,3,2014-09-21,GB,DET,7.0,19.0,1.5,51.0,26.0,1,Carl Cheffers,HF,win,10.5,under
2014_03_HOU_NYG,2014,REG,3,2014-09-21,HOU,NYG,17.0,30.0,1.0,41.5,47.0,0,Terry McAulay,HF,win,12.0,over
2014_03_IND_JAX,2014,REG,3,2014-09-21,IND,JAX,44.0,17.0,-6.0,45.5,61.0,1,Walt Coleman,AF,win,21.0,over
2014_03_KC_MIA,2014,REG,3,2014-09-21,KC,MIA,34.0,15.0,6.0,43.0,49.0,0,Jeff Triplette,HF,loss,-25.0,over
2014_03_MIN_NO,2014,REG,3,2014-09-21,MIN,NO,9.0,20.0,10.0,49.5,29.0,0,Walt Anderson,HF,win,1.0,under
2014_03_OAK_NE,2014,REG,3,2014-09-21,OAK,NE,9.0,16.0,14.0,47.5,25.0,0,Peter Morelli,HF,loss,-7.0,under
2014_03_PIT_CAR,2014,REG,3,2014-09-21,PIT,CAR,37.0,19.0,3.0,42.5,56.0,0,Ronald Torbert,HF,loss,-21.0,over
2014_03_SD_BUF,2014,REG,3,2014-09-21,SD,BUF,22.0,10.0,2.5,45.5,32.0,0,John Parry,HF,loss,-14.5,under
2014_03_SF_ARI,2014,REG,3,2014-09-21,SF,ARI,14.0,23.0,-3.0,41.0,37.0,1,Gene Steratore,AF,loss,-12.0,under
2014_03_TB_ATL,2014,REG,3,2014-09-18,TB,ATL,14.0,56.0,6.5,47.0,70.0,1,Craig Wrolstad,HF,win,35.5,over
2014_03_TEN_CIN,2014,REG,3,2014-09-21,TEN,CIN,7.0,33.0,6.5,44.5,40.0,0,Brad Allen,HF,win,19.5,under
2014_03_WAS_PHI,2014,REG,3,2014-09-21,WAS,PHI,34.0,37.0,4.0,50.5,71.0,1,Tony Corrente,HF,loss,-1.0,over
2014_04_ATL_MIN,2014,REG,4,2014-09-28,ATL,MIN,28.0,41.0,-5.5,48.0,69.0,0,Ronald Torbert,AF,loss,-18.5,over
2014_04_BUF_HOU,2014,REG,4,2014-09-28,BUF,HOU,17.0,23.0,3.0,44.0,40.0,0,Bill Vinovich,HF,win,3.0,under
2014_04_CAR_BAL,2014,REG,4,2014-09-28,CAR,BAL,10.0,38.0,3.5,42.5,48.0,0,Craig Wrolstad,HF,win,24.5,over
2014_04_DET_NYJ,2014,REG,4,2014-09-28,DET,NYJ,24.0,17.0,2.0,43.5,41.0,0,Walt Coleman,HF,loss,-9.0,under
2014_04_GB_CHI,2014,REG,4,2014-09-28,GB,CHI,38.0,17.0,-2.0,51.0,55.0,1,Terry McAulay,AF,win,19.0,over
2014_04_JAX_SD,2014,REG,4,2014-09-28,JAX,SD,14.0,33.0,13.0,45.0,47.0,0,Clete Blakeman,HF,win,6.0,over
2014_04_MIA_OAK,2014,REG,4,2014-09-28,MIA,OAK,38.0,14.0,-4.0,41.0,52.0,0,Bill Leavy,AF,win,20.0,over
2014_04_NE_KC,2014,REG,4,2014-09-29,NE,KC,14.0,41.0,-3.0,45.0,55.0,0,John Parry,AF,loss,-30.0,over
2014_04_NO_DAL,2014,REG,4,2014-09-28,NO,DAL,17.0,38.0,-3.0,53.5,55.0,0,Gene Steratore,AF,loss,-24.0,over
2014_04_NYG_WAS,2014,REG,4,2014-09-25,NYG,WAS,45.0,14.0,3.0,44.5,59.0,1,Carl Cheffers,HF,loss,-34.0,over
2014_04_PHI_SF,2014,REG,4,2014-09-28,PHI,SF,21.0,26.0,3.5,48.5,47.0,0,Ed Hochuli,HF,win,1.5,under
2014_04_TB_PIT,2014,REG,4,2014-09-28,TB,PIT,27.0,24.0,7.5,44.5,51.0,0,Walt Anderson,HF,loss,-10.5,over
2014_04_TEN_IND,2014,REG,4,2014-09-28,TEN,IND,17.0,41.0,7.5,45.5,58.0,1,Jerome Boger,HF,win,16.5,over
2014_05_ARI_DEN,2014,REG,5,2014-10-05,ARI,DEN,20.0,41.0,8.0,47.0,61.0,0,Bill Leavy,HF,win,13.0,over
2014_05_ATL_NYG,2014,REG,5,2014-10-05,ATL,NYG,20.0,30.0,4.0,50.5,50.0,0,Ed Hochuli,HF,win,6.0,under
2014_05_BAL_IND,2014,REG,5,2014-10-05,BAL,IND,13.0,20.0,2.5,49.5,33.0,0,Walt Anderson,HF,win,4.5,under
2014_05_BUF_DET,2014,REG,5,2014-10-05,BUF,DET,17.0,14.0,4.5,43.0,31.0,0,Craig Wrolstad,HF,loss,-7.5,under
2014_05_CHI_CAR,2014,REG,5,2014-10-05,CHI,CAR,24.0,31.0,1.5,46.5,55.0,0,Tony Corrente,HF,win,5.5,over
2014_05_CIN_NE,2014,REG,5,2014-10-05,CIN,NE,17.0,43.0,-2.5,46.0,60.0,0,Jerome Boger,AF,loss,-28.5,over
2014_05_CLE_TEN,2014,REG,5,2014-10-05,CLE,TEN,29.0,28.0,-1.0,44.5,57.0,0,Gene Steratore,AF,push,0.0,over
2014_05_HOU_DAL,2014,REG,5,2014-10-05,HOU,DAL,17.0,20.0,5.0,47.5,37.0,0,Peter Morelli,HF,loss,-2.0,under
2014_05_KC_SF,2014,REG,5,2014-10-05,KC,SF,17.0,22.0,4.0,43.5,39.0,0,Walt Coleman,HF,win,1.0,under
2014_05_MIN_GB,2014,REG,5,2014-10-02,MIN,GB,10.0,42.0,8.5,46.5,52.0,1,Brad Allen,HF,win,23.5,over
2014_05_NYJ_SD,2014,REG,5,2014-10-05,NYJ,SD,0.0,31.0,7.0,44.5,31.0,0,Ronald Torbert,HF,win,24.0,under
2014_05_PIT_JAX,2014,REG,5,2014-10-05,PIT,JAX,17.0,9.0,-6.0,47.0,26.0,0,Terry McAulay,AF,win,2.0,under
2014_05_SEA_WAS,2014,REG,5,2014-10-06,SEA,WAS,27.0,17.0,-7.0,45.5,44.0,0,Jeff Triplette,AF,win,3.0,under
2014_05_STL_PHI,2014,REG,5,2014-10-05,STL,PHI,28.0,34.0,3.5,48.0,62.0,0,Bill Vinovich,HF,win,2.5,over
2014_05_TB_NO,2014,REG,5,2014-10-05,TB,NO,31.0,37.0,11.0,47.5,68.0,1,Carl Cheffers,HF,loss,-5.0,over
2014_06_BAL_TB,2014,REG,6,2014-10-12,BAL,TB,48.0,17.0,-3.5,44.0,65.0,0,Jerome Boger,AF,win,27.5,over
2014_06_CAR_CIN,2014,REG,6,2014-10-12,CAR,CIN,37.0,37.0,7.0,43.5,74.0,0,Carl Cheffers,HF,loss,-7.0,over
2014_06_CHI_ATL,2014,REG,6,2014-10-12,CHI,ATL,27.0,13.0,3.5,55.5,40.0,0,Walt Anderson,HF,loss,-17.5,under
2014_06_DAL_SEA,2014,REG,6,2014-10-12,DAL,SEA,30.0,23.0,10.0,47.0,53.0,0,Bill Leavy,HF,loss,-17.0,over
2014_06_DEN_NYJ,2014,REG,6,2014-10-12,DEN,NYJ,31.0,17.0,-10.0,47.0,48.0,0,Brad Allen,AF,win,4.0,over
2014_06_DET_MIN,2014,REG,6,2014-10-12,DET,MIN,17.0,3.0,1.0,43.0,20.0,1,John Parry,HF,loss,-15.0,under
2014_06_GB_MIA,2014,REG,6,2014-10-12,GB,MIA,27.0,24.0,-1.5,46.5,51.0,0,Bill Vinovich,AF,win,1.5,over
2014_06_IND_HOU,2014,REG,6,2014-10-09,IND,HOU,33.0,28.0,-2.5,46.0,61.0,1,Ronald Torbert,AF,win,2.5,over
2014_06_JAX_TEN,2014,REG,6,2014-10-12,JAX,TEN,14.0,16.0,4.0,42.5,30.0,1,Jeff Triplette,HF,loss,-2.0,under
2014_06_NE_BUF,2014,REG,6,2014-10-12,NE,BUF,37.0,22.0,1.0,44.0,59.0,1,Walt Coleman,HF,loss,-16.0,over
2014_06_NYG_PHI,2014,REG,6,2014-10-12,NYG,PHI,0.0,27.0,1.0,50.5,27.0,1,Clete Blakeman,HF,win,26.0,under
2014_06_PIT_CLE,2014,REG,6,2014-10-12,PIT,CLE,10.0,31.0,2.5,46.5,41.0,1,Peter Morelli,HF,win,18.5,under
2014_06_SD_OAK,2014,REG,6,2014-10-12,SD,OAK,31.0,28.0,-7.0,43.5,59.0,1,Tony Corrente,AF,loss,-4.0,over
2014_06_SF_STL,2014,REG,6,2014-10-13,SF,STL,31.0,17.0,-3.5,44.0,48.0,1,Craig Wrolstad,AF,win,10.5,over
2014_06_WAS_ARI,2014,REG,6,2014-10-12,WAS,ARI,20.0,30.0,5.0,47.0,50.0,0,Ed Hochuli,HF,win,5.0,over
2014_07_ARI_OAK,2014,REG,7,2014-10-19,ARI,OAK,24.0,13.0,-3.5,46.0,37.0,0,Clete Blakeman,AF,win,7.5,under
2014_07_ATL_BAL,2014,REG,7,2014-10-19,ATL,BAL,7.0,29.0,7.0,49.5,36.0,0,Carl Cheffers,HF,win,15.0,under
2014_07_CAR_GB,2014,REG,7,2014-10-19,CAR,GB,17.0,38.0,6.5,48.5,55.0,0,Jeff Triplette,HF,win,14.5,over
2014_07_CIN_IND,2014,REG,7,2014-10-19,CIN,IND,0.0,27.0,3.0,50.5,27.0,0,Gene Steratore,HF,win,24.0,under
2014_07_CLE_JAX,2014,REG,7,2014-10-19,CLE,JAX,6.0,24.0,-4.0,44.5,30.0,0,Tony Corrente,AF,loss,-22.0,under
2014_07_HOU_PIT,2014,REG,7,2014-10-20,HOU,PIT,23.0,30.0,3.0,44.5,53.0,0,Walt Coleman,HF,win,4.0,over
2014_07_KC_SD,2014,REG,7,2014-10-19,KC,SD,23.0,20.0,3.0,46.0,43.0,1,Bill Vinovich,HF,loss,-6.0,under
2014_07_MIA_CHI,2014,REG,7,2014-10-19,MIA,CHI,27.0,14.0,3.0,47.5,41.0,0,Peter Morelli,HF,loss,-16.0,under
2014_07_MIN_BUF,2014,REG,7,2014-10-19,MIN,BUF,16.0,17.0,7.0,43.5,33.0,0,Ed Hochuli,HF,loss,-6.0,under
2014_07_NO_DET,2014,REG,7,2014-10-19,NO,DET,23.0,24.0,1.5,45.5,47.0,0,Terry McAulay,HF,loss,-0.5,over
2014_07_NYG_DAL,2014,REG,7,2014-10-19,NYG,DAL,21.0,31.0,5.0,47.0,52.0,1,Jerome Boger,HF,win,5.0,over
2014_07_NYJ_NE,2014,REG,7,2014-10-16,NYJ,NE,25.0,27.0,9.5,44.5,52.0,1,Bill Leavy,HF,loss,-7.5,over
2014_07_SEA_STL,2014,REG,7,2014-10-19,SEA,STL,26.0,28.0,-7.0,43.5,54.0,1,Brad Allen,AF,loss,-9.0,over
2014_07_SF_DEN,2014,REG,7,2014-10-19,SF,DEN,17.0,42.0,7.0,48.0,59.0,0,John Parry,HF,win,18.0,over
2014_07_TEN_WAS,2014,REG,7,2014-10-19,TEN,WAS,17.0,19.0,6.0,46.0,36.0,0,Walt Anderson,HF,loss,-4.0,under
2014_08_BAL_CIN,2014,REG,8,2014-10-26,BAL,CIN,24.0,27.0,-2.5,44.5,51.0,1,Clete Blakeman,AF,loss,-5.5,over
2014_08_BUF_NYJ,2014,REG,8,2014-10-26,BUF,NYJ,43.0,23.0,3.0,40.0,66.0,1,Gene Steratore,HF,loss,-23.0,over
2014_08_CHI_NE,2014,REG,8,2014-10-26,CHI,NE,23.0,51.0,5.5,51.0,74.0,0,Brad Allen,HF,win,22.5,over
2014_08_DET_ATL,2014,REG,8,2014-10-26,DET,ATL,22.0,21.0,-3.5,45.0,43.0,0,Peter Morelli,AF,loss,-2.5,under
2014_08_GB_NO,2014,REG,8,2014-10-26,GB,NO,23.0,44.0,2.0,55.0,67.0,0,Ed Hochuli,HF,win,19.0,over
2014_08_HOU_TEN,2014,REG,8,2014-10-26,HOU,TEN,30.0,16.0,-3.5,43.0,46.0,1,Bill Leavy,AF,win,10.5,over
2014_08_IND_PIT,2014,REG,8,2014-10-26,IND,PIT,34.0,51.0,-5.0,48.0,85.0,0,John Parry,AF,loss,-22.0,over
2014_08_MIA_JAX,2014,REG,8,2014-10-26,MIA,JAX,27.0,13.0,-7.0,42.0,40.0,0,Jerome Boger,AF,win,7.0,under
2014_08_MIN_TB,2014,REG,8,2014-10-26,MIN,TB,19.0,13.0,1.0,43.0,32.0,0,Craig Wrolstad,HF,loss,-7.0,under
2014_08_OAK_CLE,2014,REG,8,2014-10-26,OAK,CLE,13.0,23.0,6.5,44.5,36.0,0,Ronald Torbert,HF,win,3.5,under
2014_08_PHI_ARI,2014,REG,8,2014-10-26,PHI,ARI,20.0,24.0,1.0,49.0,44.0,0,Walt Anderson,HF,win,3.0,under
2014_08_SD_DEN,2014,REG,8,2014-10-23,SD,DEN,21.0,35.0,9.0,51.0,56.0,1,Terry McAulay,HF,win,5.0,over
2014_08_SEA_CAR,2014,REG,8,2014-10-26,SEA,CAR,13.0,9.0,-6.0,44.5,22.0,0,Walt Coleman,AF,loss,-2.0,under
2014_08_STL_KC,2014,REG,8,2014-10-26,STL,KC,7.0,34.0,7.5,44.5,41.0,0,Jeff Triplette,HF,win,19.5,under
2014_08_WAS_DAL,2014,REG,8,2014-10-27,WAS,DAL,20.0,17.0,9.5,49.0,37.0,1,Tony Corrente,HF,loss,-12.5,under
2014_09_ARI_DAL,2014,REG,9,2014-11-02,ARI,DAL,28.0,17.0,1.5,45.0,45.0,0,Craig Wrolstad,HF,loss,-12.5,push
2014_09_BAL_PIT,2014,REG,9,2014-11-02,BAL,PIT,23.0,43.0,2.5,47.5,66.0,1,Bill Vinovich,HF,win,17.5,over
2014_09_DEN_NE,2014,REG,9,2014-11-02,DEN,NE,21.0,43.0,-3.0,52.5,64.0,0,Walt Anderson,AF,loss,-25.0,over
2014_09_IND_NYG,2014,REG,9,2014-11-03,IND,NYG,40.0,24.0,-3.0,51.0,64.0,0,Carl Cheffers,AF,win,13.0,over
2014_09_JAX_CIN,2014,REG,9,2014-11-02,JAX,CIN,23.0,33.0,10.0,44.0,56.0,0,Ronald Torbert,HF,push,0.0,over
2014_09_NO_CAR,2014,REG,9,2014-10-30,NO,CAR,28.0,10.0,-3.0,48.5,38.0,1,Clete Blakeman,AF,win,15.0,under
2014_09_NYJ_KC,2014,REG,9,2014-11-02,NYJ,KC,10.0,24.0,9.5,41.5,34.0,0,Tony Corrente,HF,win,4.5,under
2014_09_OAK_SEA,2014,REG,9,2014-11-02,OAK,SEA,24.0,30.0,13.5,43.5,54.0,0,Ed Hochuli,HF,loss,-7.5,over
2014_09_PHI_HOU,2014,REG,9,2014-11-02,PHI,HOU,31.0,21.0,-1.5,48.5,52.0,0,John Parry,AF,win,8.5,over
2014_09_SD_MIA,2014,REG,9,2014-11-02,SD,MIA,0.0,37.0,3.0,45.5,37.0,0,Brad Allen,HF,win,34.0,under
2014_09_STL_SF,2014,REG,9,2014-11-02,STL,SF,13.0,10.0,10.5,44.0,23.0,1,Jerome Boger,HF,loss,-13.5,under
2014_09_TB_CLE,2014,REG,9,2014-11-02,TB,CLE,17.0,22.0,7.0,44.0,39.0,0,Terry McAulay,HF,loss,-2.0,under
2014_09_WAS_MIN,2014,REG,9,2014-11-02,WAS,MIN,26.0,29.0,-1.0,43.5,55.0,0,Gene Steratore,AF,loss,-4.0,over
2014_10_ATL_TB,2014,REG,10,2014-11-09,ATL,TB,27.0,17.0,-3.5,47.0,44.0,1,Clete Blakeman,AF,win,6.5,under
2014_10_CAR_PHI,2014,REG,10,2014-11-10,CAR,PHI,21.0,45.0,7.0,48.5,66.0,0,Gene Steratore,HF,win,17.0,over
2014_10_CHI_GB,2014,REG,10,2014-11-09,CHI,GB,14.0,55.0,9.5,53.0,69.0,1,Craig Wrolstad,HF,win,31.5,over
2014_10_CLE_CIN,2014,REG,10,2014-11-06,CLE,CIN,24.0,3.0,6.5,45.5,27.0,1,Jeff Triplette,HF,loss,-27.5,under
2014_10_DAL_JAX,2014,REG,10,2014-11-09,DAL,JAX,31.0,17.0,-7.5,45.0,48.0,0,John Parry,AF,win,6.5,over
2014_10_DEN_OAK,2014,REG,10,2014-11-09,DEN,OAK,41.0,17.0,-13.0,50.5,58.0,1,Carl Cheffers,AF,win,11.0,over
2014_10_KC_BUF,2014,REG,10,2014-11-09,KC,BUF,17.0,13.0,2.0,42.0,30.0,0,Brad Allen,HF,loss,-6.0,under
2014_10_MIA_DET,2014,REG,10,2014-11-09,MIA,DET,16.0,20.0,3.0,43.0,36.0,0,Bill Leavy,HF,win,1.0,under
2014_10_NYG_SEA,2014,REG,10,2014-11-09,NYG,SEA,17.0,38.0,9.0,44.5,55.0,0,Peter Morelli,HF,win,12.0,over
2014_10_PIT_NYJ,2014,REG,10,2014-11-09,PIT,NYJ,13.0,20.0,-4.5,47.0,33.0,0,Terry McAulay,AF,loss,-11.5,under
2014_10_SF_NO,2014,REG,10,2014-11-09,SF,NO,27.0,24.0,6.0,49.5,51.0,0,Bill Vinovich,HF,loss,-9.0,over
2014_10_STL_ARI,2014,REG,10,2014-11-09,STL,ARI,14.0,31.0,7.0,43.0,45.0,1,Ronald Torbert,HF,win,10.0,over
2014_10_TEN_BAL,2014,REG,10,2014-11-09,TEN,BAL,7.0,21.0,10.5,44.5,28.0,0,Walt Coleman,HF,win,3.5,under
2014_11_ATL_CAR,2014,REG,11,2014-11-16,ATL,CAR,19.0,17.0,-2.5,46.5,36.0,1,Walt Anderson,AF,loss,-0.5,under
2014_11_BUF_MIA,2014,REG,11,2014-11-13,BUF,MIA,9.0,22.0,4.0,40.5,31.0,1,Walt Coleman,HF,win,9.0,under
2014_11_CIN_NO,2014,REG,11,2014-11-16,CIN,NO,27.0,10.0,8.5,51.0,37.0,0,Craig Wrolstad,HF,loss,-25.5,under
2014_11_DEN_STL,2014,REG,11,2014-11-16,DEN,STL,7.0,22.0,-8.0,49.5,29.0,0,Tony Corrente,AF,loss,-23.0,under
2014_11_DET_ARI,2014,REG,11,2014-11-16,DET,ARI,6.0,14.0,-1.0,41.5,20.0,0,Jerome Boger,AF,loss,-9.0,under
2014_11_HOU_CLE,2014,REG,11,2014-11-16,HOU,CLE,23.0,7.0,4.5,42.0,30.0,0,Ed Hochuli,HF,loss,-20.5,under
2014_11_MIN_CHI,2014,REG,11,2014-11-16,MIN,CHI,13.0,21.0,2.5,46.5,34.0,1,Ronald Torbert,HF,win,5.5,under
2014_11_NE_IND,2014,REG,11,2014-11-16,NE,IND,42.0,20.0,3.0,58.0,62.0,0,Peter Morelli,HF,loss,-25.0,over
2014_11_OAK_SD,2014,REG,11,2014-11-16,OAK,SD,6.0,13.0,10.5,45.5,19.0,1,Jeff Triplette,HF,loss,-3.5,under
2014_11_PHI_GB,2014,REG,11,2014-11-16,PHI,GB,20.0,53.0,4.5,55.5,73.0,0,Carl Cheffers,HF,win,28.5,over
2014_11_PIT_TEN,2014,REG,11,2014-11-17,PIT,TEN,27.0,24.0,-7.0,46.5,51.0,0,Brad Allen,AF,loss,-4.0,over
2014_11_SEA_KC,2014,REG,11,2014-11-16,SEA,KC,20.0,24.0,-1.0,43.5,44.0,0,Bill Leavy,AF,loss,-5.0,over
2014_11_SF_NYG,2014,REG,11,2014-11-16,SF,NYG,16.0,10.0,-4.0,45.0,26.0,0,Gene Steratore,AF,win,2.0,under
2014_11_TB_WAS,2014,REG,11,2014-11-16,TB,WAS,27.0,7.0,6.5,45.5,34.0,0,Bill Vinovich,HF,loss,-26.5,under
2014_12_ARI_SEA,2014,REG,12,2014-11-23,ARI,SEA,3.0,19.0,7.5,42.0,22.0,1,Gene Steratore,HF,win,8.5,under
2014_12_BAL_NO,2014,REG,12,2014-11-24,BAL,NO,34.0,27.0,2.5,50.5,61.0,0,Bill Leavy,HF,loss,-9.5,over
2014_12_CIN_HOU,2014,REG,12,2014-11-23,CIN,HOU,22.0,13.0,3.0,44.5,35.0,0,Terry McAulay,HF,loss,-12.0,under
2014_12_CLE_ATL,2014,REG,12,2014-11-23,CLE,ATL,26.0,24.0,3.0,48.5,50.0,0,Brad Allen,HF,loss,-5.0,over
2014_12_DAL_NYG,2014,REG,12,2014-11-23,DAL,NYG,31.0,28.0,-4.0,48.5,59.0,1,Bill Vinovich,AF,loss,-1.0,over
2014_12_DET_NE,2014,REG,12,2014-11-23,DET,NE,9.0,34.0,7.5,47.5,43.0,0,Tony Corrente,HF,win,17.5,under
2014_12_GB_MIN,2014,REG,12,2014-11-23,GB,MIN,24.0,21.0,-7.5,50.0,45.0,1,Clete Blakeman,AF,loss,-4.5,under
2014_12_JAX_IND,2014,REG,12,2014-11-23,JAX,IND,3.0,23.0,13.0,49.0,26.0,1,Ed Hochuli,HF,win,7.0,under
2014_12_KC_OAK,2014,REG,12,2014-11-20,KC,OAK,20.0,24.0,-7.5,42.0,44.0,1,John Parry,AF,loss,-11.5,over
2014_12_MIA_DEN,2014,REG,12,2014-11-23,MIA,DEN,36.0,39.0,6.5,47.5,75.0,0,Jeff Triplette,HF,loss,-3.5,over
2014_12_NYJ_BUF,2014,REG,12,2014-11-24,NYJ,BUF,3.0,38.0,2.5,42.0,41.0,1,Peter Morelli,HF,win,32.5,under
2014_12_STL_SD,2014,REG,12,2014-11-23,STL,SD,24.0,27.0,4.0,43.5,51.0,0,Carl Cheffers,HF,loss,-1.0,over
2014_12_TB_CHI,2014,REG,12,2014-11-23,TB,CHI,13.0,21.0,4.0,47.0,34.0,0,Walt Coleman,HF,win,4.0,under
2014_12_TEN_PHI,2014,REG,12,2014-11-23,TEN,PHI,24.0,43.0,11.0,49.0,67.0,0,Jerome Boger,HF,win,8.0,over
2014_12_WAS_SF,2014,REG,12,2014-11-23,WAS,SF,13.0,17.0,9.0,44.0,30.0,0,Walt Anderson,HF,loss,-5.0,under
2014_13_ARI_ATL,2014,REG,13,2014-11-30,ARI,ATL,18.0,29.0,-1.5,45.5,47.0,0,Terry McAulay,AF,loss,-12.5,over
2014_13_CAR_MIN,2014,REG,13,2014-11-30,CAR,MIN,13.0,31.0,2.5,41.5,44.0,0,Brad Allen,HF,win,15.5,over
2014_13_CHI_DET,2014,REG,13,2014-11-27,CHI,DET,17.0,34.0,7.5,46.0,51.0,1,Bill Vinovich,HF,win,9.5,over
2014_13_CIN_TB,2014,REG,13,2014-11-30,CIN,TB,14.0,13.0,-6.0,43.5,27.0,0,Bill Leavy,AF,loss,-5.0,under
2014_13_CLE_BUF,2014,REG,13,2014-11-30,CLE,BUF,10.0,26.0,3.0,42.0,36.0,0,Jerome Boger,HF,win,13.0,under
2014_13_DEN_KC,2014,REG,13,2014-11-30,DEN,KC,29.0,16.0,1.0,49.0,45.0,1,Walt Coleman,HF,loss,-14.0,under
2014_13_MIA_NYJ,2014,REG,13,2014-12-01,MIA,NYJ,16.0,13.0,-6.5,41.5,29.0,1,Ronald Torbert,AF,loss,-3.5,under
2014_13_NE_GB,2014,REG,13,2014-11-30,NE,GB,21.0,26.0,3.0,57.0,47.0,0,Ed Hochuli,HF,win,2.0,under
2014_13_NO_PIT,2014,REG,13,2014-11-30,NO,PIT,35.0,32.0,3.5,54.5,67.0,0,Peter Morelli,HF,loss,-6.5,over
2014_13_NYG_JAX,2014,REG,13,2014-11-30,NYG,JAX,24.0,25.0,-3.0,44.0,49.0,0,Craig Wrolstad,AF,loss,-4.0,over
2014_13_OAK_STL,2014,REG,13,2014-11-30,OAK,STL,0.0,52.0,6.5,43.0,52.0,0,Gene Steratore,HF,win,45.5,over
2014_13_PHI_DAL,2014,REG,13,2014-11-27,PHI,DAL,33.0,10.0,3.0,56.5,43.0,1,Clete Blakeman,HF,loss,-26.0,under
2014_13_SD_BAL,2014,REG,13,2014-11-30,SD,BAL,34.0,33.0,6.5,45.5,67.0,0,Walt Anderson,HF,loss,-7.5,over
2014_13_SEA_SF,2014,REG,13,2014-11-27,SEA,SF,19.0,3.0,1.0,40.0,22.0,1,Tony Corrente,HF,loss,-17.0,under
2014_13_TEN_HOU,2014,REG,13,2014-11-30,TEN,HOU,21.0,45.0,7.0,43.0,66.0,1,Jeff Triplette,HF,win,17.0,over
2014_13_WAS_IND,2014,REG,13,2014-11-30,WAS,IND,27.0,49.0,7.5,48.5,76.0,0,John Parry,HF,win,14.5,over
2014_14_ATL_GB,2014,REG,14,2014-12-08,ATL,GB,37.0,43.0,13.5,54.5,80.0,0,Peter Morelli,HF,loss,-7.5,over
2014_14_BAL_MIA,2014,REG,14,2014-12-07,BAL,MIA,28.0,13.0,3.0,45.0,41.0,0,John Parry,HF,loss,-18.0,under
2014_14_BUF_DEN,2014,REG,14,2014-12-07,BUF,DEN,17.0,24.0,9.0,47.0,41.0,0,Ronald Torbert,HF,loss,-2.0,under
2014_14_CAR_NO,2014,REG,14,2014-12-07,CAR,NO,41.0,10.0,8.5,50.5,51.0,1,Walt Coleman,HF,loss,-39.5,over
2014_14_DAL_CHI,2014,REG,14,2014-12-04,DAL,CHI,41.0,28.0,-3.5,50.5,69.0,0,Ed Hochuli,AF,win,9.5,over
2014_14_HOU_JAX,2014,REG,14,2014-12-07,HOU,JAX,27.0,13.0,-6.5,41.5,40.0,1,Carl Cheffers,AF,win,7.5,under
2014_14_IND_CLE,2014,REG,14,2014-12-07,IND,CLE,25.0,24.0,-3.0,50.0,49.0,0,Clete Blakeman,AF,loss,-2.0,under
2014_14_KC_ARI,2014,REG,14,2014-12-07,KC,ARI,14.0,17.0,-2.5,41.5,31.0,0,Craig Wrolstad,AF,loss,-5.5,under
2014_14_NE_SD,2014,REG,14,2014-12-07,NE,SD,23.0,14.0,-4.0,53.0,37.0,0,Bill Leavy,AF,win,5.0,under
2014_14_NYG_TEN,2014,REG,14,2014-12-07,NYG,TEN,36.0,7.0,-3.0,46.5,43.0,0,Walt Anderson,AF,win,26.0,under
2014_14_NYJ_MIN,2014,REG,14,2014-12-07,NYJ,MIN,24.0,30.0,4.5,40.5,54.0,0,Jerome Boger,HF,win,1.5,over
2014_14_PIT_CIN,2014,REG,14,2014-12-07,PIT,CIN,42.0,21.0,3.0,47.0,63.0,1,Tony Corrente,HF,loss,-24.0,over
2014_14_SEA_PHI,2014,REG,14,2014-12-07,SEA,PHI,24.0,14.0,-1.5,48.0,38.0,0,Bill Vinovich,AF,win,8.5,under
2014_14_SF_OAK,2014,REG,14,2014-12-07,SF,OAK,13.0,24.0,-8.0,40.0,37.0,0,Terry McAulay,AF,loss,-19.0,under
2014_14_STL_WAS,2014,REG,14,2014-12-07,STL,WAS,24.0,0.0,-2.5,44.5,24.0,0,Brad Allen,AF,win,21.5,under
2014_14_TB_DET,2014,REG,14,2014-12-07,TB,DET,17.0,34.0,10.5,42.0,51.0,0,Jeff Triplette,HF,win,6.5,over
2014_15_ARI_STL,2014,REG,15,2014-12-11,ARI,STL,12.0,6.0,6.0,40.5,18.0,1,Walt Coleman,HF,loss,-12.0,under
2014_15_CIN_CLE,2014,REG,15,2014-12-14,CIN,CLE,30.0,0.0,2.5,44.0,30.0,1,Walt Anderson,HF,loss,-32.5,under
2014_15_DAL_PHI,2014,REG,15,2014-12-14,DAL,PHI,38.0,27.0,3.5,54.5,65.0,1,Terry McAulay,HF,loss,-14.5,over
2014_15_DEN_SD,2014,REG,15,2014-12-14,DEN,SD,22.0,10.0,-4.0,49.0,32.0,1,Craig Wrolstad,AF,win,8.0,under
2014_15_GB_BUF,2014,REG,15,2014-12-14,GB,BUF,13.0,21.0,-3.5,49.5,34.0,0,Bill Leavy,AF,loss,-11.5,under
2014_15_HOU_IND,2014,REG,15,2014-12-14,HOU,IND,10.0,17.0,7.0,49.0,27.0,1,Gene Steratore,HF,push,0.0,under
2014_15_JAX_BAL,2014,REG,15,2014-12-14,JAX,BAL,12.0,20.0,14.0,44.5,32.0,0,Tony Corrente,HF,loss,-6.0,under
2014_15_MIA_NE,2014,REG,15,2014-12-14,MIA,NE,13.0,41.0,9.5,49.0,54.0,1,Bill Vinovich,HF,win,18.5,over
2014_15_MIN_DET,2014,REG,15,2014-12-14,MIN,DET,14.0,16.0,8.0,42.5,30.0,1,Peter Morelli,HF,loss,-6.0,under
2014_15_NO_CHI,2014,REG,15,2014-12-15,NO,CHI,31.0,15.0,-3.0,53.5,46.0,0,Carl Cheffers,AF,win,13.0,under
2014_15_NYJ_TEN,2014,REG,15,2014-12-14,NYJ,TEN,16.0,11.0,-3.5,42.0,27.0,0,John Parry,AF,win,1.5,under
2014_15_OAK_KC,2014,REG,15,2014-12-14,OAK,KC,13.0,31.0,11.0,41.5,44.0,1,Jerome Boger,HF,win,7.0,over
2014_15_PIT_ATL,2014,REG,15,2014-12-14,PIT,ATL,27.0,20.0,-3.0,55.0,47.0,0,Clete Blakeman,AF,win,4.0,under
2014_15_SF_SEA,2014,REG,15,2014-12-14,SF,SEA,7.0,17.0,10.0,38.0,24.0,1,Ed Hochuli,HF,push,0.0,under
2014_15_TB_CAR,2014,REG,15,2014-12-14,TB,CAR,17.0,19.0,3.5,41.0,36.0,1,Ronald Torbert,HF,loss,-1.5,under
2014_15_WAS_NYG,2014,REG,15,2014-12-14,WAS,NYG,13.0,24.0,7.0,46.5,37.0,1,Jeff Triplette,HF,win,4.0,under
2014_16_ATL_NO,2014,REG,16,2014-12-21,ATL,NO,30.0,14.0,6.0,56.0,44.0,1,John Parry,HF,loss,-22.0,under
2014_16_BAL_HOU,2014,REG,16,2014-12-21,BAL,HOU,13.0,25.0,-6.0,42.0,38.0,0,Walt Coleman,AF,loss,-18.0,under
2014_16_BUF_OAK,2014,REG,16,2014-12-21,BUF,OAK,24.0,26.0,-7.0,42.0,50.0,0,Craig Wrolstad,AF,loss,-9.0,over
2014_16_CLE_CAR,2014,REG,16,2014-12-21,CLE,CAR,13.0,17.0,6.0,40.0,30.0,0,Ed Hochuli,HF,loss,-2.0,under
2014_16_DEN_CIN,2014,REG,16,2014-12-22,DEN,CIN,28.0,37.0,-3.5,47.0,65.0,0,Bill Vinovich,AF,loss,-12.5,over
2014_16_DET_CHI,2014,REG,16,2014-12-21,DET,CHI,20.0,14.0,-10.0,44.5,34.0,1,Gene Steratore,AF,loss,-4.0,under
2014_16_GB_TB,2014,REG,16,2014-12-21,GB,TB,20.0,3.0,-11.5,48.5,23.0,0,Terry McAulay,AF,win,5.5,under
2014_16_IND_DAL,2014,REG,16,2014-12-21,IND,DAL,7.0,42.0,3.5,53.0,49.0,0,Bill Leavy,HF,win,31.5,under
2014_16_KC_PIT,2014,REG,16,2014-12-21,KC,PIT,12.0,20.0,2.5,49.5,32.0,0,Ronald Torbert,HF,win,5.5,under
2014_16_MIN_MIA,2014,REG,16,2014-12-21,MIN,MIA,35.0,37.0,4.5,42.0,72.0,0,Tony Corrente,HF,loss,-2.5,over
2014_16_NE_NYJ,2014,REG,16,2014-12-21,NE,NYJ,17.0,16.0,-10.0,47.0,33.0,1,Brad Allen,AF,loss,-9.0,under
2014_16_NYG_STL,2014,REG,16,2014-12-21,NYG,STL,37.0,27.0,7.0,43.5,64.0,0,Peter Morelli,HF,loss,-17.0,over
2014_16_PHI_WAS,2014,REG,16,2014-12-20,PHI,WAS,24.0,27.0,-7.0,51.0,51.0,1,Carl Cheffers,AF,loss,-10.0,push
2014_16_SD_SF,2014,REG,16,2014-12-20,SD,SF,38.0,35.0,2.0,40.5,73.0,0,Jeff Triplette,HF,loss,-5.0,over
2014_16_SEA_ARI,2014,REG,16,2014-12-21,SEA,ARI,35.0,6.0,-9.5,36.5,41.0,1,Walt Anderson,AF,win,19.5,over
2014_16_TEN_JAX,2014,REG,16,2014-12-18,TEN,JAX,13.0,21.0,4.0,39.0,34.0,1,Clete Blakeman,HF,win,4.0,under
2014_17_ARI_SF,2014,REG,17,2014-12-28,ARI,SF,17.0,20.0,6.0,38.0,37.0,1,Carl Cheffers,HF,loss,-3.0,under
2014_17_BUF_NE,2014,REG,17,2014-12-28,BUF,NE,17.0,9.0,4.5,43.5,26.0,1,Terry McAulay,HF,loss,-12.5,under
2014_17_CAR_ATL,2014,REG,17,2014-12-28,CAR,ATL,34.0,3.0,2.5,48.0,37.0,1,Bill Leavy,HF,loss,-33.5,under
2014_17_CHI_MIN,2014,REG,17,2014-12-28,CHI,MIN,9.0,13.0,7.0,47.0,22.0,1,Jeff Triplette,HF,loss,-3.0,under
2014_17_CIN_PIT,2014,REG,17,2014-12-28,CIN,PIT,17.0,27.0,3.0,48.0,44.0,1,Ed Hochuli,HF,win,7.0,under
2014_17_CLE_BAL,2014,REG,17,2014-12-28,CLE,BAL,10.0,20.0,14.0,40.0,30.0,1,Gene Steratore,HF,loss,-4.0,under
2014_17_DAL_WAS,2014,REG,17,2014-12-28,DAL,WAS,44.0,17.0,-6.0,47.5,61.0,1,Jerome Boger,AF,win,21.0,over
2014_17_DET_GB,2014,REG,17,2014-12-28,DET,GB,20.0,30.0,9.0,46.5,50.0,1,Walt Anderson,HF,win,1.0,over
2014_17_IND_TEN,2014,REG,17,2014-12-28,IND,TEN,27.0,10.0,-7.5,46.5,37.0,1,Tony Corrente,AF,win,9.5,under
2014_17_JAX_HOU,2014,REG,17,2014-12-28,JAX,HOU,17.0,23.0,8.5,38.5,40.0,1,John Parry,HF,loss,-2.5,over
2014_17_NO_TB,2014,REG,17,2014-12-28,NO,TB,23.0,20.0,-6.0,47.0,43.0,1,Brad Allen,AF,loss,-3.0,under
2014_17_NYJ_MIA,2014,REG,17,2014-12-28,NYJ,MIA,37.0,24.0,7.0,41.0,61.0,1,Craig Wrolstad,HF,loss,-20.0,over
2014_17_OAK_DEN,2014,REG,17,2014-12-28,OAK,DEN,14.0,47.0,16.5,49.0,61.0,1,Clete Blakeman,HF,win,16.5,over
2014_17_PHI_NYG,2014,REG,17,2014-12-28,PHI,NYG,34.0,26.0,-1.0,51.5,60.0,1,Walt Coleman,AF,win,7.0,over
2014_17_SD_KC,2014,REG,17,2014-12-28,SD,KC,7.0,19.0,3.0,42.5,26.0,1,Peter Morelli,HF,win,9.0,under
2014_17_STL_SEA,2014,REG,17,2014-12-28,STL,SEA,6.0,20.0,11.0,41.5,26.0,1,Ronald Torbert,HF,win,3.0,under
2014_18_ARI_CAR,2014,WC,18,2015-01-03,ARI,CAR,16.0,27.0,5.5,37.5,43.0,0,Ed Hochuli,HF,win,5.5,over
2014_18_BAL_PIT,2014,WC,18,2015-01-03,BAL,PIT,30.0,17.0,3.0,47.5,47.0,1,Clete Blakeman,HF,loss,-16.0,under
2014_18_CIN_IND,2014,WC,18,2015-01-04,CIN,IND,10.0,26.0,3.5,47.0,36.0,0,Carl Cheffers,HF,win,12.5,under
2014_18_DET_DAL,2014,WC,18,2015-01-04,DET,DAL,20.0,24.0,6.0,47.5,44.0,0,Peter Morelli,HF,loss,-2.0,under
2014_19_BAL_NE,2014,DIV,19,2015-01-10,BAL,NE,31.0,35.0,7.0,47.5,66.0,0,Bill Vinovich,HF,loss,-3.0,over
2014_19_CAR_SEA,2014,DIV,19,2015-01-10,CAR,SEA,17.0,31.0,13.5,40.0,48.0,0,Terry McAulay,HF,win,0.5,over
2014_19_DAL_GB,2014,DIV,19,2015-01-11,DAL,GB,21.0,26.0,5.5,52.5,47.0,0,Gene Steratore,HF,loss,-0.5,under
2014_19_IND_DEN,2014,DIV,19,2015-01-11,IND,DEN,24.0,13.0,9.5,53.5,37.0,0,Bill Leavy,HF,loss,-20.5,under
2014_20_GB_SEA,2014,CON,20,2015-01-18,GB,SEA,22.0,28.0,8.5,44.5,50.0,0,Tony Corrente,HF,loss,-2.5,over
2014_20_IND_NE,2014,CON,20,2015-01-18,IND,NE,7.0,45.0,7.0,52.0,52.0,0,Walt Anderson,HF,win,31.0,push
2014_21_NE_SEA,2014,SB,21,2015-02-01,NE,SEA,28.0,24.0,-1.0,47.0,52.0,0,Bill Vinovich,AF,win,3.0,over
2015_01_BAL_DEN,2015,REG,1,2015-09-13,BAL,DEN,13.0,19.0,4.5,46.5,32.0,0,Gene Steratore,HF,win,1.5,under
2015_01_CAR_JAX,2015,REG,1,2015-09-13,CAR,JAX,20.0,9.0,-3.0,41.0,29.0,0,Ron Torbert,AF,win,8.0,under
2015_01_CIN_OAK,2015,REG,1,2015-09-13,CIN,OAK,33.0,13.0,-3.0,43.0,46.0,0,Brad Allen,AF,win,17.0,over
2015_01_CLE_NYJ,2015,REG,1,2015-09-13,CLE,NYJ,10.0,31.0,3.5,39.0,41.0,0,Jerome Boger,HF,win,17.5,over
2015_01_DET_SD,2015,REG,1,2015-09-13,DET,SD,28.0,33.0,3.5,45.5,61.0,0,Clete Blakeman,HF,win,1.5,over
2015_01_GB_CHI,2015,REG,1,2015-09-13,GB,CHI,31.0,23.0,-5.5,48.5,54.0,1,Craig Wrolstad,AF,win,2.5,over
2015_01_IND_BUF,2015,REG,1,2015-09-13,IND,BUF,14.0,27.0,-1.0,44.5,41.0,0,John Parry,AF,loss,-14.0,under
2015_01_KC_HOU,2015,REG,1,2015-09-13,KC,HOU,27.0,20.0,-1.0,41.0,47.0,0,Peter Morelli,AF,win,6.0,over
2015_01_MIA_WAS,2015,REG,1,2015-09-13,MIA,WAS,17.0,10.0,-4.0,45.5,27.0,0,Walt Coleman,AF,win,3.0,under
2015_01_MIN_SF,2015,REG,1,2015-09-14,MIN,SF,3.0,20.0,-2.5,42.5,23.0,0,Ed Hochuli,AF,loss,-19.5,under
2015_01_NO_ARI,2015,REG,1,2015-09-13,NO,ARI,19.0,31.0,2.0,48.5,50.0,0,Walt Anderson,HF,win,10.0,over
2015_01_NYG_DAL,2015,REG,1,2015-09-13,NYG,DAL,26.0,27.0,7.0,52.0,53.0,1,Bill Vinovich,HF,loss,-6.0,over
2015_01_PHI_ATL,2015,REG,1,2015-09-14,PHI,ATL,24.0,26.0,-3.5,55.0,50.0,0,Terry McAulay,AF,loss,-5.5,under
2015_01_PIT_NE,2015,REG,1,2015-09-10,PIT,NE,21.0,28.0,7.5,51.0,49.0,0,Carl Cheffers,HF,loss,-0.5,under
2015_01_SEA_STL,2015,REG,1,2015-09-13,SEA,STL,31.0,34.0,-3.5,41.5,65.0,1,Jeff Triplette,AF,loss,-6.5,over
2015_01_TEN_TB,2015,REG,1,2015-09-13,TEN,TB,42.0,14.0,3.0,40.5,56.0,0,John Hussey,HF,loss,-31.0,over
2015_02_ARI_CHI,2015,REG,2,2015-09-20,ARI,CHI,48.0,23.0,-2.0,45.5,71.0,0,Jerome Boger,AF,win,23.0,over
2015_02_ATL_NYG,2015,REG,2,2015-09-20,ATL,NYG,24.0,20.0,2.0,49.5,44.0,0,Brad Allen,HF,loss,-6.0,under
2015_02_BAL_OAK,2015,REG,2,2015-09-20,BAL,OAK,33.0,37.0,-6.0,42.0,70.0,0,Peter Morelli,AF,loss,-10.0,over
2015_02_DAL_PHI,2015,REG,2,2015-09-20,DAL,PHI,20.0,10.0,7.0,53.0,30.0,1,Tony Corrente,HF,loss,-17.0,under
2015_02_DEN_KC,2015,REG,2,2015-09-17,DEN,KC,31.0,24.0,3.0,42.0,55.0,1,Walt Anderson,HF,loss,-10.0,over
2015_02_DET_MIN,2015,REG,2,2015-09-20,DET,MIN,16.0,26.0,2.5,44.0,42.0,1,Bill Vinovich,HF,win,7.5,under
2015_02_HOU_CAR,2015,REG,2,2015-09-20,HOU,CAR,17.0,24.0,3.0,41.0,41.0,0,Clete Blakeman,HF,win,4.0,push
2015_02_MIA_JAX,2015,REG,2,2015-09-20,MIA,JAX,20.0,23.0,-5.0,42.5,43.0,0,John Parry,AF,loss,-8.0,over
2015_02_NE_BUF,2015,REG,2,2015-09-20,NE,BUF,40.0,32.0,2.0,45.0,72.0,1,Ron Torbert,HF,loss,-10.0,over
2015_02_NYJ_IND,2015,REG,2,2015-09-21,NYJ,IND,20.0,7.0,6.0,45.5,27.0,0,John Hussey,HF,loss,-19.0,under
2015_02_SD_CIN,2015,REG,2,2015-09-20,SD,CIN,19.0,24.0,3.5,47.5,43.0,0,Jeff Triplette,HF,win,1.5,under
2015_02_SEA_GB,2015,REG,2,2015-09-20,SEA,GB,17.0,27.0,3.5,49.0,44.0,0,Gene Steratore,HF,win,6.5,under
2015_02_SF_PIT,2015,REG,2,2015-09-20,SF,PIT,18.0,43.0,6.0,46.0,61.0,0,Craig Wrolstad,HF,win,19.0,over
2015_02_STL_WAS,2015,REG,2,2015-09-20,STL,WAS,10.0,24.0,-3.0,41.0,34.0,0,Ed Hochuli,AF,loss,-17.0,under
2015_02_TB_NO,2015,REG,2,2015-09-20,TB,NO,26.0,19.0,9.5,47.0,45.0,1,Carl Cheffers,HF,loss,-16.5,under
2015_02_TEN_CLE,2015,REG,2,2015-09-20,TEN,CLE,14.0,28.0,1.0,41.0,42.0,0,Terry McAulay,HF,win,13.0,over
2015_03_ATL_DAL,2015,REG,3,2015-09-27,ATL,DAL,39.0,28.0,1.0,43.5,67.0,0,Peter Morelli,HF,loss,-12.0,over
2015_03_BUF_MIA,2015,REG,3,2015-09-27,BUF,MIA,41.0,14.0,1.0,43.5,55.0,1,Jerome Boger,HF,loss,-28.0,over
2015_03_CHI_SEA,2015,REG,3,2015-09-27,CHI,SEA,0.0,26.0,16.5,43.5,26.0,0,Carl Cheffers,HF,win,9.5,under
2015_03_CIN_BAL,2015,REG,3,2015-09-27,CIN,BAL,28.0,24.0,2.5,45.5,52.0,1,Walt Anderson,HF,loss,-6.5,over
2015_03_DEN_DET,2015,REG,3,2015-09-27,DEN,DET,24.0,12.0,-3.0,45.0,36.0,0,Jeff Triplette,AF,win,9.0,under
2015_03_IND_TEN,2015,REG,3,2015-09-27,IND,TEN,35.0,33.0,-3.0,46.5,68.0,1,Craig Wrolstad,AF,loss,-1.0,over
2015_03_JAX_NE,2015,REG,3,2015-09-27,JAX,NE,17.0,51.0,14.5,48.5,68.0,0,Walt Coleman,HF,win,19.5,over
2015_03_KC_GB,2015,REG,3,2015-09-28,KC,GB,28.0,38.0,4.5,47.0,66.0,0,John Parry,HF,win,5.5,over
2015_03_NO_CAR,2015,REG,3,2015-09-27,NO,CAR,22.0,27.0,10.0,43.0,49.0,1,Ed Hochuli,HF,loss,-5.0,over
2015_03_OAK_CLE,2015,REG,3,2015-09-27,OAK,CLE,27.0,20.0,3.5,43.5,47.0,0,Clete Blakeman,HF,loss,-10.5,over
2015_03_PHI_NYJ,2015,REG,3,2015-09-27,PHI,NYJ,24.0,17.0,3.0,47.0,41.0,0,Gene Steratore,HF,loss,-10.0,under
2015_03_PIT_STL,2015,REG,3,2015-09-27,PIT,STL,12.0,6.0,1.5,48.5,18.0,0,John Hussey,HF,loss,-7.5,under
2015_03_SD_MIN,2015,REG,3,2015-09-27,SD,MIN,14.0,31.0,2.5,45.5,45.0,0,Terry McAulay,HF,win,14.5,under
2015_03_SF_ARI,2015,REG,3,2015-09-27,SF,ARI,7.0,47.0,7.0,45.0,54.0,1,Tony Corrente,HF,win,33.0,over
2015_03_TB_HOU,2015,REG,3,2015-09-27,TB,HOU,9.0,19.0,6.0,41.0,28.0,0,Bill Vinovich,HF,win,4.0,under
2015_03_WAS_NYG,2015,REG,3,2015-09-24,WAS,NYG,21.0,32.0,3.0,45.0,53.0,1,Ron Torbert,HF,win,8.0,over
2015_04_BAL_PIT,2015,REG,4,2015-10-01,BAL,PIT,23.0,20.0,-3.0,44.0,43.0,1,Clete Blakeman,AF,push,0.0,under
2015_04_CAR_TB,2015,REG,4,2015-10-04,CAR,TB,37.0,23.0,-3.0,40.0,60.0,1,Gene Steratore,AF,win,11.0,over
2015_04_CLE_SD,2015,REG,4,2015-10-04,CLE,SD,27.0,30.0,4.5,44.5,57.0,0,Bill Vinovich,HF,loss,-1.5,over
2015_04_DAL_NO,2015,REG,4,2015-10-04,DAL,NO,20.0,26.0,3.0,48.0,46.0,0,Brad Allen,HF,win,3.0,under
2015_04_DET_SEA,2015,REG,4,2015-10-05,DET,SEA,10.0,13.0,10.0,43.0,23.0,0,Tony Corrente,HF,loss,-7.0,under
2015_04_GB_SF,2015,REG,4,2015-10-04,GB,SF,17.0,3.0,-7.5,48.0,20.0,0,Terry McAulay,AF,win,6.5,under
2015_04_HOU_ATL,2015,REG,4,2015-10-04,HOU,ATL,21.0,48.0,4.0,47.5,69.0,0,Carl Cheffers,HF,win,23.0,over
2015_04_JAX_IND,2015,REG,4,2015-10-04,JAX,IND,13.0,16.0,4.0,43.0,29.0,1,Ed Hochuli,HF,loss,-1.0,under
2015_04_KC_CIN,2015,REG,4,2015-10-04,KC,CIN,21.0,36.0,3.5,45.0,57.0,0,Ron Torbert,HF,win,11.5,over
2015_04_MIN_DEN,2015,REG,4,2015-10-04,MIN,DEN,20.0,23.0,7.0,43.5,43.0,0,Walt Coleman,HF,loss,-4.0,under
2015_04_NYG_BUF,2015,REG,4,2015-10-04,NYG,BUF,24.0,10.0,6.0,46.5,34.0,0,John Hussey,HF,loss,-20.0,under
2015_04_NYJ_MIA,2015,REG,4,2015-10-04,NYJ,MIA,27.0,14.0,-2.5,42.0,41.0,1,Craig Wrolstad,AF,win,10.5,under
2015_04_OAK_CHI,2015,REG,4,2015-10-04,OAK,CHI,20.0,22.0,-3.0,44.5,42.0,0,Jeff Triplette,AF,loss,-5.0,under
2015_04_PHI_WAS,2015,REG,4,2015-10-04,PHI,WAS,20.0,23.0,-3.0,46.0,43.0,1,Jerome Boger,AF,loss,-6.0,under
2015_04_STL_ARI,2015,REG,4,2015-10-04,STL,ARI,24.0,22.0,7.0,43.5,46.0,1,John Parry,HF,loss,-9.0,over
2015_05_ARI_DET,2015,REG,5,2015-10-11,ARI,DET,42.0,17.0,-4.5,46.0,59.0,0,Gene Steratore,AF,win,20.5,over
2015_05_BUF_TEN,2015,REG,5,2015-10-11,BUF,TEN,14.0,13.0,1.0,43.0,27.0,0,Walt Anderson,HF,loss,-2.0,under
2015_05_CHI_KC,2015,REG,5,2015-10-11,CHI,KC,18.0,17.0,10.0,44.0,35.0,0,Tony Corrente,HF,loss,-11.0,under
2015_05_CLE_BAL,2015,REG,5,2015-10-11,CLE,BAL,33.0,30.0,6.0,43.0,63.0,1,Jeff Triplette,HF,loss,-9.0,over
2015_05_DEN_OAK,2015,REG,5,2015-10-11,DEN,OAK,16.0,10.0,-5.0,44.5,26.0,1,John Hussey,AF,win,1.0,under
2015_05_IND_HOU,2015,REG,5,2015-10-08,IND,HOU,27.0,20.0,4.5,40.5,47.0,1,Terry McAulay,HF,loss,-11.5,over
2015_05_JAX_TB,2015,REG,5,2015-10-11,JAX,TB,31.0,38.0,1.0,41.0,69.0,0,Jerome Boger,HF,win,6.0,over
2015_05_NE_DAL,2015,REG,5,2015-10-11,NE,DAL,30.0,6.0,-8.0,51.0,36.0,0,Clete Blakeman,AF,win,16.0,under
2015_05_NO_PHI,2015,REG,5,2015-10-11,NO,PHI,17.0,39.0,6.5,49.5,56.0,0,Ron Torbert,HF,win,15.5,over
2015_05_PIT_SD,2015,REG,5,2015-10-12,PIT,SD,24.0,20.0,4.0,45.5,44.0,0,Peter Morelli,HF,loss,-8.0,under
2015_05_SEA_CIN,2015,REG,5,2015-10-11,SEA,CIN,24.0,27.0,3.0,44.5,51.0,0,John Parry,HF,push,0.0,over
2015_05_SF_NYG,2015,REG,5,2015-10-11,SF,NYG,27.0,30.0,7.5,43.5,57.0,0,Walt Coleman,HF,loss,-4.5,over
2015_05_STL_GB,2015,REG,5,2015-10-11,STL,GB,10.0,24.0,8.5,45.0,34.0,0,Brad Allen,HF,win,5.5,under
2015_05_WAS_ATL,2015,REG,5,2015-10-11,WAS,ATL,19.0,25.0,7.5,48.5,44.0,0,Bill Vinovich,HF,loss,-1.5,under
2015_06_ARI_PIT,2015,REG,6,2015-10-18,ARI,PIT,13.0,25.0,-5.5,45.0,38.0,0,Ed Hochuli,AF,loss,-17.5,under
2015_06_ATL_NO,2015,REG,6,2015-10-15,ATL,NO,21.0,31.0,-3.0,52.0,52.0,1,Gene Steratore,AF,loss,-13.0,push
2015_06_BAL_SF,2015,REG,6,2015-10-18,BAL,SF,20.0,25.0,-2.5,43.5,45.0,0,John Parry,AF,loss,-7.5,over
2015_06_CAR_SEA,2015,REG,6,2015-10-18,CAR,SEA,27.0,23.0,7.0,41.0,50.0,0,Terry McAulay,HF,loss,-11.0,over
2015_06_CHI_DET,2015,REG,6,2015-10-18,CHI,DET,34.0,37.0,3.5,45.0,71.0,1,Walt Coleman,HF,loss,-0.5,over
2015_06_CIN_BUF,2015,REG,6,2015-10-18,CIN,BUF,34.0,21.0,-3.0,42.5,55.0,0,Clete Blakeman,AF,win,10.0,over
2015_06_DEN_CLE,2015,REG,6,2015-10-18,DEN,CLE,26.0,23.0,-3.5,41.5,49.0,0,Craig Wrolstad,AF,loss,-0.5,over
2015_06_HOU_JAX,2015,REG,6,2015-10-18,HOU,JAX,31.0,20.0,2.5,43.5,51.0,1,Brad Allen,HF,loss,-13.5,over
2015_06_KC_MIN,2015,REG,6,2015-10-18,KC,MIN,10.0,16.0,3.5,43.0,26.0,0,Jerome Boger,HF,win,2.5,under
2015_06_MIA_TEN,2015,REG,6,2015-10-18,MIA,TEN,38.0,10.0,2.5,44.0,48.0,0,Jeff Triplette,HF,loss,-30.5,over
2015_06_NE_IND,2015,REG,6,2015-10-18,NE,IND,34.0,27.0,-8.0,53.5,61.0,0,Tony Corrente,AF,loss,-1.0,over
2015_06_NYG_PHI,2015,REG,6,2015-10-19,NYG,PHI,7.0,27.0,3.5,50.5,34.0,1,Carl Cheffers,HF,win,16.5,under
2015_06_SD_GB,2015,REG,6,2015-10-18,SD,GB,20.0,27.0,10.5,50.0,47.0,0,Walt Anderson,HF,loss,-3.5,under
2015_06_WAS_NYJ,2015,REG,6,2015-10-18,WAS,NYJ,20.0,34.0,7.5,39.5,54.0,0,Peter Morelli,HF,win,6.5,over
2015_07_ATL_TEN,2015,REG,7,2015-10-25,ATL,TEN,10.0,7.0,-5.5,45.5,17.0,0,Brad Allen,AF,loss,-2.5,under
2015_07_BAL_ARI,2015,REG,7,2015-10-26,BAL,ARI,18.0,26.0,10.0,49.5,44.0,0,Ron Torbert,HF,loss,-2.0,under
2015_07_BUF_JAX,2015,REG,7,2015-10-25,BUF,JAX,31.0,34.0,-3.5,41.0,65.0,0,Terry McAulay,AF,loss,-6.5,over
2015_07_CLE_STL,2015,REG,7,2015-10-25,CLE,STL,6.0,24.0,6.5,43.5,30.0,0,Peter Morelli,HF,win,11.5,under
2015_07_DAL_NYG,2015,REG,7,2015-10-25,DAL,NYG,20.0,27.0,3.0,44.5,47.0,1,John Parry,HF,win,4.0,over
2015_07_HOU_MIA,2015,REG,7,2015-10-25,HOU,MIA,26.0,44.0,4.5,46.5,70.0,0,John Hussey,HF,win,13.5,over
2015_07_MIN_DET,2015,REG,7,2015-10-25,MIN,DET,28.0,19.0,1.0,44.5,47.0,1,Ed Hochuli,HF,loss,-10.0,over
2015_07_NO_IND,2015,REG,7,2015-10-25,NO,IND,27.0,21.0,5.5,52.5,48.0,0,Carl Cheffers,HF,loss,-11.5,under
2015_07_NYJ_NE,2015,REG,7,2015-10-25,NYJ,NE,23.0,30.0,7.0,47.0,53.0,1,Bill Vinovich,HF,push,0.0,over
2015_07_OAK_SD,2015,REG,7,2015-10-25,OAK,SD,37.0,29.0,3.5,48.0,66.0,1,Jerome Boger,HF,loss,-11.5,over
2015_07_PHI_CAR,2015,REG,7,2015-10-25,PHI,CAR,16.0,27.0,3.0,46.0,43.0,0,Craig Wrolstad,HF,win,8.0,under
2015_07_PIT_KC,2015,REG,7,2015-10-25,PIT,KC,13.0,23.0,4.0,41.5,36.0,0,Walt Coleman,HF,win,6.0,under
2015_07_SEA_SF,2015,REG,7,2015-10-22,SEA,SF,20.0,3.0,-6.5,41.5,23.0,1,Walt Anderson,AF,win,10.5,under
2015_07_TB_WAS,2015,REG,7,2015-10-25,TB,WAS,30.0,31.0,3.0,42.0,61.0,0,Jeff Triplette,HF,loss,-2.0,over
2015_08_ARI_CLE,2015,REG,8,2015-11-01,ARI,CLE,34.0,20.0,-7.0,46.0,54.0,0,Walt Coleman,AF,win,7.0,over
2015_08_CIN_PIT,2015,REG,8,2015-11-01,CIN,PIT,16.0,10.0,1.0,49.0,26.0,1,Tony Corrente,HF,loss,-7.0,under
2015_08_DET_KC,2015,REG,8,2015-11-01,DET,KC,10.0,45.0,3.0,45.0,55.0,0,Jeff Triplette,HF,win,32.0,over
2015_08_GB_DEN,2015,REG,8,2015-11-01,GB,DEN,10.0,29.0,-2.5,46.0,39.0,0,John Parry,AF,loss,-21.5,under
2015_08_IND_CAR,2015,REG,8,2015-11-02,IND,CAR,26.0,29.0,5.0,44.5,55.0,0,Bill Vinovich,HF,loss,-2.0,over
2015_08_MIA_NE,2015,REG,8,2015-10-29,MIA,NE,7.0,36.0,8.0,51.0,43.0,1,Peter Morelli,HF,win,21.0,under
2015_08_MIN_CHI,2015,REG,8,2015-11-01,MIN,CHI,23.0,20.0,-1.0,43.5,43.0,1,John Hussey,AF,win,2.0,under
2015_08_NYG_NO,2015,REG,8,2015-11-01,NYG,NO,49.0,52.0,3.0,51.5,101.0,0,Craig Wrolstad,HF,push,0.0,over
2015_08_NYJ_OAK,2015,REG,8,2015-11-01,NYJ,OAK,20.0,34.0,-3.0,43.5,54.0,0,Ed Hochuli,AF,loss,-17.0,over
2015_08_SD_BAL,2015,REG,8,2015-11-01,SD,BAL,26.0,29.0,4.5,50.0,55.0,0,Gene Steratore,HF,loss,-1.5,over
2015_08_SEA_DAL,2015,REG,8,2015-11-01,SEA,DAL,13.0,12.0,-4.5,41.5,25.0,0,Carl Cheffers,AF,loss,-3.5,under
2015_08_SF_STL,2015,REG,8,2015-11-01,SF,STL,6.0,27.0,8.0,41.0,33.0,1,Jerome Boger,HF,win,13.0,under
2015_08_TB_ATL,2015,REG,8,2015-11-01,TB,ATL,23.0,20.0,8.0,47.5,43.0,1,Ron Torbert,HF,loss,-11.0,under
2015_08_TEN_HOU,2015,REG,8,2015-11-01,TEN,HOU,6.0,20.0,3.5,43.0,26.0,1,Clete Blakeman,HF,win,10.5,under
2015_09_ATL_SF,2015,REG,9,2015-11-08,ATL,SF,16.0,17.0,-9.5,43.5,33.0,0,Tony Corrente,AF,loss,-10.5,under
2015_09_CHI_SD,2015,REG,9,2015-11-09,CHI,SD,22.0,19.0,3.5,49.0,41.0,0,Craig Wrolstad,HF,loss,-6.5,under
2015_09_CLE_CIN,2015,REG,9,2015-11-05,CLE,CIN,10.0,31.0,13.0,45.5,41.0,1,John Hussey,HF,win,8.0,under
2015_09_DEN_IND,2015,REG,9,2015-11-08,DEN,IND,24.0,27.0,-3.5,45.0,51.0,0,Brad Allen,AF,loss,-6.5,over
2015_09_GB_CAR,2015,REG,9,2015-11-08,GB,CAR,29.0,37.0,-2.0,45.5,66.0,0,Gene Steratore,AF,loss,-10.0,over
2015_09_JAX_NYJ,2015,REG,9,2015-11-08,JAX,NYJ,23.0,28.0,7.5,42.0,51.0,0,Walt Coleman,HF,loss,-2.5,over
2015_09_MIA_BUF,2015,REG,9,2015-11-08,MIA,BUF,17.0,33.0,4.0,44.0,50.0,1,Carl Cheffers,HF,win,12.0,over
2015_09_NYG_TB,2015,REG,9,2015-11-08,NYG,TB,32.0,18.0,-1.5,49.0,50.0,0,Clete Blakeman,AF,win,12.5,over
2015_09_OAK_PIT,2015,REG,9,2015-11-08,OAK,PIT,35.0,38.0,6.0,47.5,73.0,0,Bill Vinovich,HF,loss,-3.0,over
2015_09_PHI_DAL,2015,REG,9,2015-11-08,PHI,DAL,33.0,27.0,-3.0,43.5,60.0,1,Ed Hochuli,AF,win,3.0,over
2015_09_STL_MIN,2015,REG,9,2015-11-08,STL,MIN,18.0,21.0,2.0,40.0,39.0,0,Ron Torbert,HF,win,1.0,under
2015_09_TEN_NO,2015,REG,9,2015-11-08,TEN,NO,34.0,28.0,7.0,50.0,62.0,0,Jerome Boger,HF,loss,-13.0,over
2015_09_WAS_NE,2015,REG,9,2015-11-08,WAS,NE,10.0,27.0,13.5,51.5,37.0,0,Terry McAulay,HF,win,3.5,under
2015_10_ARI_SEA,2015,REG,10,2015-11-15,ARI,SEA,39.0,32.0,3.0,43.5,71.0,1,Clete Blakeman,HF,loss,-10.0,over
2015_10_BUF_NYJ,2015,REG,10,2015-11-12,BUF,NYJ,22.0,17.0,2.5,41.5,39.0,1,Brad Allen,HF,loss,-7.5,under
2015_10_CAR_TEN,2015,REG,10,2015-11-15,CAR,TEN,27.0,10.0,-3.5,42.5,37.0,0,Walt Anderson,AF,win,13.5,under
2015_10_CHI_STL,2015,REG,10,2015-11-15,CHI,STL,37.0,13.0,7.5,42.0,50.0,0,Jeff Triplette,HF,loss,-31.5,over
2015_10_CLE_PIT,2015,REG,10,2015-11-15,CLE,PIT,9.0,30.0,7.0,43.5,39.0,1,Ron Torbert,HF,win,14.0,under
2015_10_DAL_TB,2015,REG,10,2015-11-15,DAL,TB,6.0,10.0,-1.0,43.5,16.0,0,Bill Vinovich,AF,loss,-5.0,under
2015_10_DET_GB,2015,REG,10,2015-11-15,DET,GB,18.0,16.0,10.5,50.0,34.0,1,John Hussey,HF,loss,-12.5,under
2015_10_HOU_CIN,2015,REG,10,2015-11-16,HOU,CIN,10.0,6.0,10.0,46.5,16.0,0,Walt Coleman,HF,loss,-14.0,under
2015_10_JAX_BAL,2015,REG,10,2015-11-15,JAX,BAL,22.0,20.0,4.0,47.0,42.0,0,Peter Morelli,HF,loss,-6.0,under
2015_10_KC_DEN,2015,REG,10,2015-11-15,KC,DEN,29.0,13.0,4.0,42.0,42.0,1,Gene Steratore,HF,loss,-20.0,push
2015_10_MIA_PHI,2015,REG,10,2015-11-15,MIA,PHI,20.0,19.0,5.5,49.0,39.0,0,Terry McAulay,HF,loss,-6.5,under
2015_10_MIN_OAK,2015,REG,10,2015-11-15,MIN,OAK,30.0,14.0,3.0,44.0,44.0,0,Tony Corrente,HF,loss,-19.0,push
2015_10_NE_NYG,2015,REG,10,2015-11-15,NE,NYG,27.0,26.0,-7.0,52.5,53.0,0,Ed Hochuli,AF,loss,-6.0,over
2015_10_NO_WAS,2015,REG,10,2015-11-15,NO,WAS,14.0,47.0,-1.0,52.0,61.0,0,John Parry,AF,loss,-34.0,over
2015_11_BUF_NE,2015,REG,11,2015-11-23,BUF,NE,13.0,20.0,7.0,47.5,33.0,1,Gene Steratore,HF,push,0.0,under
2015_11_CIN_ARI,2015,REG,11,2015-11-22,CIN,ARI,31.0,34.0,4.0,48.0,65.0,0,Terry McAulay,HF,loss,-1.0,over
2015_11_DAL_MIA,2015,REG,11,2015-11-22,DAL,MIA,24.0,14.0,-2.5,45.0,38.0,0,Jeff Triplette,AF,win,7.5,under
2015_11_DEN_CHI,2015,REG,11,2015-11-22,DEN,CHI,17.0,15.0,-2.5,41.5,32.0,0,Peter Morelli,AF,loss,-0.5,under
2015_11_GB_MIN,2015,REG,11,2015-11-22,GB,MIN,30.0,13.0,-1.0,45.0,43.0,1,Walt Coleman,AF,win,16.0,under
2015_11_IND_ATL,2015,REG,11,2015-11-22,IND,ATL,24.0,21.0,3.5,47.5,45.0,0,Walt Anderson,HF,loss,-6.5,under
2015_11_KC_SD,2015,REG,11,2015-11-22,KC,SD,33.0,3.0,-3.0,45.5,36.0,1,Carl Cheffers,AF,win,27.0,under
2015_11_NYJ_HOU,2015,REG,11,2015-11-22,NYJ,HOU,17.0,24.0,-4.0,40.0,41.0,0,John Parry,AF,loss,-11.0,over
2015_11_OAK_DET,2015,REG,11,2015-11-22,OAK,DET,13.0,18.0,-2.0,50.0,31.0,0,Clete Blakeman,AF,loss,-7.0,under
2015_11_SF_SEA,2015,REG,11,2015-11-22,SF,SEA,13.0,29.0,14.0,40.0,42.0,1,Ed Hochuli,HF,win,2.0,over
2015_11_STL_BAL,2015,REG,11,2015-11-22,STL,BAL,13.0,16.0,3.0,41.0,29.0,0,Tony Corrente,HF,push,0.0,under
2015_11_TB_PHI,2015,REG,11,2015-11-22,TB,PHI,45.0,17.0,7.0,46.0,62.0,0,Brad Allen,HF,loss,-35.0,over
2015_11_TEN_JAX,2015,REG,11,2015-11-19,TEN,JAX,13.0,19.0,3.0,41.5,32.0,1,Craig Wrolstad,HF,win,3.0,under
2015_11_WAS_CAR,2015,REG,11,2015-11-22,WAS,CAR,16.0,44.0,7.0,44.0,60.0,0,Jerome Boger,HF,win,21.0,over
2015_12_ARI_SF,2015,REG,12,2015-11-29,ARI,SF,19.0,13.0,-7.5,45.0,32.0,1,Peter Morelli,AF,loss,-1.5,under
2015_12_BAL_CLE,2015,REG,12,2015-11-30,BAL,CLE,33.0,27.0,6.0,41.0,60.0,1,Brad Allen,HF,loss,-12.0,over
2015_12_BUF_KC,2015,REG,12,2015-11-29,BUF,KC,22.0,30.0,4.5,41.0,52.0,0,Terry McAulay,HF,win,3.5,over
2015_12_CAR_DAL,2015,REG,12,2015-11-26,CAR,DAL,33.0,14.0,-1.0,44.5,47.0,0,Ron Torbert,AF,win,18.0,over
2015_12_CHI_GB,2015,REG,12,2015-11-26,CHI,GB,17.0,13.0,7.5,45.0,30.0,1,Ed Hochuli,HF,loss,-11.5,under
2015_12_MIA_NYJ,2015,REG,12,2015-11-29,MIA,NYJ,20.0,38.0,4.5,44.0,58.0,1,Bill Vinovich,HF,win,13.5,over
2015_12_MIN_ATL,2015,REG,12,2015-11-29,MIN,ATL,20.0,10.0,2.0,45.0,30.0,0,Clete Blakeman,HF,loss,-12.0,under
2015_12_NE_DEN,2015,REG,12,2015-11-29,NE,DEN,24.0,30.0,-2.5,43.0,54.0,0,Tony Corrente,AF,loss,-8.5,over
2015_12_NO_HOU,2015,REG,12,2015-11-29,NO,HOU,6.0,24.0,3.5,50.5,30.0,0,John Hussey,HF,win,14.5,under
2015_12_NYG_WAS,2015,REG,12,2015-11-29,NYG,WAS,14.0,20.0,-1.0,47.5,34.0,1,Carl Cheffers,AF,loss,-7.0,under
2015_12_OAK_TEN,2015,REG,12,2015-11-29,OAK,TEN,24.0,21.0,-1.0,45.0,45.0,0,Jeff Triplette,AF,win,2.0,push
2015_12_PHI_DET,2015,REG,12,2015-11-26,PHI,DET,14.0,45.0,3.0,46.5,59.0,0,John Parry,HF,win,28.0,over
2015_12_PIT_SEA,2015,REG,12,2015-11-29,PIT,SEA,30.0,39.0,3.0,46.5,69.0,0,Walt Anderson,HF,win,6.0,over
2015_12_SD_JAX,2015,REG,12,2015-11-29,SD,JAX,31.0,25.0,5.0,47.0,56.0,0,Jerome Boger,HF,loss,-11.0,over
2015_12_STL_CIN,2015,REG,12,2015-11-29,STL,CIN,7.0,31.0,10.5,42.0,38.0,0,Craig Wrolstad,HF,win,13.5,under
2015_12_TB_IND,2015,REG,12,2015-11-29,TB,IND,12.0,25.0,3.0,46.5,37.0,0,Walt Coleman,HF,win,10.0,under
2015_13_ARI_STL,2015,REG,13,2015-12-06,ARI,STL,27.0,3.0,-3.5,43.0,30.0,1,Bill Vinovich,AF,win,20.5,under
2015_13_ATL_TB,2015,REG,13,2015-12-06,ATL,TB,19.0,23.0,1.0,46.5,42.0,1,Ed Hochuli,HF,win,3.0,under
2015_13_BAL_MIA,2015,REG,13,2015-12-06,BAL,MIA,13.0,15.0,3.5,43.0,28.0,0,John Parry,HF,loss,-1.5,under
2015_13_CAR_NO,2015,REG,13,2015-12-06,CAR,NO,41.0,38.0,-5.5,50.5,79.0,1,Brad Allen,AF,loss,-2.5,over
2015_13_CIN_CLE,2015,REG,13,2015-12-06,CIN,CLE,37.0,3.0,-7.5,44.0,40.0,1,Jeff Triplette,AF,win,26.5,under
2015_13_DAL_WAS,2015,REG,13,2015-12-07,DAL,WAS,19.0,16.0,2.0,43.0,35.0,1,Walt Anderson,HF,loss,-5.0,under
2015_13_DEN_SD,2015,REG,13,2015-12-06,DEN,SD,17.0,3.0,-6.0,45.0,20.0,1,Walt Coleman,AF,win,8.0,under
2015_13_GB_DET,2015,REG,13,2015-12-03,GB,DET,27.0,23.0,-2.5,46.0,50.0,1,Carl Cheffers,AF,win,1.5,over
2015_13_HOU_BUF,2015,REG,13,2015-12-06,HOU,BUF,21.0,30.0,3.0,42.0,51.0,0,Tony Corrente,HF,win,6.0,over
2015_13_IND_PIT,2015,REG,13,2015-12-06,IND,PIT,10.0,45.0,10.0,50.5,55.0,0,Ron Torbert,HF,win,25.0,over
2015_13_JAX_TEN,2015,REG,13,2015-12-06,JAX,TEN,39.0,42.0,3.0,43.5,81.0,1,Gene Steratore,HF,push,0.0,over
2015_13_KC_OAK,2015,REG,13,2015-12-06,KC,OAK,34.0,20.0,-3.0,45.5,54.0,1,Craig Wrolstad,AF,win,11.0,over
2015_13_NYJ_NYG,2015,REG,13,2015-12-06,NYJ,NYG,23.0,20.0,-2.0,45.5,43.0,0,John Hussey,AF,win,1.0,under
2015_13_PHI_NE,2015,REG,13,2015-12-06,PHI,NE,35.0,28.0,9.5,49.5,63.0,0,Peter Morelli,HF,loss,-16.5,over
2015_13_SEA_MIN,2015,REG,13,2015-12-06,SEA,MIN,38.0,7.0,-2.5,43.0,45.0,0,Terry McAulay,AF,win,28.5,over
2015_13_SF_CHI,2015,REG,13,2015-12-06,SF,CHI,26.0,20.0,6.0,43.0,46.0,0,Jerome Boger,HF,loss,-12.0,over
2015_14_ATL_CAR,2015,REG,14,2015-12-13,ATL,CAR,0.0,38.0,8.5,45.5,38.0,1,Tony Corrente,HF,win,29.5,under
2015_14_BUF_PHI,2015,REG,14,2015-12-13,BUF,PHI,20.0,23.0,1.0,48.0,43.0,0,Ed Hochuli,HF,win,2.0,under
2015_14_DAL_GB,2015,REG,14,2015-12-13,DAL,GB,7.0,28.0,6.0,43.0,35.0,0,Brad Allen,HF,win,15.0,under
2015_14_DET_STL,2015,REG,14,2015-12-13,DET,STL,14.0,21.0,-3.0,41.5,35.0,0,Walt Anderson,AF,loss,-10.0,under
2015_14_IND_JAX,2015,REG,14,2015-12-13,IND,JAX,16.0,51.0,1.0,45.5,67.0,1,Carl Cheffers,HF,win,34.0,over
2015_14_MIN_ARI,2015,REG,14,2015-12-10,MIN,ARI,20.0,23.0,10.0,46.5,43.0,0,Gene Steratore,HF,loss,-7.0,under
2015_14_NE_HOU,2015,REG,14,2015-12-13,NE,HOU,27.0,6.0,-4.0,46.0,33.0,0,Jeff Triplette,AF,win,17.0,under
2015_14_NO_TB,2015,REG,14,2015-12-13,NO,TB,24.0,17.0,6.0,52.0,41.0,1,Clete Blakeman,HF,loss,-13.0,under
2015_14_NYG_MIA,2015,REG,14,2015-12-14,NYG,MIA,31.0,24.0,-2.5,47.5,55.0,0,Craig Wrolstad,AF,win,4.5,over
2015_14_OAK_DEN,2015,REG,14,2015-12-13,OAK,DEN,15.0,12.0,6.0,43.0,27.0,1,Bill Vinovich,HF,loss,-9.0,under
2015_14_PIT_CIN,2015,REG,14,2015-12-13,PIT,CIN,33.0,20.0,1.0,49.0,53.0,1,John Parry,HF,loss,-14.0,over
2015_14_SD_KC,2015,REG,14,2015-12-13,SD,KC,3.0,10.0,11.5,42.0,13.0,1,Peter Morelli,HF,loss,-4.5,under
2015_14_SEA_BAL,2015,REG,14,2015-12-13,SEA,BAL,35.0,6.0,-10.5,42.0,41.0,0,Walt Coleman,AF,win,18.5,under
2015_14_SF_CLE,2015,REG,14,2015-12-13,SF,CLE,10.0,24.0,2.5,43.0,34.0,0,John Hussey,HF,win,11.5,under
2015_14_TEN_NYJ,2015,REG,14,2015-12-13,TEN,NYJ,8.0,30.0,8.0,43.0,38.0,0,Jerome Boger,HF,win,14.0,under
2015_14_WAS_CHI,2015,REG,14,2015-12-13,WAS,CHI,24.0,21.0,4.0,42.5,45.0,0,Ron Torbert,HF,loss,-7.0,over
2015_15_ARI_PHI,2015,REG,15,2015-12-20,ARI,PHI,40.0,17.0,-3.5,50.5,57.0,0,Tony Corrente,AF,win,19.5,over
2015_15_ATL_JAX,2015,REG,15,2015-12-20,ATL,JAX,23.0,17.0,2.0,47.5,40.0,0,Bill Vinovich,HF,loss,-8.0,under
2015_15_BUF_WAS,2015,REG,15,2015-12-20,BUF,WAS,25.0,35.0,-2.5,46.0,60.0,0,Clete Blakeman,AF,loss,-12.5,over
2015_15_CAR_NYG,2015,REG,15,2015-12-20,CAR,NYG,38.0,35.0,-4.5,46.5,73.0,0,Terry McAulay,AF,loss,-1.5,over
2015_15_CHI_MIN,2015,REG,15,2015-12-20,CHI,MIN,17.0,38.0,4.0,43.5,55.0,1,Brad Allen,HF,win,17.0,over
2015_15_CIN_SF,2015,REG,15,2015-12-20,CIN,SF,24.0,14.0,-7.0,41.0,38.0,0,Ron Torbert,AF,win,3.0,under
2015_15_CLE_SEA,2015,REG,15,2015-12-20,CLE,SEA,13.0,30.0,14.5,45.0,43.0,0,Gene Steratore,HF,win,2.5,under
2015_15_DEN_PIT,2015,REG,15,2015-12-20,DEN,PIT,27.0,34.0,7.5,45.5,61.0,0,Carl Cheffers,HF,loss,-0.5,over
2015_15_DET_NO,2015,REG,15,2015-12-21,DET,NO,35.0,27.0,2.5,52.0,62.0,0,Peter Morelli,HF,loss,-10.5,over
2015_15_GB_OAK,2015,REG,15,2015-12-20,GB,OAK,30.0,20.0,-4.0,47.0,50.0,0,Walt Anderson,AF,win,6.0,over
2015_15_HOU_IND,2015,REG,15,2015-12-20,HOU,IND,16.0,10.0,2.5,42.0,26.0,1,Ed Hochuli,HF,loss,-8.5,under
2015_15_KC_BAL,2015,REG,15,2015-12-20,KC,BAL,34.0,14.0,-6.5,41.0,48.0,0,Jeff Triplette,AF,win,13.5,over
2015_15_MIA_SD,2015,REG,15,2015-12-20,MIA,SD,14.0,30.0,1.0,46.5,44.0,0,John Hussey,HF,win,15.0,under
2015_15_NYJ_DAL,2015,REG,15,2015-12-19,NYJ,DAL,19.0,16.0,-3.0,41.0,35.0,0,Craig Wrolstad,AF,push,0.0,under
2015_15_TB_STL,2015,REG,15,2015-12-17,TB,STL,23.0,31.0,1.0,41.0,54.0,0,Jerome Boger,HF,win,7.0,over
2015_15_TEN_NE,2015,REG,15,2015-12-20,TEN,NE,16.0,33.0,14.5,48.0,49.0,0,Walt Coleman,HF,win,2.5,over
2015_16_CAR_ATL,2015,REG,16,2015-12-27,CAR,ATL,13.0,20.0,-7.0,45.5,33.0,1,John Parry,AF,loss,-14.0,under
2015_16_CHI_TB,2015,REG,16,2015-12-27,CHI,TB,26.0,21.0,3.0,44.0,47.0,0,Peter Morelli,HF,loss,-8.0,over
2015_16_CIN_DEN,2015,REG,16,2015-12-28,CIN,DEN,17.0,20.0,3.5,39.0,37.0,0,Ed Hochuli,HF,loss,-0.5,under
2015_16_CLE_KC,2015,REG,16,2015-12-27,CLE,KC,13.0,17.0,11.5,42.5,30.0,0,Walt Anderson,HF,loss,-7.5,under
2015_16_DAL_BUF,2015,REG,16,2015-12-27,DAL,BUF,6.0,16.0,6.5,42.0,22.0,0,Jeff Triplette,HF,win,3.5,under
2015_16_GB_ARI,2015,REG,16,2015-12-27,GB,ARI,8.0,38.0,6.0,50.0,46.0,0,Terry McAulay,HF,win,24.0,under
2015_16_HOU_TEN,2015,REG,16,2015-12-27,HOU,TEN,34.0,6.0,-3.5,39.0,40.0,1,Brad Allen,AF,win,24.5,over
2015_16_IND_MIA,2015,REG,16,2015-12-27,IND,MIA,18.0,12.0,2.5,44.0,30.0,0,Gene Steratore,HF,loss,-8.5,under
2015_16_JAX_NO,2015,REG,16,2015-12-27,JAX,NO,27.0,38.0,2.5,52.5,65.0,0,Ron Torbert,HF,win,8.5,over
2015_16_NE_NYJ,2015,REG,16,2015-12-27,NE,NYJ,20.0,26.0,-2.5,45.5,46.0,1,Clete Blakeman,AF,loss,-8.5,over
2015_16_NYG_MIN,2015,REG,16,2015-12-27,NYG,MIN,17.0,49.0,7.0,44.5,66.0,0,Tony Corrente,HF,win,25.0,over
2015_16_PIT_BAL,2015,REG,16,2015-12-27,PIT,BAL,17.0,20.0,-11.0,47.5,37.0,1,Craig Wrolstad,AF,loss,-14.0,under
2015_16_SD_OAK,2015,REG,16,2015-12-24,SD,OAK,20.0,23.0,4.0,45.0,43.0,1,Carl Cheffers,HF,loss,-1.0,under
2015_16_SF_DET,2015,REG,16,2015-12-27,SF,DET,17.0,32.0,8.5,42.5,49.0,0,Bill Vinovich,HF,win,6.5,over
2015_16_STL_SEA,2015,REG,16,2015-12-27,STL,SEA,23.0,17.0,11.0,42.0,40.0,1,John Hussey,HF,loss,-17.0,under
2015_16_WAS_PHI,2015,REG,16,2015-12-26,WAS,PHI,38.0,24.0,3.5,48.0,62.0,1,Walt Coleman,HF,loss,-17.5,over
2015_17_BAL_CIN,2015,REG,17,2016-01-03,BAL,CIN,16.0,24.0,10.0,40.5,40.0,1,Carl Cheffers,HF,loss,-2.0,under
2015_17_DET_CHI,2015,REG,17,2016-01-03,DET,CHI,24.0,20.0,-2.5,45.0,44.0,1,John Hussey,AF,win,1.5,under
2015_17_JAX_HOU,2015,REG,17,2016-01-03,JAX,HOU,6.0,30.0,5.0,45.0,36.0,1,Terry McAulay,HF,win,19.0,under
2015_17_MIN_GB,2015,REG,17,2016-01-03,MIN,GB,20.0,13.0,3.0,44.0,33.0,1,Bill Vinovich,HF,loss,-10.0,under
2015_17_NE_MIA,2015,REG,17,2016-01-03,NE,MIA,10.0,20.0,-10.0,46.5,30.0,1,Ed Hochuli,AF,loss,-20.0,under
2015_17_NO_ATL,2015,REG,17,2016-01-03,NO,ATL,20.0,17.0,6.0,53.5,37.0,1,Craig Wrolstad,HF,loss,-9.0,under
2015_17_NYJ_BUF,2015,REG,17,2016-01-03,NYJ,BUF,17.0,22.0,-2.5,41.0,39.0,1,Walt Anderson,AF,loss,-7.5,under
2015_17_OAK_KC,2015,REG,17,2016-01-03,OAK,KC,17.0,23.0,6.5,43.5,40.0,1,Tony Corrente,HF,loss,-0.5,under
2015_17_PHI_NYG,2015,REG,17,2016-01-03,PHI,NYG,35.0,30.0,4.0,51.0,65.0,1,Gene Steratore,HF,loss,-9.0,over
2015_17_PIT_CLE,2015,REG,17,2016-01-03,PIT,CLE,28.0,12.0,-13.0,47.0,40.0,1,Peter Morelli,AF,win,3.0,under
2015_17_SD_DEN,2015,REG,17,2016-01-03,SD,DEN,20.0,27.0,10.0,42.0,47.0,1,Ron Torbert,HF,loss,-3.0,over
2015_17_SEA_ARI,2015,REG,17,2016-01-03,SEA,ARI,36.0,6.0,6.0,46.5,42.0,1,Brad Allen,HF,loss,-36.0,under
2015_17_STL_SF,2015,REG,17,2016-01-03,STL,SF,16.0,19.0,-3.0,39.0,35.0,1,Walt Coleman,AF,loss,-6.0,under
2015_17_TB_CAR,2015,REG,17,2016-01-03,TB,CAR,10.0,38.0,10.0,44.0,48.0,1,Jerome Boger,HF,win,18.0,over
2015_17_TEN_IND,2015,REG,17,2016-01-03,TEN,IND,24.0,30.0,3.5,39.0,54.0,1,Clete Blakeman,HF,win,2.5,over
2015_17_WAS_DAL,2015,REG,17,2016-01-03,WAS,DAL,34.0,23.0,3.0,41.0,57.0,1,John Parry,HF,loss,-14.0,over
2015_18_GB_WAS,2015,WC,18,2016-01-10,GB,WAS,35.0,18.0,2.0,47.0,53.0,0,Gene Steratore,HF,loss,-19.0,over
2015_18_KC_HOU,2015,WC,18,2016-01-09,KC,HOU,30.0,0.0,-3.0,39.5,30.0,0,Ron Torbert,AF,win,27.0,under
2015_18_PIT_CIN,2015,WC,18,2016-01-09,PIT,CIN,18.0,16.0,-2.0,46.0,34.0,1,John Parry,AF,push,0.0,under
2015_18_SEA_MIN,2015,WC,18,2016-01-10,SEA,MIN,10.0,9.0,-4.0,40.0,19.0,0,Walt Coleman,AF,loss,-3.0,under
2015_19_GB_ARI,2015,DIV,19,2016-01-16,GB,ARI,20.0,26.0,7.0,49.0,46.0,0,Clete Blakeman,HF,loss,-1.0,under
2015_19_KC_NE,2015,DIV,19,2016-01-16,KC,NE,20.0,27.0,6.0,44.0,47.0,0,Craig Wrolstad,HF,win,1.0,over
2015_19_PIT_DEN,2015,DIV,19,2016-01-17,PIT,DEN,16.0,23.0,7.0,41.5,39.0,0,Terry McAulay,HF,push,0.0,under
2015_19_SEA_CAR,2015,DIV,19,2016-01-17,SEA,CAR,24.0,31.0,2.5,41.5,55.0,0,Tony Corrente,HF,win,4.5,over
2015_20_ARI_CAR,2015,CON,20,2016-01-24,ARI,CAR,15.0,49.0,3.5,47.0,64.0,0,Bill Vinovich,HF,win,30.5,over
2015_20_NE_DEN,2015,CON,20,2016-01-24,NE,DEN,18.0,20.0,-2.5,45.0,38.0,0,Ed Hochuli,AF,loss,-4.5,under
2015_21_CAR_DEN,2015,SB,21,2016-02-07,CAR,DEN,10.0,24.0,-4.5,43.0,34.0,0,Clete Blakeman,AF,loss,-18.5,under
2016_01_BUF_BAL,2016,REG,1,2016-09-11,BUF,BAL,7.0,13.0,3.0,44.5,20.0,0,Brad Allen,HF,win,3.0,under
2016_01_CAR_DEN,2016,REG,1,2016-09-08,CAR,DEN,20.0,21.0,-3.0,40.5,41.0,0,Gene Steratore,AF,loss,-4.0,over
2016_01_CHI_HOU,2016,REG,1,2016-09-11,CHI,HOU,14.0,23.0,5.5,43.0,37.0,0,Peter Morelli,HF,win,3.5,under
2016_01_CIN_NYJ,2016,REG,1,2016-09-11,CIN,NYJ,23.0,22.0,1.0,42.0,45.0,0,Clete Blakeman,HF,loss,-2.0,over
2016_01_CLE_PHI,2016,REG,1,2016-09-11,CLE,PHI,10.0,29.0,3.5,41.0,39.0,0,Walt Anderson,HF,win,15.5,under
2016_01_DET_IND,2016,REG,1,2016-09-11,DET,IND,39.0,35.0,2.5,51.5,74.0,0,Ed Hochuli,HF,loss,-6.5,over
2016_01_GB_JAX,2016,REG,1,2016-09-11,GB,JAX,27.0,23.0,-3.5,47.0,50.0,0,Carl Cheffers,AF,win,0.5,over
2016_01_LA_SF,2016,REG,1,2016-09-12,LA,SF,0.0,28.0,-2.5,44.0,28.0,1,Bill Vinovich,AF,loss,-30.5,under
2016_01_MIA_SEA,2016,REG,1,2016-09-11,MIA,SEA,10.0,12.0,10.5,43.5,22.0,0,John Hussey,HF,loss,-8.5,under
2016_01_MIN_TEN,2016,REG,1,2016-09-11,MIN,TEN,25.0,16.0,-2.5,40.0,41.0,0,Walt Coleman,AF,win,6.5,over
2016_01_NE_ARI,2016,REG,1,2016-09-11,NE,ARI,23.0,21.0,9.0,44.5,44.0,0,Tony Corrente,HF,loss,-11.0,under
2016_01_NYG_DAL,2016,REG,1,2016-09-11,NYG,DAL,20.0,19.0,1.0,47.5,39.0,1,Ron Torbert,HF,loss,-2.0,under
2016_01_OAK_NO,2016,REG,1,2016-09-11,OAK,NO,35.0,34.0,2.5,50.0,69.0,0,John Parry,HF,loss,-3.5,over
2016_01_PIT_WAS,2016,REG,1,2016-09-12,PIT,WAS,38.0,16.0,-2.5,49.0,54.0,0,Craig Wrolstad,AF,win,19.5,over
2016_01_SD_KC,2016,REG,1,2016-09-11,SD,KC,27.0,33.0,6.5,45.5,60.0,1,Jerome Boger,HF,loss,-0.5,over
2016_01_TB_ATL,2016,REG,1,2016-09-11,TB,ATL,31.0,24.0,2.5,46.5,55.0,1,Jeff Triplette,HF,loss,-9.5,over
2016_02_ATL_OAK,2016,REG,2,2016-09-18,ATL,OAK,35.0,28.0,4.0,47.5,63.0,0,Clete Blakeman,HF,loss,-11.0,over
2016_02_BAL_CLE,2016,REG,2,2016-09-18,BAL,CLE,25.0,20.0,-4.0,42.0,45.0,1,John Hussey,AF,win,1.0,over
2016_02_CIN_PIT,2016,REG,2,2016-09-18,CIN,PIT,16.0,24.0,3.0,48.0,40.0,1,Peter Morelli,HF,win,5.0,under
2016_02_DAL_WAS,2016,REG,2,2016-09-18,DAL,WAS,27.0,23.0,3.5,47.0,50.0,1,Bill Vinovich,HF,loss,-7.5,over
2016_02_GB_MIN,2016,REG,2,2016-09-18,GB,MIN,14.0,17.0,-1.5,43.0,31.0,1,Walt Anderson,AF,loss,-4.5,under
2016_02_IND_DEN,2016,REG,2,2016-09-18,IND,DEN,20.0,34.0,5.0,47.0,54.0,0,Walt Coleman,HF,win,9.0,over
2016_02_JAX_SD,2016,REG,2,2016-09-18,JAX,SD,14.0,38.0,3.0,47.5,52.0,0,Carl Cheffers,HF,win,21.0,over
2016_02_KC_HOU,2016,REG,2,2016-09-18,KC,HOU,12.0,19.0,-1.0,41.5,31.0,0,Tony Corrente,AF,loss,-8.0,under
2016_02_MIA_NE,2016,REG,2,2016-09-18,MIA,NE,24.0,31.0,5.5,42.0,55.0,1,Craig Wrolstad,HF,win,1.5,over
2016_02_NO_NYG,2016,REG,2,2016-09-18,NO,NYG,13.0,16.0,3.5,54.0,29.0,0,Gene Steratore,HF,loss,-0.5,under
2016_02_NYJ_BUF,2016,REG,2,2016-09-15,NYJ,BUF,37.0,31.0,1.5,40.5,68.0,1,Ed Hochuli,HF,loss,-7.5,over
2016_02_PHI_CHI,2016,REG,2,2016-09-19,PHI,CHI,29.0,14.0,3.0,42.5,43.0,0,Jeff Triplette,HF,loss,-18.0,over
2016_02_SEA_LA,2016,REG,2,2016-09-18,SEA,LA,3.0,9.0,-5.5,38.0,12.0,1,Jerome Boger,AF,loss,-11.5,under
2016_02_SF_CAR,2016,REG,2,2016-09-18,SF,CAR,27.0,46.0,12.0,44.5,73.0,0,John Parry,HF,win,7.0,over
2016_02_TB_ARI,2016,REG,2,2016-09-18,TB,ARI,7.0,40.0,7.5,49.5,47.0,0,Ron Torbert,HF,win,25.5,under
2016_02_TEN_DET,2016,REG,2,2016-09-18,TEN,DET,16.0,15.0,6.0,48.0,31.0,0,Brad Allen,HF,loss,-7.0,under
2016_03_ARI_BUF,2016,REG,3,2016-09-25,ARI,BUF,18.0,33.0,-5.0,48.0,51.0,0,Walt Anderson,AF,loss,-20.0,over
2016_03_ATL_NO,2016,REG,3,2016-09-26,ATL,NO,45.0,32.0,2.5,54.0,77.0,1,Peter Morelli,HF,loss,-15.5,over
2016_03_BAL_JAX,2016,REG,3,2016-09-25,BAL,JAX,19.0,17.0,-1.0,45.0,36.0,0,Gene Steratore,AF,win,1.0,under
2016_03_CHI_DAL,2016,REG,3,2016-09-25,CHI,DAL,17.0,31.0,6.5,45.0,48.0,0,Craig Wrolstad,HF,win,7.5,over
2016_03_CLE_MIA,2016,REG,3,2016-09-25,CLE,MIA,24.0,30.0,10.0,42.0,54.0,0,Clete Blakeman,HF,loss,-4.0,over
2016_03_DEN_CIN,2016,REG,3,2016-09-25,DEN,CIN,29.0,17.0,3.5,42.0,46.0,0,John Parry,HF,loss,-15.5,over
2016_03_DET_GB,2016,REG,3,2016-09-25,DET,GB,27.0,34.0,6.0,47.5,61.0,1,Carl Cheffers,HF,win,1.0,over
2016_03_HOU_NE,2016,REG,3,2016-09-22,HOU,NE,0.0,27.0,1.0,38.5,27.0,0,Walt Coleman,HF,win,26.0,under
2016_03_LA_TB,2016,REG,3,2016-09-25,LA,TB,37.0,32.0,3.5,40.5,69.0,0,Ed Hochuli,HF,loss,-8.5,over
2016_03_MIN_CAR,2016,REG,3,2016-09-25,MIN,CAR,22.0,10.0,6.0,43.0,32.0,0,Jerome Boger,HF,loss,-18.0,under
2016_03_NYJ_KC,2016,REG,3,2016-09-25,NYJ,KC,3.0,24.0,3.0,44.5,27.0,0,Bill Vinovich,HF,win,18.0,under
2016_03_OAK_TEN,2016,REG,3,2016-09-25,OAK,TEN,17.0,10.0,-1.5,47.0,27.0,0,Tony Corrente,AF,win,5.5,under
2016_03_PIT_PHI,2016,REG,3,2016-09-25,PIT,PHI,3.0,34.0,-3.5,46.5,37.0,0,Brad Allen,AF,loss,-34.5,under
2016_03_SD_IND,2016,REG,3,2016-09-25,SD,IND,22.0,26.0,1.5,51.5,48.0,0,Ron Torbert,HF,win,2.5,under
2016_03_SF_SEA,2016,REG,3,2016-09-25,SF,SEA,18.0,37.0,10.5,42.0,55.0,1,Jeff Triplette,HF,win,8.5,over
2016_03_WAS_NYG,2016,REG,3,2016-09-25,WAS,NYG,29.0,27.0,3.5,47.0,56.0,1,John Hussey,HF,loss,-5.5,over
2016_04_BUF_NE,2016,REG,4,2016-10-02,BUF,NE,16.0,0.0,3.5,41.0,16.0,1,Peter Morelli,HF,loss,-19.5,under
2016_04_CAR_ATL,2016,REG,4,2016-10-02,CAR,ATL,33.0,48.0,-2.5,48.5,81.0,1,John Hussey,AF,loss,-17.5,over
2016_04_CLE_WAS,2016,REG,4,2016-10-02,CLE,WAS,20.0,31.0,7.5,48.0,51.0,0,Jeff Triplette,HF,win,3.5,over
2016_04_DAL_SF,2016,REG,4,2016-10-02,DAL,SF,24.0,17.0,-1.0,44.0,41.0,0,Terry McAulay,AF,win,6.0,under
2016_04_DEN_TB,2016,REG,4,2016-10-02,DEN,TB,27.0,7.0,-3.5,43.0,34.0,0,Jerome Boger,AF,win,16.5,under
2016_04_DET_CHI,2016,REG,4,2016-10-02,DET,CHI,14.0,17.0,-3.0,48.0,31.0,1,Tony Corrente,AF,loss,-6.0,under
2016_04_IND_JAX,2016,REG,4,2016-10-02,IND,JAX,27.0,30.0,1.0,48.0,57.0,1,Walt Anderson,HF,win,2.0,over
2016_04_KC_PIT,2016,REG,4,2016-10-02,KC,PIT,14.0,43.0,3.0,48.0,57.0,0,Ron Torbert,HF,win,26.0,over
2016_04_LA_ARI,2016,REG,4,2016-10-02,LA,ARI,17.0,13.0,10.0,43.5,30.0,1,Gene Steratore,HF,loss,-14.0,under
2016_04_MIA_CIN,2016,REG,4,2016-09-29,MIA,CIN,7.0,22.0,7.5,46.0,29.0,0,Bill Vinovich,HF,win,7.5,under
2016_04_NO_SD,2016,REG,4,2016-10-02,NO,SD,35.0,34.0,4.0,54.0,69.0,0,Walt Coleman,HF,loss,-5.0,over
2016_04_NYG_MIN,2016,REG,4,2016-10-03,NYG,MIN,10.0,24.0,3.5,42.5,34.0,0,Brad Allen,HF,win,10.5,under
2016_04_OAK_BAL,2016,REG,4,2016-10-02,OAK,BAL,28.0,27.0,3.5,45.0,55.0,0,Ed Hochuli,HF,loss,-4.5,over
2016_04_SEA_NYJ,2016,REG,4,2016-10-02,SEA,NYJ,27.0,17.0,-1.0,40.0,44.0,0,Carl Cheffers,AF,win,9.0,over
2016_04_TEN_HOU,2016,REG,4,2016-10-02,TEN,HOU,20.0,27.0,4.0,40.0,47.0,1,Clete Blakeman,HF,win,3.0,over
2016_05_ARI_SF,2016,REG,5,2016-10-06,ARI,SF,33.0,21.0,-3.5,42.5,54.0,1,Carl Cheffers,AF,win,8.5,over
2016_05_ATL_DEN,2016,REG,5,2016-10-09,ATL,DEN,23.0,16.0,3.5,44.5,39.0,0,Terry McAulay,HF,loss,-10.5,under
2016_05_BUF_LA,2016,REG,5,2016-10-09,BUF,LA,30.0,19.0,-2.5,41.5,49.0,0,Walt Coleman,AF,win,8.5,over
2016_05_CHI_IND,2016,REG,5,2016-10-09,CHI,IND,23.0,29.0,4.0,47.5,52.0,0,John Hussey,HF,win,2.0,over
2016_05_CIN_DAL,2016,REG,5,2016-10-09,CIN,DAL,14.0,28.0,-2.5,46.0,42.0,0,Tony Corrente,AF,loss,-16.5,under
2016_05_HOU_MIN,2016,REG,5,2016-10-09,HOU,MIN,13.0,31.0,6.0,39.0,44.0,0,Jeff Triplette,HF,win,12.0,over
2016_05_NE_CLE,2016,REG,5,2016-10-09,NE,CLE,33.0,13.0,-10.0,47.5,46.0,0,Bill Vinovich,AF,win,10.0,under
2016_05_NYG_GB,2016,REG,5,2016-10-09,NYG,GB,16.0,23.0,7.0,49.0,39.0,0,Ed Hochuli,HF,push,0.0,under
2016_05_NYJ_PIT,2016,REG,5,2016-10-09,NYJ,PIT,13.0,31.0,10.0,50.0,44.0,0,John Parry,HF,win,8.0,under
2016_05_PHI_DET,2016,REG,5,2016-10-09,PHI,DET,23.0,24.0,-3.5,46.0,47.0,0,Peter Morelli,AF,loss,-4.5,over
2016_05_SD_OAK,2016,REG,5,2016-10-09,SD,OAK,31.0,34.0,3.5,50.5,65.0,1,Gene Steratore,HF,loss,-0.5,over
2016_05_TB_CAR,2016,REG,5,2016-10-10,TB,CAR,17.0,14.0,6.0,46.5,31.0,1,Clete Blakeman,HF,loss,-9.0,under
2016_05_TEN_MIA,2016,REG,5,2016-10-09,TEN,MIA,30.0,17.0,2.5,44.5,47.0,0,Craig Wrolstad,HF,loss,-15.5,over
2016_05_WAS_BAL,2016,REG,5,2016-10-09,WAS,BAL,16.0,10.0,4.0,44.5,26.0,0,Ron Torbert,HF,loss,-10.0,under
2016_06_ATL_SEA,2016,REG,6,2016-10-16,ATL,SEA,24.0,26.0,7.0,45.5,50.0,0,Tony Corrente,HF,loss,-5.0,over
2016_06_BAL_NYG,2016,REG,6,2016-10-16,BAL,NYG,23.0,27.0,3.5,42.5,50.0,0,Jeff Triplette,HF,win,0.5,over
2016_06_CAR_NO,2016,REG,6,2016-10-16,CAR,NO,38.0,41.0,-2.5,53.5,79.0,1,Walt Anderson,AF,loss,-5.5,over
2016_06_CIN_NE,2016,REG,6,2016-10-16,CIN,NE,17.0,35.0,7.5,48.5,52.0,0,Ron Torbert,HF,win,10.5,over
2016_06_CLE_TEN,2016,REG,6,2016-10-16,CLE,TEN,26.0,28.0,7.5,45.0,54.0,0,Carl Cheffers,HF,loss,-5.5,over
2016_06_DAL_GB,2016,REG,6,2016-10-16,DAL,GB,30.0,16.0,5.0,47.0,46.0,0,Brad Allen,HF,loss,-19.0,under
2016_06_DEN_SD,2016,REG,6,2016-10-13,DEN,SD,13.0,21.0,-3.0,44.0,34.0,1,Craig Wrolstad,AF,loss,-11.0,under
2016_06_IND_HOU,2016,REG,6,2016-10-16,IND,HOU,23.0,26.0,3.0,47.5,49.0,1,Bill Vinovich,HF,push,0.0,over
2016_06_JAX_CHI,2016,REG,6,2016-10-16,JAX,CHI,17.0,16.0,2.5,46.0,33.0,0,Clete Blakeman,HF,loss,-3.5,under
2016_06_KC_OAK,2016,REG,6,2016-10-16,KC,OAK,26.0,10.0,-1.0,46.5,36.0,1,Peter Morelli,AF,win,15.0,under
2016_06_LA_DET,2016,REG,6,2016-10-16,LA,DET,28.0,31.0,2.5,44.0,59.0,0,John Hussey,HF,win,0.5,over
2016_06_NYJ_ARI,2016,REG,6,2016-10-17,NYJ,ARI,3.0,28.0,7.5,46.0,31.0,0,Jerome Boger,HF,win,17.5,under
2016_06_PHI_WAS,2016,REG,6,2016-10-16,PHI,WAS,20.0,27.0,-3.0,45.0,47.0,1,John Parry,AF,loss,-10.0,over
2016_06_PIT_MIA,2016,REG,6,2016-10-16,PIT,MIA,15.0,30.0,-7.5,49.5,45.0,0,Ed Hochuli,AF,loss,-22.5,under
2016_06_SF_BUF,2016,REG,6,2016-10-16,SF,BUF,16.0,45.0,7.5,44.0,61.0,0,Gene Steratore,HF,win,21.5,over
2016_07_BAL_NYJ,2016,REG,7,2016-10-23,BAL,NYJ,16.0,24.0,2.0,40.5,40.0,0,Walt Anderson,HF,win,6.0,under
2016_07_BUF_MIA,2016,REG,7,2016-10-23,BUF,MIA,25.0,28.0,-2.5,46.0,53.0,1,Brad Allen,AF,loss,-5.5,over
2016_07_CHI_GB,2016,REG,7,2016-10-20,CHI,GB,10.0,26.0,7.5,46.5,36.0,1,John Parry,HF,win,8.5,under
2016_07_CLE_CIN,2016,REG,7,2016-10-23,CLE,CIN,17.0,31.0,11.5,46.5,48.0,1,Ed Hochuli,HF,win,2.5,over
2016_07_HOU_DEN,2016,REG,7,2016-10-24,HOU,DEN,9.0,27.0,8.5,40.0,36.0,0,Carl Cheffers,HF,win,9.5,under
2016_07_IND_TEN,2016,REG,7,2016-10-23,IND,TEN,34.0,26.0,4.0,48.5,60.0,1,Jerome Boger,HF,loss,-12.0,over
2016_07_MIN_PHI,2016,REG,7,2016-10-23,MIN,PHI,10.0,21.0,-2.5,39.0,31.0,0,John Hussey,AF,loss,-13.5,under
2016_07_NE_PIT,2016,REG,7,2016-10-23,NE,PIT,27.0,16.0,-7.5,49.0,43.0,0,Craig Wrolstad,AF,win,3.5,under
2016_07_NO_KC,2016,REG,7,2016-10-23,NO,KC,21.0,27.0,6.0,51.0,48.0,0,Clete Blakeman,HF,push,0.0,under
2016_07_NYG_LA,2016,REG,7,2016-10-23,NYG,LA,17.0,10.0,-3.0,44.5,27.0,0,Ron Torbert,AF,win,4.0,under
2016_07_OAK_JAX,2016,REG,7,2016-10-23,OAK,JAX,33.0,16.0,1.5,47.5,49.0,0,Jeff Triplette,HF,loss,-18.5,over
2016_07_SD_ATL,2016,REG,7,2016-10-23,SD,ATL,33.0,30.0,4.5,52.5,63.0,0,Bill Vinovich,HF,loss,-7.5,over
2016_07_SEA_ARI,2016,REG,7,2016-10-23,SEA,ARI,6.0,6.0,2.5,43.0,12.0,1,Terry McAulay,HF,loss,-2.5,under
2016_07_TB_SF,2016,REG,7,2016-10-23,TB,SF,34.0,17.0,1.0,45.0,51.0,0,Peter Morelli,HF,loss,-18.0,over
2016_07_WAS_DET,2016,REG,7,2016-10-23,WAS,DET,17.0,20.0,-1.0,50.0,37.0,0,Walt Coleman,AF,loss,-4.0,under
2016_08_ARI_CAR,2016,REG,8,2016-10-30,ARI,CAR,20.0,30.0,2.5,45.5,50.0,0,Walt Coleman,HF,win,7.5,over
2016_08_DET_HOU,2016,REG,8,2016-10-30,DET,HOU,13.0,20.0,1.0,46.5,33.0,0,Brad Allen,HF,win,6.0,under
2016_08_GB_ATL,2016,REG,8,2016-10-30,GB,ATL,32.0,33.0,3.0,51.0,65.0,0,Walt Anderson,HF,loss,-2.0,over
2016_08_JAX_TEN,2016,REG,8,2016-10-27,JAX,TEN,22.0,36.0,3.0,43.5,58.0,1,John Hussey,HF,win,11.0,over
2016_08_KC_IND,2016,REG,8,2016-10-30,KC,IND,30.0,14.0,-3.0,50.5,44.0,0,Craig Wrolstad,AF,win,13.0,under
2016_08_MIN_CHI,2016,REG,8,2016-10-31,MIN,CHI,10.0,20.0,-5.5,39.5,30.0,1,Gene Steratore,AF,loss,-15.5,under
2016_08_NE_BUF,2016,REG,8,2016-10-30,NE,BUF,41.0,25.0,-5.5,48.0,66.0,1,John Parry,AF,win,10.5,over
2016_08_NYJ_CLE,2016,REG,8,2016-10-30,NYJ,CLE,31.0,28.0,-2.5,45.5,59.0,0,Peter Morelli,AF,win,0.5,over
2016_08_OAK_TB,2016,REG,8,2016-10-30,OAK,TB,30.0,24.0,1.0,48.0,54.0,0,Terry McAulay,HF,loss,-7.0,over
2016_08_PHI_DAL,2016,REG,8,2016-10-30,PHI,DAL,23.0,29.0,5.0,44.0,52.0,1,Jerome Boger,HF,win,1.0,over
2016_08_SD_DEN,2016,REG,8,2016-10-30,SD,DEN,19.0,27.0,3.5,43.0,46.0,1,Tony Corrente,HF,win,4.5,over
2016_08_SEA_NO,2016,REG,8,2016-10-30,SEA,NO,20.0,25.0,-1.0,50.0,45.0,0,Ed Hochuli,AF,loss,-6.0,under
2016_08_WAS_CIN,2016,REG,8,2016-10-30,WAS,CIN,27.0,27.0,3.0,49.0,54.0,0,Carl Cheffers,HF,loss,-3.0,over
2016_09_ATL_TB,2016,REG,9,2016-11-03,ATL,TB,43.0,28.0,-4.5,49.0,71.0,1,Ron Torbert,AF,win,10.5,over
2016_09_BUF_SEA,2016,REG,9,2016-11-07,BUF,SEA,25.0,31.0,5.5,43.5,56.0,0,Walt Anderson,HF,win,0.5,over
2016_09_CAR_LA,2016,REG,9,2016-11-06,CAR,LA,13.0,10.0,-3.0,44.5,23.0,0,Terry McAulay,AF,push,0.0,under
2016_09_DAL_CLE,2016,REG,9,2016-11-06,DAL,CLE,35.0,10.0,-7.0,49.0,45.0,0,Jeff Triplette,AF,win,18.0,under
2016_09_DEN_OAK,2016,REG,9,2016-11-06,DEN,OAK,20.0,30.0,1.0,44.5,50.0,1,Clete Blakeman,HF,win,9.0,over
2016_09_DET_MIN,2016,REG,9,2016-11-06,DET,MIN,22.0,16.0,4.0,42.5,38.0,1,Ed Hochuli,HF,loss,-10.0,under
2016_09_IND_GB,2016,REG,9,2016-11-06,IND,GB,31.0,26.0,7.5,52.0,57.0,0,Tony Corrente,HF,loss,-12.5,over
2016_09_JAX_KC,2016,REG,9,2016-11-06,JAX,KC,14.0,19.0,7.0,42.5,33.0,0,Gene Steratore,HF,loss,-2.0,under
2016_09_NO_SF,2016,REG,9,2016-11-06,NO,SF,41.0,23.0,-5.0,53.0,64.0,0,Jerome Boger,AF,win,13.0,over
2016_09_NYJ_MIA,2016,REG,9,2016-11-06,NYJ,MIA,23.0,27.0,3.5,45.0,50.0,1,Walt Coleman,HF,win,0.5,over
2016_09_PHI_NYG,2016,REG,9,2016-11-06,PHI,NYG,23.0,28.0,3.0,42.5,51.0,1,Bill Vinovich,HF,win,2.0,over
2016_09_PIT_BAL,2016,REG,9,2016-11-06,PIT,BAL,14.0,21.0,-3.5,46.0,35.0,1,John Hussey,AF,loss,-10.5,under
2016_09_TEN_SD,2016,REG,9,2016-11-06,TEN,SD,35.0,43.0,3.5,47.5,78.0,0,Brad Allen,HF,win,4.5,over
2016_10_ATL_PHI,2016,REG,10,2016-11-13,ATL,PHI,15.0,24.0,2.0,48.5,39.0,0,Craig Wrolstad,HF,win,7.0,under
2016_10_CHI_TB,2016,REG,10,2016-11-13,CHI,TB,10.0,36.0,-2.5,45.0,46.0,0,Walt Coleman,AF,loss,-28.5,over
2016_10_CIN_NYG,2016,REG,10,2016-11-14,CIN,NYG,20.0,21.0,-1.0,49.5,41.0,0,John Parry,AF,loss,-2.0,under
2016_10_CLE_BAL,2016,REG,10,2016-11-10,CLE,BAL,7.0,28.0,7.5,44.0,35.0,1,Jerome Boger,HF,win,13.5,under
2016_10_DAL_PIT,2016,REG,10,2016-11-13,DAL,PIT,35.0,30.0,3.0,50.5,65.0,0,Clete Blakeman,HF,loss,-8.0,over
2016_10_DEN_NO,2016,REG,10,2016-11-13,DEN,NO,25.0,23.0,3.0,50.0,48.0,0,Bill Vinovich,HF,loss,-5.0,under
2016_10_GB_TEN,2016,REG,10,2016-11-13,GB,TEN,25.0,47.0,-3.0,48.5,72.0,0,Jeff Triplette,AF,loss,-25.0,over
2016_10_HOU_JAX,2016,REG,10,2016-11-13,HOU,JAX,24.0,21.0,3.0,42.0,45.0,1,Ron Torbert,HF,loss,-6.0,over
2016_10_KC_CAR,2016,REG,10,2016-11-13,KC,CAR,20.0,17.0,3.0,44.0,37.0,0,Carl Cheffers,HF,loss,-6.0,under
2016_10_LA_NYJ,2016,REG,10,2016-11-13,LA,NYJ,9.0,6.0,-1.0,39.0,15.0,0,Ed Hochuli,AF,win,2.0,under
2016_10_MIA_SD,2016,REG,10,2016-11-13,MIA,SD,31.0,24.0,4.0,48.5,55.0,0,Terry McAulay,HF,loss,-11.0,over
2016_10_MIN_WAS,2016,REG,10,2016-11-13,MIN,WAS,20.0,26.0,2.5,42.0,46.0,0,Peter Morelli,HF,win,3.5,over
2016_10_SEA_NE,2016,REG,10,2016-11-13,SEA,NE,31.0,24.0,7.5,49.5,55.0,0,Gene Steratore,HF,loss,-14.5,over
2016_10_SF_ARI,2016,REG,10,2016-11-13,SF,ARI,20.0,23.0,14.0,46.5,43.0,1,Brad Allen,HF,loss,-11.0,under
2016_11_ARI_MIN,2016,REG,11,2016-11-20,ARI,MIN,24.0,30.0,2.0,39.5,54.0,0,Clete Blakeman,HF,win,4.0,over
2016_11_BAL_DAL,2016,REG,11,2016-11-20,BAL,DAL,17.0,27.0,7.0,44.5,44.0,0,John Parry,HF,win,3.0,under
2016_11_BUF_CIN,2016,REG,11,2016-11-20,BUF,CIN,16.0,12.0,2.5,48.0,28.0,0,Terry McAulay,HF,loss,-6.5,under
2016_11_CHI_NYG,2016,REG,11,2016-11-20,CHI,NYG,16.0,22.0,7.0,41.5,38.0,0,Craig Wrolstad,HF,loss,-1.0,under
2016_11_GB_WAS,2016,REG,11,2016-11-20,GB,WAS,24.0,42.0,2.5,48.5,66.0,0,John Hussey,HF,win,15.5,over
2016_11_HOU_OAK,2016,REG,11,2016-11-21,HOU,OAK,20.0,27.0,6.5,45.5,47.0,0,Tony Corrente,HF,win,0.5,over
2016_11_JAX_DET,2016,REG,11,2016-11-20,JAX,DET,19.0,26.0,5.5,47.0,45.0,0,Bill Vinovich,HF,win,1.5,under
2016_11_MIA_LA,2016,REG,11,2016-11-20,MIA,LA,14.0,10.0,1.0,39.0,24.0,0,Gene Steratore,HF,loss,-5.0,under
2016_11_NE_SF,2016,REG,11,2016-11-20,NE,SF,30.0,17.0,-10.5,51.5,47.0,0,Jeff Triplette,AF,win,2.5,under
2016_11_NO_CAR,2016,REG,11,2016-11-17,NO,CAR,20.0,23.0,3.5,52.5,43.0,1,Peter Morelli,HF,loss,-0.5,under
2016_11_PHI_SEA,2016,REG,11,2016-11-20,PHI,SEA,15.0,26.0,6.5,43.0,41.0,0,Carl Cheffers,HF,win,4.5,under
2016_11_PIT_CLE,2016,REG,11,2016-11-20,PIT,CLE,24.0,9.0,-8.0,45.5,33.0,1,Brad Allen,AF,win,7.0,under
2016_11_TB_KC,2016,REG,11,2016-11-20,TB,KC,19.0,17.0,7.0,45.0,36.0,0,Ed Hochuli,HF,loss,-9.0,under
2016_11_TEN_IND,2016,REG,11,2016-11-20,TEN,IND,17.0,24.0,3.0,53.5,41.0,1,Walt Anderson,HF,win,4.0,under
2016_12_ARI_ATL,2016,REG,12,2016-11-27,ARI,ATL,19.0,38.0,3.5,49.0,57.0,0,John Parry,HF,win,15.5,over
2016_12_CAR_OAK,2016,REG,12,2016-11-27,CAR,OAK,32.0,35.0,3.5,48.5,67.0,0,Jerome Boger,HF,loss,-0.5,over
2016_12_CIN_BAL,2016,REG,12,2016-11-27,CIN,BAL,14.0,19.0,3.5,42.0,33.0,1,Clete Blakeman,HF,win,1.5,under
2016_12_GB_PHI,2016,REG,12,2016-11-28,GB,PHI,27.0,13.0,4.0,47.0,40.0,0,Terry McAulay,HF,loss,-18.0,under
2016_12_JAX_BUF,2016,REG,12,2016-11-27,JAX,BUF,21.0,28.0,8.5,43.5,49.0,0,Tony Corrente,HF,loss,-1.5,over
2016_12_KC_DEN,2016,REG,12,2016-11-27,KC,DEN,30.0,27.0,3.5,40.0,57.0,1,Peter Morelli,HF,loss,-6.5,over
2016_12_LA_NO,2016,REG,12,2016-11-27,LA,NO,21.0,49.0,7.5,46.0,70.0,0,John Hussey,HF,win,20.5,over
2016_12_MIN_DET,2016,REG,12,2016-11-24,MIN,DET,13.0,16.0,2.0,42.0,29.0,1,Carl Cheffers,HF,win,1.0,under
2016_12_NE_NYJ,2016,REG,12,2016-11-27,NE,NYJ,22.0,17.0,-9.0,48.0,39.0,1,Brad Allen,AF,loss,-4.0,under
2016_12_NYG_CLE,2016,REG,12,2016-11-27,NYG,CLE,27.0,13.0,-6.5,47.0,40.0,0,Walt Anderson,AF,win,7.5,under
2016_12_PIT_IND,2016,REG,12,2016-11-24,PIT,IND,28.0,7.0,-8.0,50.0,35.0,0,Walt Coleman,AF,win,13.0,under
2016_12_SD_HOU,2016,REG,12,2016-11-27,SD,HOU,21.0,13.0,-2.5,45.5,34.0,0,Jeff Triplette,AF,win,5.5,under
2016_12_SEA_TB,2016,REG,12,2016-11-27,SEA,TB,5.0,14.0,-5.0,46.0,19.0,0,Bill Vinovich,AF,loss,-14.0,under
2016_12_SF_MIA,2016,REG,12,2016-11-27,SF,MIA,24.0,31.0,7.0,44.5,55.0,0,Ron Torbert,HF,push,0.0,over
2016_12_TEN_CHI,2016,REG,12,2016-11-27,TEN,CHI,27.0,21.0,-6.5,41.5,48.0,0,Ed Hochuli,AF,loss,-0.5,over
2016_12_WAS_DAL,2016,REG,12,2016-11-24,WAS,DAL,26.0,31.0,5.5,53.0,57.0,1,Craig Wrolstad,HF,loss,-0.5,over
2016_13_BUF_OAK,2016,REG,13,2016-12-04,BUF,OAK,24.0,38.0,3.0,48.5,62.0,0,Bill Vinovich,HF,win,11.0,over
2016_13_CAR_SEA,2016,REG,13,2016-12-04,CAR,SEA,7.0,40.0,8.5,44.0,47.0,0,John Parry,HF,win,24.5,over
2016_13_DAL_MIN,2016,REG,13,2016-12-01,DAL,MIN,17.0,15.0,-3.0,43.5,32.0,0,Tony Corrente,AF,loss,-1.0,under
2016_13_DEN_JAX,2016,REG,13,2016-12-04,DEN,JAX,20.0,10.0,-3.5,39.0,30.0,0,Craig Wrolstad,AF,win,6.5,under
2016_13_DET_NO,2016,REG,13,2016-12-04,DET,NO,28.0,13.0,6.5,53.0,41.0,0,Clete Blakeman,HF,loss,-21.5,under
2016_13_HOU_GB,2016,REG,13,2016-12-04,HOU,GB,13.0,21.0,7.0,44.5,34.0,0,Gene Steratore,HF,win,1.0,under
2016_13_IND_NYJ,2016,REG,13,2016-12-05,IND,NYJ,41.0,10.0,1.0,48.5,51.0,0,Ron Torbert,HF,loss,-32.0,over
2016_13_KC_ATL,2016,REG,13,2016-12-04,KC,ATL,29.0,28.0,5.0,50.0,57.0,0,Walt Coleman,HF,loss,-6.0,over
2016_13_LA_NE,2016,REG,13,2016-12-04,LA,NE,10.0,26.0,13.0,44.5,36.0,0,Jerome Boger,HF,win,3.0,under
2016_13_MIA_BAL,2016,REG,13,2016-12-04,MIA,BAL,6.0,38.0,3.5,41.5,44.0,0,Carl Cheffers,HF,win,28.5,over
2016_13_NYG_PIT,2016,REG,13,2016-12-04,NYG,PIT,14.0,24.0,7.0,49.5,38.0,0,Terry McAulay,HF,win,3.0,under
2016_13_PHI_CIN,2016,REG,13,2016-12-04,PHI,CIN,14.0,32.0,1.0,42.0,46.0,0,Jeff Triplette,HF,win,17.0,over
2016_13_TB_SD,2016,REG,13,2016-12-04,TB,SD,28.0,21.0,3.5,49.0,49.0,0,John Hussey,HF,loss,-10.5,push
2016_13_WAS_ARI,2016,REG,13,2016-12-04,WAS,ARI,23.0,31.0,2.5,48.5,54.0,0,Walt Anderson,HF,win,5.5,over
2016_14_ARI_MIA,2016,REG,14,2016-12-11,ARI,MIA,23.0,26.0,-2.0,44.0,49.0,0,Jerome Boger,AF,loss,-5.0,over
2016_14_ATL_LA,2016,REG,14,2016-12-11,ATL,LA,42.0,14.0,-4.5,44.0,56.0,0,Clete Blakeman,AF,win,23.5,over
2016_14_BAL_NE,2016,REG,14,2016-12-12,BAL,NE,23.0,30.0,6.0,45.5,53.0,0,Ed Hochuli,HF,win,1.0,over
2016_14_CHI_DET,2016,REG,14,2016-12-11,CHI,DET,17.0,20.0,7.5,42.0,37.0,1,Jeff Triplette,HF,loss,-4.5,under
2016_14_CIN_CLE,2016,REG,14,2016-12-11,CIN,CLE,23.0,10.0,-4.0,42.0,33.0,1,Gene Steratore,AF,win,9.0,under
2016_14_DAL_NYG,2016,REG,14,2016-12-11,DAL,NYG,7.0,10.0,-3.5,47.0,17.0,1,Carl Cheffers,AF,loss,-6.5,under
2016_14_DEN_TEN,2016,REG,14,2016-12-11,DEN,TEN,10.0,13.0,2.0,44.0,23.0,0,John Parry,HF,win,1.0,under
2016_14_HOU_IND,2016,REG,14,2016-12-11,HOU,IND,22.0,17.0,6.5,47.5,39.0,1,Brad Allen,HF,loss,-11.5,under
2016_14_MIN_JAX,2016,REG,14,2016-12-11,MIN,JAX,25.0,16.0,-3.0,38.0,41.0,0,John Hussey,AF,win,6.0,over
2016_14_NO_TB,2016,REG,14,2016-12-11,NO,TB,11.0,16.0,2.0,52.0,27.0,1,Walt Anderson,HF,win,3.0,under
2016_14_NYJ_SF,2016,REG,14,2016-12-11,NYJ,SF,23.0,17.0,3.0,42.5,40.0,0,Craig Wrolstad,HF,loss,-9.0,under
2016_14_OAK_KC,2016,REG,14,2016-12-08,OAK,KC,13.0,21.0,3.5,46.0,34.0,1,Terry McAulay,HF,win,4.5,under
2016_14_PIT_BUF,2016,REG,14,2016-12-11,PIT,BUF,27.0,20.0,-1.0,45.5,47.0,0,Peter Morelli,AF,win,6.0,over
2016_14_SD_CAR,2016,REG,14,2016-12-11,SD,CAR,16.0,28.0,1.0,48.5,44.0,0,Ron Torbert,HF,win,11.0,under
2016_14_SEA_GB,2016,REG,14,2016-12-11,SEA,GB,10.0,38.0,-3.0,47.0,48.0,0,Walt Coleman,AF,loss,-31.0,over
2016_14_WAS_PHI,2016,REG,14,2016-12-11,WAS,PHI,27.0,22.0,-1.5,48.5,49.0,1,Tony Corrente,AF,win,3.5,over
2016_15_CAR_WAS,2016,REG,15,2016-12-19,CAR,WAS,26.0,15.0,7.0,50.5,41.0,0,Walt Coleman,HF,loss,-18.0,under
2016_15_CLE_BUF,2016,REG,15,2016-12-18,CLE,BUF,13.0,33.0,10.5,43.5,46.0,0,Clete Blakeman,HF,win,9.5,over
2016_15_DET_NYG,2016,REG,15,2016-12-18,DET,NYG,6.0,17.0,4.0,42.5,23.0,0,Tony Corrente,HF,win,7.0,under
2016_15_GB_CHI,2016,REG,15,2016-12-18,GB,CHI,30.0,27.0,-4.5,40.0,57.0,1,Ron Torbert,AF,loss,-1.5,over
2016_15_IND_MIN,2016,REG,15,2016-12-18,IND,MIN,34.0,6.0,5.0,44.5,40.0,0,Jerome Boger,HF,loss,-33.0,under
2016_15_JAX_HOU,2016,REG,15,2016-12-18,JAX,HOU,20.0,21.0,3.5,39.5,41.0,1,Ed Hochuli,HF,loss,-2.5,over
2016_15_LA_SEA,2016,REG,15,2016-12-15,LA,SEA,3.0,24.0,15.0,39.5,27.0,1,Brad Allen,HF,win,6.0,under
2016_15_MIA_NYJ,2016,REG,15,2016-12-17,MIA,NYJ,34.0,13.0,-2.5,40.0,47.0,1,Peter Morelli,AF,win,18.5,over
2016_15_NE_DEN,2016,REG,15,2016-12-18,NE,DEN,16.0,3.0,-3.0,43.5,19.0,0,Walt Anderson,AF,win,10.0,under
2016_15_NO_ARI,2016,REG,15,2016-12-18,NO,ARI,48.0,41.0,3.0,48.5,89.0,0,Carl Cheffers,HF,loss,-10.0,over
2016_15_OAK_SD,2016,REG,15,2016-12-18,OAK,SD,19.0,16.0,-2.5,49.5,35.0,1,John Parry,AF,win,0.5,under
2016_15_PHI_BAL,2016,REG,15,2016-12-18,PHI,BAL,26.0,27.0,5.0,41.0,53.0,0,Craig Wrolstad,HF,loss,-4.0,over
2016_15_PIT_CIN,2016,REG,15,2016-12-18,PIT,CIN,24.0,20.0,-3.0,45.5,44.0,1,Bill Vinovich,AF,win,1.0,under
2016_15_SF_ATL,2016,REG,15,2016-12-18,SF,ATL,13.0,41.0,13.5,51.5,54.0,0,Gene Steratore,HF,win,14.5,over
2016_15_TB_DAL,2016,REG,15,2016-12-18,TB,DAL,20.0,26.0,7.0,47.5,46.0,0,Terry McAulay,HF,loss,-1.0,under
2016_15_TEN_KC,2016,REG,15,2016-12-18,TEN,KC,19.0,17.0,6.0,43.0,36.0,0,John Hussey,HF,loss,-8.0,under
2016_16_ARI_SEA,2016,REG,16,2016-12-24,ARI,SEA,34.0,31.0,9.0,43.5,65.0,1,Ron Torbert,HF,loss,-12.0,over
2016_16_ATL_CAR,2016,REG,16,2016-12-24,ATL,CAR,33.0,16.0,-3.0,48.5,49.0,1,Bill Vinovich,AF,win,14.0,over
2016_16_BAL_PIT,2016,REG,16,2016-12-25,BAL,PIT,27.0,31.0,5.5,46.5,58.0,1,John Parry,HF,loss,-1.5,over
2016_16_CIN_HOU,2016,REG,16,2016-12-24,CIN,HOU,10.0,12.0,3.0,41.5,22.0,0,Carl Cheffers,HF,loss,-1.0,under
2016_16_DEN_KC,2016,REG,16,2016-12-25,DEN,KC,10.0,33.0,3.5,38.5,43.0,1,Tony Corrente,HF,win,19.5,over
2016_16_DET_DAL,2016,REG,16,2016-12-26,DET,DAL,21.0,42.0,6.5,47.0,63.0,0,John Hussey,HF,win,14.5,over
2016_16_IND_OAK,2016,REG,16,2016-12-24,IND,OAK,25.0,33.0,3.5,52.0,58.0,0,Ed Hochuli,HF,win,4.5,over
2016_16_MIA_BUF,2016,REG,16,2016-12-24,MIA,BUF,34.0,31.0,4.5,44.5,65.0,1,Craig Wrolstad,HF,loss,-7.5,over
2016_16_MIN_GB,2016,REG,16,2016-12-24,MIN,GB,25.0,38.0,6.0,44.5,63.0,1,Jeff Triplette,HF,win,7.0,over
2016_16_NYG_PHI,2016,REG,16,2016-12-22,NYG,PHI,19.0,24.0,2.0,42.5,43.0,1,Clete Blakeman,HF,win,3.0,over
2016_16_NYJ_NE,2016,REG,16,2016-12-24,NYJ,NE,3.0,41.0,17.0,45.0,44.0,1,Gene Steratore,HF,win,21.0,under
2016_16_SD_CLE,2016,REG,16,2016-12-24,SD,CLE,17.0,20.0,-4.5,45.0,37.0,0,Walt Coleman,AF,loss,-7.5,under
2016_16_SF_LA,2016,REG,16,2016-12-24,SF,LA,22.0,21.0,6.0,39.5,43.0,1,Walt Anderson,HF,loss,-7.0,over
2016_16_TB_NO,2016,REG,16,2016-12-24,TB,NO,24.0,31.0,3.0,53.0,55.0,1,Jerome Boger,HF,win,4.0,over
2016_16_TEN_JAX,2016,REG,16,2016-12-24,TEN,JAX,17.0,38.0,-4.0,44.0,55.0,1,Peter Morelli,AF,loss,-25.0,over
2016_16_WAS_CHI,2016,REG,16,2016-12-24,WAS,CHI,41.0,21.0,-3.0,49.0,62.0,0,Brad Allen,AF,win,17.0,over
2016_17_ARI_LA,2016,REG,17,2017-01-01,ARI,LA,44.0,6.0,-7.0,39.0,50.0,1,Craig Wrolstad,AF,win,31.0,over
2016_17_BAL_CIN,2016,REG,17,2017-01-01,BAL,CIN,10.0,27.0,-2.5,40.5,37.0,1,Peter Morelli,AF,loss,-19.5,under
2016_17_BUF_NYJ,2016,REG,17,2017-01-01,BUF,NYJ,10.0,30.0,-3.5,43.0,40.0,1,Jeff Triplette,AF,loss,-23.5,under
2016_17_CAR_TB,2016,REG,17,2017-01-01,CAR,TB,16.0,17.0,3.5,44.5,33.0,1,Carl Cheffers,HF,loss,-2.5,under
2016_17_CHI_MIN,2016,REG,17,2017-01-01,CHI,MIN,10.0,38.0,6.0,44.0,48.0,1,Terry McAulay,HF,win,22.0,over
2016_17_CLE_PIT,2016,REG,17,2017-01-01,CLE,PIT,24.0,27.0,3.5,41.5,51.0,1,John Hussey,HF,loss,-0.5,over
2016_17_DAL_PHI,2016,REG,17,2017-01-01,DAL,PHI,13.0,27.0,6.5,44.0,40.0,1,Walt Coleman,HF,win,7.5,under
2016_17_GB_DET,2016,REG,17,2017-01-01,GB,DET,31.0,24.0,-3.5,50.0,55.0,1,Jerome Boger,AF,win,3.5,over
2016_17_HOU_TEN,2016,REG,17,2017-01-01,HOU,TEN,17.0,24.0,3.0,41.5,41.0,1,Bill Vinovich,HF,win,4.0,under
2016_17_JAX_IND,2016,REG,17,2017-01-01,JAX,IND,20.0,24.0,5.5,48.5,44.0,1,Clete Blakeman,HF,loss,-1.5,under
2016_17_KC_SD,2016,REG,17,2017-01-01,KC,SD,37.0,27.0,-5.5,45.0,64.0,1,Walt Anderson,AF,win,4.5,over
2016_17_NE_MIA,2016,REG,17,2017-01-01,NE,MIA,35.0,14.0,-7.5,47.0,49.0,1,John Parry,AF,win,13.5,over
2016_17_NO_ATL,2016,REG,17,2017-01-01,NO,ATL,32.0,38.0,7.5,58.5,70.0,1,Ron Torbert,HF,loss,-1.5,over
2016_17_NYG_WAS,2016,REG,17,2017-01-01,NYG,WAS,19.0,10.0,10.0,47.5,29.0,1,Gene Steratore,HF,loss,-19.0,under
2016_17_OAK_DEN,2016,REG,17,2017-01-01,OAK,DEN,6.0,24.0,1.0,40.0,30.0,1,Brad Allen,HF,win,17.0,under
2016_17_SEA_SF,2016,REG,17,2017-01-01,SEA,SF,25.0,23.0,-11.5,44.5,48.0,1,Tony Corrente,AF,loss,-9.5,over
2016_18_DET_SEA,2016,WC,18,2017-01-07,DET,SEA,6.0,26.0,8.0,45.5,32.0,0,Brad Allen,HF,win,12.0,under
2016_18_MIA_PIT,2016,WC,18,2017-01-08,MIA,PIT,12.0,30.0,11.0,47.5,42.0,0,Craig Wrolstad,HF,win,7.0,under
2016_18_NYG_GB,2016,WC,18,2017-01-08,NYG,GB,13.0,38.0,5.0,46.5,51.0,0,Ed Hochuli,HF,win,20.0,over
2016_18_OAK_HOU,2016,WC,18,2017-01-07,OAK,HOU,14.0,27.0,4.0,37.5,41.0,0,Ron Torbert,HF,win,9.0,over
2016_19_GB_DAL,2016,DIV,19,2017-01-15,GB,DAL,34.0,31.0,5.5,52.5,65.0,0,Tony Corrente,HF,loss,-8.5,over
2016_19_HOU_NE,2016,DIV,19,2017-01-14,HOU,NE,16.0,34.0,16.0,44.0,50.0,0,Peter Morelli,HF,win,2.0,over
2016_19_PIT_KC,2016,DIV,19,2017-01-15,PIT,KC,18.0,16.0,2.5,45.5,34.0,0,Carl Cheffers,HF,loss,-4.5,under
2016_19_SEA_ATL,2016,DIV,19,2017-01-14,SEA,ATL,20.0,36.0,6.5,51.0,56.0,0,Gene Steratore,HF,win,9.5,over
2016_20_GB_ATL,2016,CON,20,2017-01-22,GB,ATL,21.0,44.0,6.5,59.5,65.0,0,Bill Vinovich,HF,win,16.5,over
2016_20_PIT_NE,2016,CON,20,2017-01-22,PIT,NE,17.0,36.0,5.5,49.5,53.0,0,Terry McAulay,HF,win,13.5,over
2016_21_NE_ATL,2016,SB,21,2017-02-05,NE,ATL,34.0,28.0,-3.0,57.0,62.0,0,Carl Cheffers,AF,win,3.0,over
2017_01_ARI_DET,2017,REG,1,2017-09-10,ARI,DET,23.0,35.0,-2.5,48.5,58.0,0,Walt Anderson,AF,loss,-14.5,over
2017_01_ATL_CHI,2017,REG,1,2017-09-10,ATL,CHI,23.0,17.0,-6.5,48.0,40.0,0,Jeff Triplette,AF,loss,-0.5,under
2017_01_BAL_CIN,2017,REG,1,2017-09-10,BAL,CIN,20.0,0.0,2.5,41.5,20.0,1,Walt Coleman,HF,loss,-22.5,under
2017_01_CAR_SF,2017,REG,1,2017-09-10,CAR,SF,23.0,3.0,-4.5,45.5,26.0,0,Clete Blakeman,AF,win,15.5,under
2017_01_IND_LA,2017,REG,1,2017-09-10,IND,LA,9.0,46.0,3.5,41.5,55.0,0,Ron Torbert,HF,win,33.5,over
2017_01_JAX_HOU,2017,REG,1,2017-09-10,JAX,HOU,29.0,7.0,5.5,38.0,36.0,1,Tony Corrente,HF,loss,-27.5,under
2017_01_KC_NE,2017,REG,1,2017-09-07,KC,NE,42.0,27.0,8.0,47.5,69.0,0,Bill Vinovich,HF,loss,-23.0,over
2017_01_LAC_DEN,2017,REG,1,2017-09-11,LAC,DEN,21.0,24.0,3.0,41.5,45.0,1,Terry McAulay,HF,push,0.0,over
2017_01_NO_MIN,2017,REG,1,2017-09-11,NO,MIN,19.0,29.0,3.0,47.5,48.0,0,Gene Steratore,HF,win,7.0,over
2017_01_NYG_DAL,2017,REG,1,2017-09-10,NYG,DAL,3.0,19.0,6.0,46.5,22.0,1,Carl Cheffers,HF,win,10.0,under
2017_01_NYJ_BUF,2017,REG,1,2017-09-10,NYJ,BUF,12.0,21.0,7.0,42.0,33.0,1,John Hussey,HF,win,2.0,under
2017_01_OAK_TEN,2017,REG,1,2017-09-10,OAK,TEN,26.0,16.0,2.5,49.5,42.0,0,Jerome Boger,HF,loss,-12.5,under
2017_01_PHI_WAS,2017,REG,1,2017-09-10,PHI,WAS,30.0,17.0,-2.0,49.5,47.0,1,Brad Allen,AF,win,11.0,under
2017_01_PIT_CLE,2017,REG,1,2017-09-10,PIT,CLE,21.0,18.0,-10.0,47.0,39.0,1,Craig Wrolstad,AF,loss,-7.0,under
2017_01_SEA_GB,2017,REG,1,2017-09-10,SEA,GB,9.0,17.0,2.5,49.5,26.0,0,John Parry,HF,win,5.5,under
2017_02_ARI_IND,2017,REG,2,2017-09-17,ARI,IND,16.0,13.0,-7.0,44.0,29.0,0,Carl Cheffers,AF,loss,-4.0,under
2017_02_BUF_CAR,2017,REG,2,2017-09-17,BUF,CAR,3.0,9.0,6.5,43.0,12.0,0,Walt Coleman,HF,loss,-0.5,under
2017_02_CHI_TB,2017,REG,2,2017-09-17,CHI,TB,7.0,29.0,7.0,44.0,36.0,0,Ron Torbert,HF,win,15.0,under
2017_02_CLE_BAL,2017,REG,2,2017-09-17,CLE,BAL,10.0,24.0,7.5,39.5,34.0,1,Gene Steratore,HF,win,6.5,under
2017_02_DAL_DEN,2017,REG,2,2017-09-17,DAL,DEN,17.0,42.0,-2.5,44.0,59.0,0,Brad Allen,AF,loss,-27.5,over
2017_02_DET_NYG,2017,REG,2,2017-09-18,DET,NYG,24.0,10.0,3.0,42.0,34.0,0,John Parry,HF,loss,-17.0,under
2017_02_GB_ATL,2017,REG,2,2017-09-17,GB,ATL,23.0,34.0,3.5,55.0,57.0,0,Walt Anderson,HF,win,7.5,over
2017_02_HOU_CIN,2017,REG,2,2017-09-14,HOU,CIN,13.0,9.0,5.5,38.0,22.0,0,Clete Blakeman,HF,loss,-9.5,under
2017_02_MIA_LAC,2017,REG,2,2017-09-17,MIA,LAC,19.0,17.0,3.5,46.5,36.0,0,Tony Corrente,HF,loss,-5.5,under
2017_02_MIN_PIT,2017,REG,2,2017-09-17,MIN,PIT,9.0,26.0,8.5,43.0,35.0,0,Peter Morelli,HF,win,8.5,under
2017_02_NE_NO,2017,REG,2,2017-09-17,NE,NO,36.0,20.0,-5.5,55.0,56.0,0,Craig Wrolstad,AF,win,10.5,over
2017_02_NYJ_OAK,2017,REG,2,2017-09-17,NYJ,OAK,20.0,45.0,14.0,44.0,65.0,0,Jeff Triplette,HF,win,11.0,over
2017_02_PHI_KC,2017,REG,2,2017-09-17,PHI,KC,20.0,27.0,4.0,46.5,47.0,0,Terry McAulay,HF,win,3.0,over
2017_02_SF_SEA,2017,REG,2,2017-09-17,SF,SEA,9.0,12.0,13.5,42.0,21.0,1,Bill Vinovich,HF,loss,-10.5,under
2017_02_TEN_JAX,2017,REG,2,2017-09-17,TEN,JAX,37.0,16.0,-1.0,42.0,53.0,1,Ed Hochuli,AF,win,20.0,over
2017_02_WAS_LA,2017,REG,2,2017-09-17,WAS,LA,27.0,20.0,3.0,45.5,47.0,0,Jerome Boger,HF,loss,-10.0,over
2017_03_ATL_DET,2017,REG,3,2017-09-24,ATL,DET,30.0,26.0,-3.0,51.0,56.0,0,Walt Coleman,AF,win,1.0,over
2017_03_BAL_JAX,2017,REG,3,2017-09-24,BAL,JAX,7.0,44.0,-3.0,38.0,51.0,0,Peter Morelli,AF,loss,-40.0,over
2017_03_CIN_GB,2017,REG,3,2017-09-24,CIN,GB,24.0,27.0,7.0,47.5,51.0,0,Gene Steratore,HF,loss,-4.0,over
2017_03_CLE_IND,2017,REG,3,2017-09-24,CLE,IND,28.0,31.0,1.0,42.0,59.0,0,Ed Hochuli,HF,win,2.0,over
2017_03_DAL_ARI,2017,REG,3,2017-09-25,DAL,ARI,28.0,17.0,-3.0,46.5,45.0,0,Craig Wrolstad,AF,win,8.0,under
2017_03_DEN_BUF,2017,REG,3,2017-09-24,DEN,BUF,16.0,26.0,-3.5,40.0,42.0,0,Carl Cheffers,AF,loss,-13.5,over
2017_03_HOU_NE,2017,REG,3,2017-09-24,HOU,NE,33.0,36.0,13.5,44.5,69.0,0,John Parry,HF,loss,-10.5,over
2017_03_KC_LAC,2017,REG,3,2017-09-24,KC,LAC,24.0,10.0,-3.0,47.5,34.0,1,Walt Anderson,AF,win,11.0,under
2017_03_LA_SF,2017,REG,3,2017-09-21,LA,SF,41.0,39.0,-3.0,40.5,80.0,1,Jeff Triplette,AF,loss,-1.0,over
2017_03_MIA_NYJ,2017,REG,3,2017-09-24,MIA,NYJ,6.0,20.0,-5.5,43.0,26.0,1,Terry McAulay,AF,loss,-19.5,under
2017_03_NO_CAR,2017,REG,3,2017-09-24,NO,CAR,34.0,13.0,5.5,46.5,47.0,1,Bill Vinovich,HF,loss,-26.5,over
2017_03_NYG_PHI,2017,REG,3,2017-09-24,NYG,PHI,24.0,27.0,5.0,42.0,51.0,1,Jerome Boger,HF,loss,-2.0,over
2017_03_OAK_WAS,2017,REG,3,2017-09-24,OAK,WAS,10.0,27.0,-3.5,53.0,37.0,0,Tony Corrente,AF,loss,-20.5,under
2017_03_PIT_CHI,2017,REG,3,2017-09-24,PIT,CHI,17.0,23.0,-7.0,43.5,40.0,0,Clete Blakeman,AF,loss,-13.0,under
2017_03_SEA_TEN,2017,REG,3,2017-09-24,SEA,TEN,27.0,33.0,2.0,42.0,60.0,0,Ron Torbert,HF,win,4.0,over
2017_04_BUF_ATL,2017,REG,4,2017-10-01,BUF,ATL,23.0,17.0,8.0,48.0,40.0,0,Terry McAulay,HF,loss,-14.0,under
2017_04_CAR_NE,2017,REG,4,2017-10-01,CAR,NE,33.0,30.0,9.0,48.0,63.0,0,Jerome Boger,HF,loss,-12.0,over
2017_04_CHI_GB,2017,REG,4,2017-09-28,CHI,GB,14.0,35.0,7.5,44.0,49.0,1,John Hussey,HF,win,13.5,over
2017_04_CIN_CLE,2017,REG,4,2017-10-01,CIN,CLE,31.0,7.0,-3.0,41.5,38.0,1,Ron Torbert,AF,win,21.0,under
2017_04_DET_MIN,2017,REG,4,2017-10-01,DET,MIN,14.0,7.0,2.5,43.0,21.0,1,Bill Vinovich,HF,loss,-9.5,under
2017_04_IND_SEA,2017,REG,4,2017-10-01,IND,SEA,18.0,46.0,12.5,41.5,64.0,0,Brad Allen,HF,win,15.5,over
2017_04_JAX_NYJ,2017,REG,4,2017-10-01,JAX,NYJ,20.0,23.0,-4.0,38.5,43.0,0,Gene Steratore,AF,loss,-7.0,over
2017_04_LA_DAL,2017,REG,4,2017-10-01,LA,DAL,35.0,30.0,5.0,51.0,65.0,0,Clete Blakeman,HF,loss,-10.0,over
2017_04_NO_MIA,2017,REG,4,2017-10-01,NO,MIA,20.0,0.0,-4.0,51.5,20.0,0,Ed Hochuli,AF,win,16.0,under
2017_04_NYG_TB,2017,REG,4,2017-10-01,NYG,TB,23.0,25.0,2.5,46.0,48.0,0,Craig Wrolstad,HF,loss,-0.5,over
2017_04_OAK_DEN,2017,REG,4,2017-10-01,OAK,DEN,10.0,16.0,3.5,44.0,26.0,1,John Perry,HF,win,2.5,under
2017_04_PHI_LAC,2017,REG,4,2017-10-01,PHI,LAC,26.0,24.0,1.5,48.0,50.0,0,Carl Cheffers,HF,loss,-3.5,over
2017_04_PIT_BAL,2017,REG,4,2017-10-01,PIT,BAL,26.0,9.0,-3.5,42.0,35.0,1,Walt Anderson,AF,win,13.5,under
2017_04_SF_ARI,2017,REG,4,2017-10-01,SF,ARI,15.0,18.0,6.5,43.0,33.0,1,Tony Corrente,HF,loss,-3.5,under
2017_04_TEN_HOU,2017,REG,4,2017-10-01,TEN,HOU,14.0,57.0,-2.5,43.0,71.0,1,Jeff Triplette,AF,loss,-45.5,over
2017_04_WAS_KC,2017,REG,4,2017-10-02,WAS,KC,20.0,29.0,6.5,48.0,49.0,0,Walt Coleman,HF,win,2.5,over
2017_05_ARI_PHI,2017,REG,5,2017-10-08,ARI,PHI,7.0,34.0,6.0,45.0,41.0,0,John Hussey,HF,win,21.0,under
2017_05_BAL_OAK,2017,REG,5,2017-10-08,BAL,OAK,30.0,17.0,3.0,40.5,47.0,0,Brad Allen,HF,loss,-16.0,over
2017_05_BUF_CIN,2017,REG,5,2017-10-08,BUF,CIN,16.0,20.0,3.0,39.0,36.0,0,Peter Morelli,HF,win,1.0,under
2017_05_CAR_DET,2017,REG,5,2017-10-08,CAR,DET,27.0,24.0,2.0,42.0,51.0,0,Craig Wrolstad,HF,loss,-5.0,over
2017_05_GB_DAL,2017,REG,5,2017-10-08,GB,DAL,35.0,31.0,2.5,52.0,66.0,0,Terry McAulay,HF,loss,-6.5,over
2017_05_JAX_PIT,2017,REG,5,2017-10-08,JAX,PIT,30.0,9.0,7.5,41.0,39.0,0,John Parry,HF,loss,-28.5,under
2017_05_KC_HOU,2017,REG,5,2017-10-08,KC,HOU,42.0,34.0,-2.0,45.0,76.0,0,Ron Torbert,AF,win,6.0,over
2017_05_LAC_NYG,2017,REG,5,2017-10-08,LAC,NYG,27.0,22.0,3.0,45.5,49.0,0,Jeff Triplette,HF,loss,-8.0,over
2017_05_MIN_CHI,2017,REG,5,2017-10-09,MIN,CHI,20.0,17.0,-3.5,41.0,37.0,1,Jerome Boger,AF,loss,-0.5,under
2017_05_NE_TB,2017,REG,5,2017-10-05,NE,TB,19.0,14.0,-3.5,54.5,33.0,0,Carl Cheffers,AF,win,1.5,under
2017_05_NYJ_CLE,2017,REG,5,2017-10-08,NYJ,CLE,17.0,14.0,-1.5,41.5,31.0,0,Walt Anderson,AF,win,1.5,under
2017_05_SEA_LA,2017,REG,5,2017-10-08,SEA,LA,16.0,10.0,2.0,46.5,26.0,1,Gene Steratore,HF,loss,-8.0,under
2017_05_SF_IND,2017,REG,5,2017-10-08,SF,IND,23.0,26.0,-1.0,43.5,49.0,0,Walt Coleman,AF,loss,-4.0,over
2017_06_CHI_BAL,2017,REG,6,2017-10-15,CHI,BAL,27.0,24.0,5.5,39.5,51.0,0,Ed Hochuli,HF,loss,-8.5,over
2017_06_CLE_HOU,2017,REG,6,2017-10-15,CLE,HOU,17.0,33.0,7.5,46.0,50.0,0,Brad Allen,HF,win,8.5,over
2017_06_DET_NO,2017,REG,6,2017-10-15,DET,NO,38.0,52.0,6.0,50.5,90.0,0,Jeff Triplette,HF,win,8.0,over
2017_06_GB_MIN,2017,REG,6,2017-10-15,GB,MIN,10.0,23.0,-3.0,46.0,33.0,1,Ron Torbert,AF,loss,-16.0,under
2017_06_IND_TEN,2017,REG,6,2017-10-16,IND,TEN,22.0,36.0,7.0,46.0,58.0,1,Walt Anderson,HF,win,7.0,over
2017_06_LAC_OAK,2017,REG,6,2017-10-15,LAC,OAK,17.0,16.0,3.0,48.5,33.0,1,Clete Blakeman,HF,loss,-4.0,under
2017_06_LA_JAX,2017,REG,6,2017-10-15,LA,JAX,27.0,17.0,1.0,42.0,44.0,0,Walt Coleman,HF,loss,-11.0,over
2017_06_MIA_ATL,2017,REG,6,2017-10-15,MIA,ATL,20.0,17.0,14.0,46.0,37.0,0,John Hussey,HF,loss,-17.0,under
2017_06_NE_NYJ,2017,REG,6,2017-10-15,NE,NYJ,24.0,17.0,-9.0,48.5,41.0,1,Tony Corrente,AF,loss,-2.0,under
2017_06_NYG_DEN,2017,REG,6,2017-10-15,NYG,DEN,23.0,10.0,14.0,37.5,33.0,0,Bill Vinovich,HF,loss,-27.0,under
2017_06_PHI_CAR,2017,REG,6,2017-10-12,PHI,CAR,28.0,23.0,3.0,44.0,51.0,0,Peter Morelli,HF,loss,-8.0,over
2017_06_PIT_KC,2017,REG,6,2017-10-15,PIT,KC,19.0,13.0,3.5,46.5,32.0,0,Carl Cheffers,HF,loss,-9.5,under
2017_06_SF_WAS,2017,REG,6,2017-10-15,SF,WAS,24.0,26.0,12.0,46.0,50.0,0,John Parry,HF,loss,-10.0,over
2017_06_TB_ARI,2017,REG,6,2017-10-15,TB,ARI,33.0,38.0,-2.5,46.5,71.0,0,Tony Steratore,AF,loss,-7.5,over
2017_07_ARI_LA,2017,REG,7,2017-10-22,ARI,LA,0.0,33.0,3.0,45.5,33.0,1,Brad Allen,HF,win,30.0,under
2017_07_ATL_NE,2017,REG,7,2017-10-22,ATL,NE,7.0,23.0,3.0,56.5,30.0,0,Gene Steratore,HF,win,13.0,under
2017_07_BAL_MIN,2017,REG,7,2017-10-22,BAL,MIN,16.0,24.0,5.0,37.5,40.0,0,Carl Cheffers,HF,win,3.0,over
2017_07_CAR_CHI,2017,REG,7,2017-10-22,CAR,CHI,3.0,17.0,-2.5,39.5,20.0,0,Walt Anderson,AF,loss,-16.5,under
2017_07_CIN_PIT,2017,REG,7,2017-10-22,CIN,PIT,14.0,29.0,4.0,40.0,43.0,1,Bill Vinovich,HF,win,11.0,over
2017_07_DAL_SF,2017,REG,7,2017-10-22,DAL,SF,40.0,10.0,-6.5,48.0,50.0,0,Ron Torbert,AF,win,23.5,over
2017_07_DEN_LAC,2017,REG,7,2017-10-22,DEN,LAC,0.0,21.0,-1.0,41.0,21.0,1,John Hussey,AF,loss,-22.0,under
2017_07_JAX_IND,2017,REG,7,2017-10-22,JAX,IND,27.0,0.0,-3.0,41.0,27.0,1,Jeff Triplette,AF,win,24.0,under
2017_07_KC_OAK,2017,REG,7,2017-10-19,KC,OAK,30.0,31.0,-3.0,46.5,61.0,1,Craig Wrolstad,AF,loss,-4.0,over
2017_07_NO_GB,2017,REG,7,2017-10-22,NO,GB,26.0,17.0,-3.5,45.5,43.0,0,Jerome Boger,AF,win,5.5,under
2017_07_NYJ_MIA,2017,REG,7,2017-10-22,NYJ,MIA,28.0,31.0,3.0,40.0,59.0,1,Walt Coleman,HF,push,0.0,over
2017_07_SEA_NYG,2017,REG,7,2017-10-22,SEA,NYG,24.0,7.0,-4.0,39.0,31.0,0,Tony Corrente,AF,win,13.0,under
2017_07_TB_BUF,2017,REG,7,2017-10-22,TB,BUF,27.0,30.0,3.0,46.5,57.0,0,Clete Blakeman,HF,push,0.0,over
2017_07_TEN_CLE,2017,REG,7,2017-10-22,TEN,CLE,12.0,9.0,-5.5,42.5,21.0,0,Terry McAulay,AF,loss,-2.5,under
2017_07_WAS_PHI,2017,REG,7,2017-10-23,WAS,PHI,24.0,34.0,5.0,48.5,58.0,1,Ed Hochuli,HF,win,5.0,over
2017_08_ATL_NYJ,2017,REG,8,2017-10-29,ATL,NYJ,25.0,20.0,-6.5,43.5,45.0,0,Craig Wrolstad,AF,loss,-1.5,over
2017_08_CAR_TB,2017,REG,8,2017-10-29,CAR,TB,17.0,3.0,1.5,46.0,20.0,1,Walt Coleman,HF,loss,-15.5,under
2017_08_CHI_NO,2017,REG,8,2017-10-29,CHI,NO,12.0,20.0,7.5,46.0,32.0,0,Carl Cheffers,HF,win,0.5,under
2017_08_DAL_WAS,2017,REG,8,2017-10-29,DAL,WAS,33.0,19.0,-3.0,46.5,52.0,1,Walt Anderson,AF,win,11.0,over
2017_08_DEN_KC,2017,REG,8,2017-10-30,DEN,KC,19.0,29.0,7.0,42.0,48.0,1,Tony Corrente,HF,win,3.0,over
2017_08_HOU_SEA,2017,REG,8,2017-10-29,HOU,SEA,38.0,41.0,6.0,45.0,79.0,0,Terry McAulay,HF,loss,-3.0,over
2017_08_IND_CIN,2017,REG,8,2017-10-29,IND,CIN,23.0,24.0,11.0,44.0,47.0,0,Jerome Boger,HF,loss,-10.0,over
2017_08_LAC_NE,2017,REG,8,2017-10-29,LAC,NE,13.0,21.0,6.5,49.5,34.0,0,Peter Morelli,HF,win,1.5,under
2017_08_MIA_BAL,2017,REG,8,2017-10-26,MIA,BAL,0.0,40.0,3.0,38.0,40.0,0,John Parry,HF,win,37.0,over
2017_08_MIN_CLE,2017,REG,8,2017-10-29,MIN,CLE,33.0,16.0,-11.0,38.5,49.0,0,Jeff Triplette,AF,win,6.0,over
2017_08_OAK_BUF,2017,REG,8,2017-10-29,OAK,BUF,14.0,34.0,2.5,47.0,48.0,0,Ed Hochuli,HF,win,17.5,over
2017_08_PIT_DET,2017,REG,8,2017-10-29,PIT,DET,20.0,15.0,-3.0,44.5,35.0,0,John Hussey,AF,win,2.0,under
2017_08_SF_PHI,2017,REG,8,2017-10-29,SF,PHI,10.0,33.0,13.0,45.0,43.0,0,Clete Blakeman,HF,win,10.0,under
2017_09_ARI_SF,2017,REG,9,2017-11-05,ARI,SF,20.0,10.0,-2.5,39.0,30.0,1,Craig Wrolstad,AF,win,7.5,under
2017_09_ATL_CAR,2017,REG,9,2017-11-05,ATL,CAR,17.0,20.0,-3.0,42.0,37.0,1,Tony Corrente,AF,loss,-6.0,under
2017_09_BAL_TEN,2017,REG,9,2017-11-05,BAL,TEN,20.0,23.0,3.0,41.0,43.0,0,John Hussey,HF,push,0.0,over
2017_09_BUF_NYJ,2017,REG,9,2017-11-02,BUF,NYJ,21.0,34.0,-3.0,42.0,55.0,1,Jerome Boger,AF,loss,-16.0,over
2017_09_CIN_JAX,2017,REG,9,2017-11-05,CIN,JAX,7.0,23.0,6.0,38.0,30.0,0,Brad Allen,HF,win,10.0,under
2017_09_DEN_PHI,2017,REG,9,2017-11-05,DEN,PHI,23.0,51.0,7.0,41.0,74.0,0,Gene Steratore,HF,win,21.0,over
2017_09_DET_GB,2017,REG,9,2017-11-06,DET,GB,30.0,17.0,-2.5,42.5,47.0,1,Clete Blakeman,AF,win,10.5,over
2017_09_IND_HOU,2017,REG,9,2017-11-05,IND,HOU,20.0,14.0,6.0,45.0,34.0,1,John Parry,HF,loss,-12.0,under
2017_09_KC_DAL,2017,REG,9,2017-11-05,KC,DAL,17.0,28.0,2.0,53.0,45.0,0,Peter Morelli,HF,win,9.0,under
2017_09_LA_NYG,2017,REG,9,2017-11-05,LA,NYG,51.0,17.0,-5.5,42.5,68.0,0,Ed Hochuli,AF,win,28.5,over
2017_09_OAK_MIA,2017,REG,9,2017-11-05,OAK,MIA,27.0,24.0,-3.0,44.5,51.0,0,Terry McAulay,AF,push,0.0,over
2017_09_TB_NO,2017,REG,9,2017-11-05,TB,NO,10.0,30.0,7.0,54.0,40.0,1,Bill Vinovich,HF,win,13.0,under
2017_09_WAS_SEA,2017,REG,9,2017-11-05,WAS,SEA,17.0,14.0,8.0,44.5,31.0,0,Ron Torbert,HF,loss,-11.0,under
2017_10_CIN_TEN,2017,REG,10,2017-11-12,CIN,TEN,20.0,24.0,4.5,40.5,44.0,0,Jeff Triplette,HF,loss,-0.5,over
2017_10_CLE_DET,2017,REG,10,2017-11-12,CLE,DET,24.0,38.0,10.5,42.5,62.0,0,Carl Cheffers,HF,win,3.5,over
2017_10_DAL_ATL,2017,REG,10,2017-11-12,DAL,ATL,7.0,27.0,3.5,49.0,34.0,0,Ed Hochuli,HF,win,16.5,under
2017_10_GB_CHI,2017,REG,10,2017-11-12,GB,CHI,23.0,16.0,4.5,37.5,39.0,1,Tony Corrente,HF,loss,-11.5,over
2017_10_HOU_LA,2017,REG,10,2017-11-12,HOU,LA,7.0,33.0,12.0,45.0,40.0,0,Peter Morelli,HF,win,14.0,under
2017_10_LAC_JAX,2017,REG,10,2017-11-12,LAC,JAX,17.0,20.0,5.0,40.5,37.0,0,Ron Torbert,HF,loss,-2.0,under
2017_10_MIA_CAR,2017,REG,10,2017-11-13,MIA,CAR,21.0,45.0,8.0,38.5,66.0,0,Gene Steratore,HF,win,16.0,over
2017_10_MIN_WAS,2017,REG,10,2017-11-12,MIN,WAS,38.0,30.0,-1.0,43.0,68.0,0,Bill Vinovich,AF,win,7.0,over
2017_10_NE_DEN,2017,REG,10,2017-11-12,NE,DEN,41.0,16.0,-7.0,45.0,57.0,0,Walt Coleman,AF,win,18.0,over
2017_10_NO_BUF,2017,REG,10,2017-11-12,NO,BUF,47.0,10.0,-2.0,48.5,57.0,0,Terry McAulay,AF,win,35.0,over
2017_10_NYG_SF,2017,REG,10,2017-11-12,NYG,SF,21.0,31.0,-3.0,41.5,52.0,0,Jerome Boger,AF,loss,-13.0,over
2017_10_NYJ_TB,2017,REG,10,2017-11-12,NYJ,TB,10.0,15.0,1.0,44.5,25.0,0,Brad Allen,HF,win,4.0,under
2017_10_PIT_IND,2017,REG,10,2017-11-12,PIT,IND,20.0,17.0,-10.5,47.0,37.0,0,Clete Blakeman,AF,loss,-7.5,under
2017_10_SEA_ARI,2017,REG,10,2017-11-09,SEA,ARI,22.0,16.0,-6.0,40.0,38.0,1,Walt Anderson,AF,push,0.0,under
2017_11_ARI_HOU,2017,REG,11,2017-11-19,ARI,HOU,21.0,31.0,2.5,38.0,52.0,0,Ed Hochuli,HF,win,7.5,over
2017_11_ATL_SEA,2017,REG,11,2017-11-20,ATL,SEA,34.0,31.0,1.0,46.0,65.0,0,Carl Cheffers,HF,loss,-4.0,over
2017_11_BAL_GB,2017,REG,11,2017-11-19,BAL,GB,23.0,0.0,-2.5,38.5,23.0,0,Jeff Triplette,AF,win,20.5,under
2017_11_BUF_LAC,2017,REG,11,2017-11-19,BUF,LAC,24.0,54.0,7.0,41.5,78.0,0,John Parry,HF,win,23.0,over
2017_11_CIN_DEN,2017,REG,11,2017-11-19,CIN,DEN,20.0,17.0,2.5,37.5,37.0,0,Craig Wrolstad,HF,loss,-5.5,under
2017_11_DET_CHI,2017,REG,11,2017-11-19,DET,CHI,27.0,24.0,-3.0,41.0,51.0,1,Gene Steratore,AF,push,0.0,over
2017_11_JAX_CLE,2017,REG,11,2017-11-19,JAX,CLE,19.0,7.0,-7.5,37.0,26.0,0,Peter Morelli,AF,win,4.5,under
2017_11_KC_NYG,2017,REG,11,2017-11-19,KC,NYG,9.0,12.0,-10.0,44.5,21.0,0,Brad Allen,AF,loss,-13.0,under
2017_11_LA_MIN,2017,REG,11,2017-11-19,LA,MIN,7.0,24.0,1.0,46.0,31.0,0,Walt Anderson,HF,win,16.0,under
2017_11_NE_OAK,2017,REG,11,2017-11-19,NE,OAK,33.0,8.0,-7.0,55.0,41.0,0,John Hussey,AF,win,18.0,under
2017_11_PHI_DAL,2017,REG,11,2017-11-19,PHI,DAL,37.0,9.0,-6.0,48.0,46.0,1,Bill Vinovich,AF,win,22.0,under
2017_11_TB_MIA,2017,REG,11,2017-11-19,TB,MIA,30.0,20.0,-1.0,44.0,50.0,0,Tony Corrente,AF,win,9.0,over
2017_11_TEN_PIT,2017,REG,11,2017-11-16,TEN,PIT,17.0,40.0,7.0,44.5,57.0,0,Ron Torbert,HF,win,16.0,over
2017_11_WAS_NO,2017,REG,11,2017-11-19,WAS,NO,31.0,34.0,9.5,52.5,65.0,0,Walt Coleman,HF,loss,-6.5,over
2017_12_BUF_KC,2017,REG,12,2017-11-26,BUF,KC,16.0,10.0,8.5,47.5,26.0,0,Bill Vinovich,HF,loss,-14.5,under
2017_12_CAR_NYJ,2017,REG,12,2017-11-26,CAR,NYJ,35.0,27.0,-5.5,39.5,62.0,0,Carl Cheffers,AF,win,2.5,over
2017_12_CHI_PHI,2017,REG,12,2017-11-26,CHI,PHI,3.0,31.0,14.0,43.5,34.0,0,Walt Coleman,HF,win,14.0,under
2017_12_CLE_CIN,2017,REG,12,2017-11-26,CLE,CIN,16.0,30.0,7.5,39.0,46.0,1,John Hussey,HF,win,6.5,over
2017_12_DEN_OAK,2017,REG,12,2017-11-26,DEN,OAK,14.0,21.0,3.5,41.0,35.0,1,Walt Anderson,HF,win,3.5,under
2017_12_GB_PIT,2017,REG,12,2017-11-26,GB,PIT,28.0,31.0,14.0,43.0,59.0,0,Ed Hochuli,HF,loss,-11.0,over
2017_12_HOU_BAL,2017,REG,12,2017-11-27,HOU,BAL,16.0,23.0,7.5,39.5,39.0,0,Brad Allen,HF,loss,-0.5,under
2017_12_JAX_ARI,2017,REG,12,2017-11-26,JAX,ARI,24.0,27.0,-6.5,37.5,51.0,0,Clete Blakeman,AF,loss,-9.5,over
2017_12_LAC_DAL,2017,REG,12,2017-11-23,LAC,DAL,28.0,6.0,-1.0,46.5,34.0,0,Jerome Boger,AF,win,21.0,under
2017_12_MIA_NE,2017,REG,12,2017-11-26,MIA,NE,17.0,35.0,17.0,49.0,52.0,1,Ron Torbert,HF,win,1.0,over
2017_12_MIN_DET,2017,REG,12,2017-11-23,MIN,DET,30.0,23.0,-2.5,46.0,53.0,1,Tony Corrente,AF,win,4.5,over
2017_12_NO_LA,2017,REG,12,2017-11-26,NO,LA,20.0,26.0,2.5,54.0,46.0,0,John Parry,HF,win,3.5,under
2017_12_NYG_WAS,2017,REG,12,2017-11-23,NYG,WAS,10.0,20.0,7.0,44.0,30.0,1,Terry McAulay,HF,win,3.0,under
2017_12_SEA_SF,2017,REG,12,2017-11-26,SEA,SF,24.0,13.0,-7.0,45.0,37.0,1,Peter Morelli,AF,win,4.0,under
2017_12_TB_ATL,2017,REG,12,2017-11-26,TB,ATL,20.0,34.0,10.5,47.0,54.0,1,Jeff Triplette,HF,win,3.5,over
2017_12_TEN_IND,2017,REG,12,2017-11-26,TEN,IND,20.0,16.0,-3.0,46.5,36.0,1,Craig Wrolstad,AF,win,1.0,under
2017_13_CAR_NO,2017,REG,13,2017-12-03,CAR,NO,21.0,31.0,5.5,48.0,52.0,1,John Hussey,HF,win,4.5,over
2017_13_CLE_LAC,2017,REG,13,2017-12-03,CLE,LAC,10.0,19.0,13.5,45.0,29.0,0,Walt Coleman,HF,loss,-4.5,under
2017_13_DEN_MIA,2017,REG,13,2017-12-03,DEN,MIA,9.0,35.0,-1.0,41.0,44.0,0,Carl Cheffers,AF,loss,-27.0,over
2017_13_DET_BAL,2017,REG,13,2017-12-03,DET,BAL,20.0,44.0,2.5,43.0,64.0,0,Jerome Boger,HF,win,21.5,over
2017_13_HOU_TEN,2017,REG,13,2017-12-03,HOU,TEN,13.0,24.0,7.0,42.5,37.0,1,Clete Blakeman,HF,win,4.0,under
2017_13_IND_JAX,2017,REG,13,2017-12-03,IND,JAX,10.0,30.0,10.0,41.0,40.0,1,Bill Vinovich,HF,win,10.0,under
2017_13_KC_NYJ,2017,REG,13,2017-12-03,KC,NYJ,31.0,38.0,-3.5,44.0,69.0,0,John Parry,AF,loss,-10.5,over
2017_13_LA_ARI,2017,REG,13,2017-12-03,LA,ARI,32.0,16.0,-7.5,43.0,48.0,1,Ron Torbert,AF,win,8.5,over
2017_13_MIN_ATL,2017,REG,13,2017-12-03,MIN,ATL,14.0,9.0,2.0,48.5,23.0,0,Brad Allen,HF,loss,-7.0,under
2017_13_NE_BUF,2017,REG,13,2017-12-03,NE,BUF,23.0,3.0,-7.5,48.5,26.0,1,Gene Steratore,AF,win,12.5,under
2017_13_NYG_OAK,2017,REG,13,2017-12-03,NYG,OAK,17.0,24.0,10.0,43.0,41.0,0,Peter Morelli,HF,loss,-3.0,under
2017_13_PHI_SEA,2017,REG,13,2017-12-03,PHI,SEA,10.0,24.0,-3.5,46.5,34.0,0,Tony Corrente,AF,loss,-17.5,under
2017_13_PIT_CIN,2017,REG,13,2017-12-04,PIT,CIN,23.0,20.0,-4.5,42.5,43.0,1,Walt Anderson,AF,loss,-1.5,over
2017_13_SF_CHI,2017,REG,13,2017-12-03,SF,CHI,15.0,14.0,2.5,42.0,29.0,0,Ed Hochuli,HF,loss,-3.5,under
2017_13_TB_GB,2017,REG,13,2017-12-03,TB,GB,20.0,26.0,3.0,45.0,46.0,0,Terry McAulay,HF,win,3.0,over
2017_13_WAS_DAL,2017,REG,13,2017-11-30,WAS,DAL,14.0,38.0,-1.5,47.0,52.0,1,Craig Wrolstad,AF,loss,-25.5,over
2017_14_BAL_PIT,2017,REG,14,2017-12-10,BAL,PIT,38.0,39.0,6.0,43.0,77.0,1,Walt Coleman,HF,loss,-5.0,over
2017_14_CHI_CIN,2017,REG,14,2017-12-10,CHI,CIN,33.0,7.0,6.0,40.5,40.0,0,John Parry,HF,loss,-32.0,under
2017_14_DAL_NYG,2017,REG,14,2017-12-10,DAL,NYG,30.0,10.0,-4.0,42.0,40.0,1,Walt Anderson,AF,win,16.0,under
2017_14_GB_CLE,2017,REG,14,2017-12-10,GB,CLE,27.0,21.0,-2.5,38.5,48.0,0,Bill Vinovich,AF,win,3.5,over
2017_14_IND_BUF,2017,REG,14,2017-12-10,IND,BUF,7.0,13.0,3.5,36.5,20.0,0,Brad Allen,HF,win,2.5,under
2017_14_MIN_CAR,2017,REG,14,2017-12-10,MIN,CAR,24.0,31.0,-2.5,40.5,55.0,0,Terry McAulay,AF,loss,-9.5,over
2017_14_NE_MIA,2017,REG,14,2017-12-11,NE,MIA,20.0,27.0,-10.0,48.0,47.0,1,Peter Morelli,AF,loss,-17.0,under
2017_14_NO_ATL,2017,REG,14,2017-12-07,NO,ATL,17.0,20.0,2.5,51.5,37.0,1,Clete Blakeman,HF,win,0.5,under
2017_14_NYJ_DEN,2017,REG,14,2017-12-10,NYJ,DEN,0.0,23.0,-1.0,40.5,23.0,0,Tony Corrente,AF,loss,-24.0,under
2017_14_OAK_KC,2017,REG,14,2017-12-10,OAK,KC,15.0,26.0,4.5,48.5,41.0,1,Carl Cheffers,HF,win,6.5,under
2017_14_PHI_LA,2017,REG,14,2017-12-10,PHI,LA,43.0,35.0,-1.0,47.5,78.0,0,Craig Wrolstad,AF,win,7.0,over
2017_14_SEA_JAX,2017,REG,14,2017-12-10,SEA,JAX,24.0,30.0,3.0,41.0,54.0,0,Gene Steratore,HF,win,3.0,over
2017_14_SF_HOU,2017,REG,14,2017-12-10,SF,HOU,26.0,16.0,1.0,45.5,42.0,0,John Hussey,HF,loss,-11.0,under
2017_14_TEN_ARI,2017,REG,14,2017-12-10,TEN,ARI,7.0,12.0,-2.5,42.0,19.0,0,Jerome Boger,AF,loss,-7.5,under
2017_14_WAS_LAC,2017,REG,14,2017-12-10,WAS,LAC,13.0,30.0,6.0,46.5,43.0,0,Jeff Triplette,HF,win,11.0,under
2017_15_ARI_WAS,2017,REG,15,2017-12-17,ARI,WAS,15.0,20.0,4.0,40.0,35.0,0,Peter Morelli,HF,win,1.0,under
2017_15_ATL_TB,2017,REG,15,2017-12-18,ATL,TB,24.0,21.0,-7.0,49.5,45.0,1,John Hussey,AF,loss,-4.0,under
2017_15_BAL_CLE,2017,REG,15,2017-12-17,BAL,CLE,27.0,10.0,-6.5,42.0,37.0,1,Clete Blakeman,AF,win,10.5,under
2017_15_CHI_DET,2017,REG,15,2017-12-16,CHI,DET,10.0,20.0,5.0,43.5,30.0,1,Jeff Triplette,HF,win,5.0,under
2017_15_CIN_MIN,2017,REG,15,2017-12-17,CIN,MIN,7.0,34.0,12.5,42.5,41.0,0,Walt Coleman,HF,win,14.5,under
2017_15_DAL_OAK,2017,REG,15,2017-12-17,DAL,OAK,20.0,17.0,-3.0,46.0,37.0,0,Gene Steratore,AF,push,0.0,under
2017_15_DEN_IND,2017,REG,15,2017-12-14,DEN,IND,25.0,13.0,-3.0,40.5,38.0,0,Terry McAulay,AF,win,9.0,under
2017_15_GB_CAR,2017,REG,15,2017-12-17,GB,CAR,24.0,31.0,3.0,46.5,55.0,0,Craig Wrolstad,HF,win,4.0,over
2017_15_HOU_JAX,2017,REG,15,2017-12-17,HOU,JAX,7.0,45.0,10.5,39.0,52.0,1,Carl Cheffers,HF,win,27.5,over
2017_15_LAC_KC,2017,REG,15,2017-12-16,LAC,KC,13.0,30.0,1.0,47.0,43.0,1,Walt Anderson,HF,win,16.0,under
2017_15_LA_SEA,2017,REG,15,2017-12-17,LA,SEA,42.0,7.0,-1.0,47.5,49.0,1,Ed Hochuli,AF,win,34.0,over
2017_15_MIA_BUF,2017,REG,15,2017-12-17,MIA,BUF,16.0,24.0,3.5,39.5,40.0,1,Jerome Boger,HF,win,4.5,over
2017_15_NE_PIT,2017,REG,15,2017-12-17,NE,PIT,27.0,24.0,-2.5,53.0,51.0,0,Tony Corrente,AF,win,0.5,under
2017_15_NYJ_NO,2017,REG,15,2017-12-17,NYJ,NO,19.0,31.0,16.5,47.0,50.0,0,Ron Torbert,HF,loss,-4.5,over
2017_15_PHI_NYG,2017,REG,15,2017-12-17,PHI,NYG,34.0,29.0,-7.5,40.5,63.0,1,Brad Allen,AF,loss,-2.5,over
2017_15_TEN_SF,2017,REG,15,2017-12-17,TEN,SF,23.0,25.0,2.5,44.5,48.0,0,John Parry,HF,loss,-0.5,over
2017_16_ATL_NO,2017,REG,16,2017-12-24,ATL,NO,13.0,23.0,5.5,52.0,36.0,1,Peter Morelli,HF,win,4.5,under
2017_16_BUF_NE,2017,REG,16,2017-12-24,BUF,NE,16.0,37.0,11.0,47.5,53.0,1,Craig Wrolstad,HF,win,10.0,over
2017_16_CLE_CHI,2017,REG,16,2017-12-24,CLE,CHI,3.0,20.0,5.5,37.0,23.0,0,Terry McAulay,HF,win,11.5,under
2017_16_DEN_WAS,2017,REG,16,2017-12-24,DEN,WAS,11.0,27.0,3.0,39.5,38.0,0,Ed Hochuli,HF,win,13.0,under
2017_16_DET_CIN,2017,REG,16,2017-12-24,DET,CIN,17.0,26.0,-3.0,43.5,43.0,0,Gene Steratore,AF,loss,-12.0,under
2017_16_IND_BAL,2017,REG,16,2017-12-23,IND,BAL,16.0,23.0,13.5,41.0,39.0,0,Tony Corrente,HF,loss,-6.5,under
2017_16_JAX_SF,2017,REG,16,2017-12-24,JAX,SF,33.0,44.0,-4.0,43.0,77.0,0,Jeff Triplette,AF,loss,-15.0,over
2017_16_LAC_NYJ,2017,REG,16,2017-12-24,LAC,NYJ,14.0,7.0,-7.5,42.5,21.0,0,Clete Blakeman,AF,loss,-0.5,under
2017_16_LA_TEN,2017,REG,16,2017-12-24,LA,TEN,27.0,23.0,-5.5,46.0,50.0,0,Walt Anderson,AF,loss,-1.5,over
2017_16_MIA_KC,2017,REG,16,2017-12-24,MIA,KC,13.0,29.0,11.0,43.5,42.0,0,Brad Allen,HF,win,5.0,under
2017_16_MIN_GB,2017,REG,16,2017-12-23,MIN,GB,16.0,0.0,-8.5,41.0,16.0,1,Carl Cheffers,AF,win,7.5,under
2017_16_NYG_ARI,2017,REG,16,2017-12-24,NYG,ARI,0.0,23.0,3.0,39.0,23.0,0,John Parry,HF,win,20.0,under
2017_16_OAK_PHI,2017,REG,16,2017-12-25,OAK,PHI,10.0,19.0,10.0,46.0,29.0,0,Ron Torbert,HF,loss,-1.0,under
2017_16_PIT_HOU,2017,REG,16,2017-12-25,PIT,HOU,34.0,6.0,-8.0,45.5,40.0,0,Bill Vinovich,AF,win,20.0,under
2017_16_SEA_DAL,2017,REG,16,2017-12-24,SEA,DAL,21.0,12.0,4.5,47.0,33.0,0,John Hussey,HF,loss,-13.5,under
2017_16_TB_CAR,2017,REG,16,2017-12-24,TB,CAR,19.0,22.0,10.0,46.5,41.0,1,Jerome Boger,HF,loss,-7.0,under
2017_17_ARI_SEA,2017,REG,17,2017-12-31,ARI,SEA,26.0,24.0,8.0,38.0,50.0,1,Walt Coleman,HF,loss,-10.0,over
2017_17_BUF_MIA,2017,REG,17,2017-12-31,BUF,MIA,22.0,16.0,-2.5,41.5,38.0,1,Jeff Triplette,AF,win,3.5,under
2017_17_CAR_ATL,2017,REG,17,2017-12-31,CAR,ATL,10.0,22.0,5.0,44.5,32.0,1,Bill Vinovich,HF,win,7.0,under
2017_17_CHI_MIN,2017,REG,17,2017-12-31,CHI,MIN,10.0,23.0,13.5,38.0,33.0,1,Craig Wrolstad,HF,loss,-0.5,under
2017_17_CIN_BAL,2017,REG,17,2017-12-31,CIN,BAL,31.0,27.0,8.0,40.0,58.0,1,Ron Torbert,HF,loss,-12.0,over
2017_17_CLE_PIT,2017,REG,17,2017-12-31,CLE,PIT,24.0,28.0,5.0,38.5,52.0,1,Jerome Boger,HF,loss,-1.0,over
2017_17_DAL_PHI,2017,REG,17,2017-12-31,DAL,PHI,6.0,0.0,-3.5,41.0,6.0,1,John Parry,AF,win,2.5,under
2017_17_GB_DET,2017,REG,17,2017-12-31,GB,DET,11.0,35.0,7.5,45.0,46.0,1,Peter Morelli,HF,win,16.5,over
2017_17_HOU_IND,2017,REG,17,2017-12-31,HOU,IND,13.0,22.0,5.5,42.0,35.0,1,Gene Steratore,HF,win,3.5,under
2017_17_JAX_TEN,2017,REG,17,2017-12-31,JAX,TEN,10.0,15.0,2.5,40.0,25.0,1,Tony Corrente,HF,win,2.5,under
2017_17_KC_DEN,2017,REG,17,2017-12-31,KC,DEN,27.0,24.0,3.0,37.5,51.0,1,Clete Blakeman,HF,loss,-6.0,over
2017_17_NO_TB,2017,REG,17,2017-12-31,NO,TB,24.0,31.0,-6.0,49.0,55.0,1,Walt Anderson,AF,loss,-13.0,over
2017_17_NYJ_NE,2017,REG,17,2017-12-31,NYJ,NE,6.0,26.0,17.0,43.5,32.0,1,Brad Allen,HF,win,3.0,under
2017_17_OAK_LAC,2017,REG,17,2017-12-31,OAK,LAC,10.0,30.0,7.0,43.0,40.0,1,Ed Hochuli,HF,win,13.0,under
2017_17_SF_LA,2017,REG,17,2017-12-31,SF,LA,34.0,13.0,-6.5,44.5,47.0,1,Terry McAulay,AF,win,14.5,over
2017_17_WAS_NYG,2017,REG,17,2017-12-31,WAS,NYG,10.0,18.0,-5.0,41.0,28.0,1,John Hussey,AF,loss,-13.0,under
2017_18_ATL_LA,2017,WC,18,2018-01-06,ATL,LA,26.0,13.0,6.5,48.0,39.0,0,Ed Hochuli,HF,loss,-19.5,under
2017_18_BUF_JAX,2017,WC,18,2018-01-07,BUF,JAX,3.0,10.0,8.5,39.5,13.0,0,John Hussey,HF,loss,-1.5,under
2017_18_CAR_NO,2017,WC,18,2018-01-07,CAR,NO,26.0,31.0,6.5,47.5,57.0,1,Tony Corrente,HF,loss,-1.5,over
2017_18_TEN_KC,2017,WC,18,2018-01-06,TEN,KC,22.0,21.0,8.5,44.0,43.0,0,Jeff Triplette,HF,loss,-9.5,under
2017_19_ATL_PHI,2017,DIV,19,2018-01-13,ATL,PHI,10.0,15.0,-2.5,40.0,25.0,0,Bill Vinovich,AF,loss,-7.5,under
2017_19_JAX_PIT,2017,DIV,19,2018-01-14,JAX,PIT,45.0,42.0,7.0,40.5,87.0,0,Brad Allen,HF,loss,-10.0,over
2017_19_NO_MIN,2017,DIV,19,2018-01-14,NO,MIN,24.0,29.0,5.5,47.0,53.0,0,Gene Steratore,HF,loss,-0.5,over
2017_19_TEN_NE,2017,DIV,19,2018-01-13,TEN,NE,14.0,35.0,13.5,48.0,49.0,0,Ron Torbert,HF,win,7.5,over
2017_20_JAX_NE,2017,CON,20,2018-01-21,JAX,NE,20.0,24.0,7.5,46.0,44.0,0,Clete Blakeman,HF,loss,-3.5,under
2017_20_MIN_PHI,2017,CON,20,2018-01-21,MIN,PHI,7.0,38.0,-3.0,39.0,45.0,0,Ed Hochuli,AF,loss,-34.0,over
2017_21_PHI_NE,2017,SB,21,2018-02-04,PHI,NE,41.0,33.0,4.5,48.5,74.0,0,Gene Steratore,HF,loss,-12.5,over
2018_01_ATL_PHI,2018,REG,1,2018-09-06,ATL,PHI,12.0,18.0,1.0,44.5,30.0,0,John Hussey,HF,win,5.0,under
2018_01_BUF_BAL,2018,REG,1,2018-09-09,BUF,BAL,3.0,47.0,7.5,39.0,50.0,0,Shawn Hochuli,HF,win,36.5,over
2018_01_CHI_GB,2018,REG,1,2018-09-09,CHI,GB,23.0,24.0,6.5,45.0,47.0,1,Carl Cheffers,HF,loss,-5.5,over
2018_01_CIN_IND,2018,REG,1,2018-09-09,CIN,IND,34.0,23.0,-1.0,47.5,57.0,0,Peter Morelli,AF,win,10.0,over
2018_01_DAL_CAR,2018,REG,1,2018-09-09,DAL,CAR,8.0,16.0,2.5,42.5,24.0,0,Walt Anderson,HF,win,5.5,under
2018_01_HOU_NE,2018,REG,1,2018-09-09,HOU,NE,20.0,27.0,6.0,49.5,47.0,0,Tony Corrente,HF,win,1.0,under
2018_01_JAX_NYG,2018,REG,1,2018-09-09,JAX,NYG,20.0,15.0,-2.5,43.0,35.0,0,Craig Wrolstad,AF,win,2.5,under
2018_01_KC_LAC,2018,REG,1,2018-09-09,KC,LAC,38.0,28.0,3.5,48.0,66.0,1,Clete Blakeman,HF,loss,-13.5,over
2018_01_LA_OAK,2018,REG,1,2018-09-10,LA,OAK,33.0,13.0,-6.0,47.5,46.0,0,Ron Torbert,AF,win,14.0,under
2018_01_NYJ_DET,2018,REG,1,2018-09-10,NYJ,DET,48.0,17.0,7.0,44.0,65.0,0,Bill Vinovich,HF,loss,-38.0,over
2018_01_PIT_CLE,2018,REG,1,2018-09-09,PIT,CLE,21.0,21.0,-3.5,41.0,42.0,1,Shawn Smith,AF,loss,-3.5,over
2018_01_SEA_DEN,2018,REG,1,2018-09-09,SEA,DEN,24.0,27.0,3.0,42.5,51.0,0,Brad Allen,HF,push,0.0,over
2018_01_SF_MIN,2018,REG,1,2018-09-09,SF,MIN,16.0,24.0,6.0,46.5,40.0,0,Clay Martin,HF,win,2.0,under
2018_01_TB_NO,2018,REG,1,2018-09-09,TB,NO,48.0,40.0,10.0,50.0,88.0,1,John Parry,HF,loss,-18.0,over
2018_01_TEN_MIA,2018,REG,1,2018-09-09,TEN,MIA,20.0,27.0,-1.0,43.5,47.0,0,Jerome Boger,AF,loss,-8.0,over
2018_01_WAS_ARI,2018,REG,1,2018-09-09,WAS,ARI,24.0,6.0,2.0,43.5,30.0,0,Walt Coleman,HF,loss,-20.0,under
2018_02_ARI_LA,2018,REG,2,2018-09-16,ARI,LA,0.0,34.0,13.5,43.5,34.0,1,Craig Wrolstad,HF,win,20.5,under
2018_02_BAL_CIN,2018,REG,2,2018-09-13,BAL,CIN,23.0,34.0,1.0,43.0,57.0,1,Walt Anderson,HF,win,10.0,over
2018_02_CAR_ATL,2018,REG,2,2018-09-16,CAR,ATL,24.0,31.0,5.5,44.0,55.0,1,Bill Vinovich,HF,win,1.5,over
2018_02_CLE_NO,2018,REG,2,2018-09-16,CLE,NO,18.0,21.0,10.0,51.0,39.0,0,Ron Torbert,HF,loss,-7.0,under
2018_02_DET_SF,2018,REG,2,2018-09-16,DET,SF,27.0,30.0,6.0,48.5,57.0,0,Shawn Hochuli,HF,loss,-3.0,over
2018_02_HOU_TEN,2018,REG,2,2018-09-16,HOU,TEN,17.0,20.0,-3.5,41.0,37.0,1,Peter Morelli,AF,loss,-6.5,under
2018_02_IND_WAS,2018,REG,2,2018-09-16,IND,WAS,21.0,9.0,6.0,48.0,30.0,0,Clete Blakeman,HF,loss,-18.0,under
2018_02_KC_PIT,2018,REG,2,2018-09-16,KC,PIT,42.0,37.0,4.5,52.0,79.0,0,Jerome Boger,HF,loss,-9.5,over
2018_02_LAC_BUF,2018,REG,2,2018-09-16,LAC,BUF,31.0,20.0,-7.5,41.5,51.0,0,Clay Martin,AF,win,3.5,over
2018_02_MIA_NYJ,2018,REG,2,2018-09-16,MIA,NYJ,20.0,12.0,3.0,43.0,32.0,1,Brad Allen,HF,loss,-11.0,under
2018_02_MIN_GB,2018,REG,2,2018-09-16,MIN,GB,29.0,29.0,-2.0,45.0,58.0,1,Tony Corrente,AF,loss,-2.0,over
2018_02_NE_JAX,2018,REG,2,2018-09-16,NE,JAX,20.0,31.0,-2.0,44.5,51.0,0,Carl Cheffers,AF,loss,-13.0,over
2018_02_NYG_DAL,2018,REG,2,2018-09-16,NYG,DAL,13.0,20.0,3.0,42.0,33.0,1,John Parry,HF,win,4.0,under
2018_02_OAK_DEN,2018,REG,2,2018-09-16,OAK,DEN,19.0,20.0,5.5,44.5,39.0,1,John Hussey,HF,loss,-4.5,under
2018_02_PHI_TB,2018,REG,2,2018-09-16,PHI,TB,21.0,27.0,-3.0,46.5,48.0,0,Alex Kemp,AF,loss,-9.0,over
2018_02_SEA_CHI,2018,REG,2,2018-09-17,SEA,CHI,17.0,24.0,5.0,42.5,41.0,0,Walt Coleman,HF,win,2.0,under
2018_03_BUF_MIN,2018,REG,3,2018-09-23,BUF,MIN,27.0,6.0,16.5,41.0,33.0,0,Alex Kemp,HF,loss,-37.5,under
2018_03_CHI_ARI,2018,REG,3,2018-09-23,CHI,ARI,16.0,14.0,-6.0,39.0,30.0,0,Bill Vinovich,AF,loss,-4.0,under
2018_03_CIN_CAR,2018,REG,3,2018-09-23,CIN,CAR,21.0,31.0,2.5,44.0,52.0,0,John Parry,HF,win,7.5,over
2018_03_DAL_SEA,2018,REG,3,2018-09-23,DAL,SEA,13.0,24.0,1.0,40.0,37.0,0,Carl Cheffers,HF,win,10.0,under
2018_03_DEN_BAL,2018,REG,3,2018-09-23,DEN,BAL,14.0,27.0,5.5,46.0,41.0,0,Ron Torbert,HF,win,7.5,under
2018_03_GB_WAS,2018,REG,3,2018-09-23,GB,WAS,17.0,31.0,-2.5,46.5,48.0,0,Craig Wrolstad,AF,loss,-16.5,over
2018_03_IND_PHI,2018,REG,3,2018-09-23,IND,PHI,16.0,20.0,6.5,45.5,36.0,0,Clay Martin,HF,loss,-2.5,under
2018_03_LAC_LA,2018,REG,3,2018-09-23,LAC,LA,23.0,35.0,7.5,49.0,58.0,0,John Hussey,HF,win,4.5,over
2018_03_NE_DET,2018,REG,3,2018-09-23,NE,DET,10.0,26.0,-7.0,55.5,36.0,0,Clete Blakeman,AF,loss,-23.0,under
2018_03_NO_ATL,2018,REG,3,2018-09-23,NO,ATL,43.0,37.0,1.5,54.0,80.0,1,Walt Anderson,HF,loss,-7.5,over
2018_03_NYG_HOU,2018,REG,3,2018-09-23,NYG,HOU,27.0,22.0,6.5,44.0,49.0,0,Walt Coleman,HF,loss,-11.5,over
2018_03_NYJ_CLE,2018,REG,3,2018-09-20,NYJ,CLE,17.0,21.0,3.0,41.0,38.0,0,Jerome Boger,HF,win,1.0,under
2018_03_OAK_MIA,2018,REG,3,2018-09-23,OAK,MIA,20.0,28.0,3.0,46.0,48.0,0,Shawn Hochuli,HF,win,5.0,over
2018_03_PIT_TB,2018,REG,3,2018-09-24,PIT,TB,30.0,27.0,1.0,55.0,57.0,0,Peter Morelli,HF,loss,-4.0,over
2018_03_SF_KC,2018,REG,3,2018-09-23,SF,KC,27.0,38.0,6.0,53.0,65.0,0,Tony Corrente,HF,win,5.0,over
2018_03_TEN_JAX,2018,REG,3,2018-09-23,TEN,JAX,9.0,6.0,10.0,39.0,15.0,1,Shawn Smith,HF,loss,-13.0,under
2018_04_BAL_PIT,2018,REG,4,2018-09-30,BAL,PIT,26.0,14.0,3.0,51.0,40.0,1,Tony Corrente,HF,loss,-15.0,under
2018_04_BUF_GB,2018,REG,4,2018-09-30,BUF,GB,0.0,22.0,8.5,44.0,22.0,0,Bill Vinovich,HF,win,13.5,under
2018_04_CIN_ATL,2018,REG,4,2018-09-30,CIN,ATL,37.0,36.0,3.5,52.0,73.0,0,Shawn Smith,HF,loss,-4.5,over
2018_04_CLE_OAK,2018,REG,4,2018-09-30,CLE,OAK,42.0,45.0,2.5,44.5,87.0,0,Walt Anderson,HF,win,0.5,over
2018_04_DET_DAL,2018,REG,4,2018-09-30,DET,DAL,24.0,26.0,2.5,44.0,50.0,0,Walt Coleman,HF,loss,-0.5,over
2018_04_HOU_IND,2018,REG,4,2018-09-30,HOU,IND,37.0,34.0,-1.0,48.0,71.0,1,Carl Cheffers,AF,win,2.0,over
2018_04_KC_DEN,2018,REG,4,2018-10-01,KC,DEN,27.0,23.0,-3.5,53.5,50.0,1,Craig Wrolstad,AF,win,0.5,under
2018_04_MIA_NE,2018,REG,4,2018-09-30,MIA,NE,7.0,38.0,6.5,50.5,45.0,1,Alex Kemp,HF,win,24.5,under
2018_04_MIN_LA,2018,REG,4,2018-09-27,MIN,LA,31.0,38.0,7.5,48.5,69.0,0,Brad Allen,HF,loss,-0.5,over
2018_04_NO_NYG,2018,REG,4,2018-09-30,NO,NYG,33.0,18.0,-3.5,51.5,51.0,0,Peter Morelli,AF,win,11.5,under
2018_04_NYJ_JAX,2018,REG,4,2018-09-30,NYJ,JAX,12.0,31.0,7.5,40.5,43.0,0,Clay Martin,HF,win,11.5,over
2018_04_PHI_TEN,2018,REG,4,2018-09-30,PHI,TEN,23.0,26.0,-3.0,41.5,49.0,0,Shawn Hochuli,AF,loss,-6.0,over
2018_04_SEA_ARI,2018,REG,4,2018-09-30,SEA,ARI,20.0,17.0,-3.5,40.0,37.0,1,John Hussey,AF,loss,-0.5,under
2018_04_SF_LAC,2018,REG,4,2018-09-30,SF,LAC,27.0,29.0,10.0,46.0,56.0,0,Ron Torbert,HF,loss,-8.0,over
2018_04_TB_CHI,2018,REG,4,2018-09-30,TB,CHI,10.0,48.0,3.0,46.0,58.0,0,Jerome Boger,HF,win,35.0,over
2018_05_ARI_SF,2018,REG,5,2018-10-07,ARI,SF,28.0,18.0,3.0,40.5,46.0,1,Shawn Smith,HF,loss,-13.0,over
2018_05_ATL_PIT,2018,REG,5,2018-10-07,ATL,PIT,17.0,41.0,3.5,57.0,58.0,0,John Parry,HF,win,20.5,over
2018_05_BAL_CLE,2018,REG,5,2018-10-07,BAL,CLE,9.0,12.0,-3.0,44.5,21.0,1,Clay Martin,AF,loss,-6.0,under
2018_05_DAL_HOU,2018,REG,5,2018-10-07,DAL,HOU,16.0,19.0,3.5,45.0,35.0,0,Bill Vinovich,HF,loss,-0.5,under
2018_05_DEN_NYJ,2018,REG,5,2018-10-07,DEN,NYJ,16.0,34.0,-1.0,42.0,50.0,0,Peter Morelli,AF,loss,-19.0,over
2018_05_GB_DET,2018,REG,5,2018-10-07,GB,DET,23.0,31.0,1.0,50.0,54.0,1,John Hussey,HF,win,7.0,over
2018_05_IND_NE,2018,REG,5,2018-10-04,IND,NE,24.0,38.0,10.5,49.5,62.0,0,Shawn Hochuli,HF,win,3.5,over
2018_05_JAX_KC,2018,REG,5,2018-10-07,JAX,KC,14.0,30.0,3.0,48.0,44.0,0,Brad Allen,HF,win,13.0,under
2018_05_LA_SEA,2018,REG,5,2018-10-07,LA,SEA,33.0,31.0,-7.5,50.5,64.0,1,Clete Blakeman,AF,loss,-5.5,over
2018_05_MIA_CIN,2018,REG,5,2018-10-07,MIA,CIN,17.0,27.0,6.0,47.5,44.0,0,Craig Wrolstad,HF,win,4.0,under
2018_05_MIN_PHI,2018,REG,5,2018-10-07,MIN,PHI,23.0,21.0,3.5,48.0,44.0,0,Walt Coleman,HF,loss,-5.5,under
2018_05_NYG_CAR,2018,REG,5,2018-10-07,NYG,CAR,31.0,33.0,7.0,43.5,64.0,0,Jerome Boger,HF,loss,-5.0,over
2018_05_OAK_LAC,2018,REG,5,2018-10-07,OAK,LAC,10.0,26.0,5.5,52.0,36.0,1,Alex Kemp,HF,win,10.5,under
2018_05_TEN_BUF,2018,REG,5,2018-10-07,TEN,BUF,12.0,13.0,-6.0,38.0,25.0,0,Tony Corrente,AF,loss,-7.0,under
2018_05_WAS_NO,2018,REG,5,2018-10-08,WAS,NO,19.0,43.0,5.5,51.5,62.0,0,Carl Cheffers,HF,win,18.5,over
2018_06_ARI_MIN,2018,REG,6,2018-10-14,ARI,MIN,17.0,27.0,10.0,43.5,44.0,0,Jerome Boger,HF,push,0.0,over
2018_06_BAL_TEN,2018,REG,6,2018-10-14,BAL,TEN,21.0,0.0,-2.5,43.5,21.0,0,Carl Cheffers,AF,win,18.5,under
2018_06_BUF_HOU,2018,REG,6,2018-10-14,BUF,HOU,13.0,20.0,10.5,40.5,33.0,0,Craig Wrolstad,HF,loss,-3.5,under
2018_06_CAR_WAS,2018,REG,6,2018-10-14,CAR,WAS,17.0,23.0,-1.0,44.5,40.0,0,Clay Martin,AF,loss,-7.0,under
2018_06_CHI_MIA,2018,REG,6,2018-10-14,CHI,MIA,28.0,31.0,-7.5,40.5,59.0,0,Walt Anderson,AF,loss,-10.5,over
2018_06_IND_NYJ,2018,REG,6,2018-10-14,IND,NYJ,34.0,42.0,2.5,47.5,76.0,0,Alex Kemp,HF,win,5.5,over
2018_06_JAX_DAL,2018,REG,6,2018-10-14,JAX,DAL,7.0,40.0,-3.0,39.5,47.0,0,Tony Corrente,AF,loss,-36.0,over
2018_06_KC_NE,2018,REG,6,2018-10-14,KC,NE,40.0,43.0,4.0,59.5,83.0,0,John Hussey,HF,loss,-1.0,over
2018_06_LAC_CLE,2018,REG,6,2018-10-14,LAC,CLE,38.0,14.0,1.0,47.0,52.0,0,Brad Allen,HF,loss,-25.0,over
2018_06_LA_DEN,2018,REG,6,2018-10-14,LA,DEN,23.0,20.0,-7.0,50.0,43.0,0,Shawn Smith,AF,loss,-4.0,under
2018_06_PHI_NYG,2018,REG,6,2018-10-11,PHI,NYG,34.0,13.0,-1.5,45.5,47.0,1,Ron Torbert,AF,win,19.5,over
2018_06_PIT_CIN,2018,REG,6,2018-10-14,PIT,CIN,28.0,21.0,1.0,49.5,49.0,1,Clete Blakeman,HF,loss,-8.0,under
2018_06_SEA_OAK,2018,REG,6,2018-10-14,SEA,OAK,27.0,3.0,-3.0,47.5,30.0,0,Peter Morelli,AF,win,21.0,under
2018_06_SF_GB,2018,REG,6,2018-10-15,SF,GB,30.0,33.0,9.0,46.5,63.0,0,John Parry,HF,loss,-6.0,over
2018_06_TB_ATL,2018,REG,6,2018-10-14,TB,ATL,29.0,34.0,3.0,57.5,63.0,1,Walt Coleman,HF,win,2.0,over
2018_07_BUF_IND,2018,REG,7,2018-10-21,BUF,IND,5.0,37.0,7.0,43.5,42.0,0,Brad Allen,HF,win,25.0,under
2018_07_CAR_PHI,2018,REG,7,2018-10-21,CAR,PHI,21.0,17.0,5.0,45.0,38.0,0,Clete Blakeman,HF,loss,-9.0,under
2018_07_CIN_KC,2018,REG,7,2018-10-21,CIN,KC,10.0,45.0,6.5,56.0,55.0,0,Bill Vinovich,HF,win,28.5,under
2018_07_CLE_TB,2018,REG,7,2018-10-21,CLE,TB,23.0,26.0,3.5,52.5,49.0,0,Shawn Hochuli,HF,loss,-0.5,under
2018_07_DAL_WAS,2018,REG,7,2018-10-21,DAL,WAS,17.0,20.0,-1.5,40.5,37.0,1,John Hussey,AF,loss,-4.5,under
2018_07_DEN_ARI,2018,REG,7,2018-10-18,DEN,ARI,45.0,10.0,-1.0,42.5,55.0,0,Alex Kemp,AF,win,34.0,over
2018_07_DET_MIA,2018,REG,7,2018-10-21,DET,MIA,32.0,21.0,-3.0,47.0,53.0,0,Jerome Boger,AF,win,8.0,over
2018_07_HOU_JAX,2018,REG,7,2018-10-21,HOU,JAX,20.0,7.0,4.0,43.0,27.0,1,Ron Torbert,HF,loss,-17.0,under
2018_07_LA_SF,2018,REG,7,2018-10-21,LA,SF,39.0,10.0,-8.0,52.0,49.0,1,Walt Anderson,AF,win,21.0,under
2018_07_MIN_NYJ,2018,REG,7,2018-10-21,MIN,NYJ,37.0,17.0,-3.5,45.0,54.0,0,Shawn Smith,AF,win,16.5,over
2018_07_NE_CHI,2018,REG,7,2018-10-21,NE,CHI,38.0,31.0,-1.0,49.0,69.0,0,Clay Martin,AF,win,6.0,over
2018_07_NO_BAL,2018,REG,7,2018-10-21,NO,BAL,24.0,23.0,2.5,49.0,47.0,0,John Parry,HF,loss,-3.5,under
2018_07_NYG_ATL,2018,REG,7,2018-10-22,NYG,ATL,20.0,23.0,4.5,52.0,43.0,0,Tony Corrente,HF,loss,-1.5,under
2018_07_TEN_LAC,2018,REG,7,2018-10-21,TEN,LAC,19.0,20.0,6.5,46.0,39.0,0,Walt Coleman,HF,loss,-5.5,under
2018_08_BAL_CAR,2018,REG,8,2018-10-28,BAL,CAR,21.0,36.0,-2.5,44.0,57.0,0,Peter Morelli,AF,loss,-17.5,over
2018_08_CLE_PIT,2018,REG,8,2018-10-28,CLE,PIT,18.0,33.0,8.5,47.5,51.0,1,Carl Cheffers,HF,win,6.5,over
2018_08_DEN_KC,2018,REG,8,2018-10-28,DEN,KC,23.0,30.0,8.5,53.0,53.0,1,Shawn Hochuli,HF,loss,-1.5,push
2018_08_GB_LA,2018,REG,8,2018-10-28,GB,LA,27.0,29.0,7.5,57.0,56.0,0,Ron Torbert,HF,loss,-5.5,under
2018_08_IND_OAK,2018,REG,8,2018-10-28,IND,OAK,42.0,28.0,-3.5,51.0,70.0,0,John Parry,AF,win,10.5,over
2018_08_MIA_HOU,2018,REG,8,2018-10-25,MIA,HOU,23.0,42.0,7.5,45.0,65.0,0,Shawn Smith,HF,win,11.5,over
2018_08_NE_BUF,2018,REG,8,2018-10-29,NE,BUF,25.0,6.0,-13.5,44.0,31.0,1,Jerome Boger,AF,win,5.5,under
2018_08_NO_MIN,2018,REG,8,2018-10-28,NO,MIN,30.0,20.0,-2.5,53.5,50.0,0,Craig Wrolstad,AF,win,7.5,under
2018_08_NYJ_CHI,2018,REG,8,2018-10-28,NYJ,CHI,10.0,24.0,8.5,42.5,34.0,0,Clete Blakeman,HF,win,5.5,under
2018_08_PHI_JAX,2018,REG,8,2018-10-28,PHI,JAX,24.0,18.0,-4.0,44.5,42.0,0,John Hussey,AF,win,2.0,under
2018_08_SEA_DET,2018,REG,8,2018-10-28,SEA,DET,28.0,14.0,3.0,47.5,42.0,0,Walt Anderson,HF,loss,-17.0,under
2018_08_SF_ARI,2018,REG,8,2018-10-28,SF,ARI,15.0,18.0,-2.5,40.0,33.0,1,Brad Allen,AF,loss,-5.5,under
2018_08_TB_CIN,2018,REG,8,2018-10-28,TB,CIN,34.0,37.0,3.5,55.0,71.0,0,Alex Kemp,HF,loss,-0.5,over
2018_08_WAS_NYG,2018,REG,8,2018-10-28,WAS,NYG,20.0,13.0,-1.0,43.0,33.0,1,Bill Vinovich,AF,win,6.0,under
2018_09_ATL_WAS,2018,REG,9,2018-11-04,ATL,WAS,38.0,14.0,1.5,46.5,52.0,0,Walt Anderson,HF,loss,-25.5,over
2018_09_CHI_BUF,2018,REG,9,2018-11-04,CHI,BUF,41.0,9.0,-10.5,38.0,50.0,0,Shawn Smith,AF,win,21.5,over
2018_09_DET_MIN,2018,REG,9,2018-11-04,DET,MIN,9.0,24.0,4.5,47.0,33.0,1,Peter Morelli,HF,win,10.5,under
2018_09_GB_NE,2018,REG,9,2018-11-04,GB,NE,17.0,31.0,5.0,56.0,48.0,0,Brad Allen,HF,win,9.0,under
2018_09_HOU_DEN,2018,REG,9,2018-11-04,HOU,DEN,19.0,17.0,1.0,46.5,36.0,0,Clay Martin,HF,loss,-3.0,under
2018_09_KC_CLE,2018,REG,9,2018-11-04,KC,CLE,37.0,21.0,-7.5,51.0,58.0,0,Ron Torbert,AF,win,8.5,over
2018_09_LAC_SEA,2018,REG,9,2018-11-04,LAC,SEA,25.0,17.0,1.0,48.5,42.0,0,Shawn Hochuli,HF,loss,-9.0,under
2018_09_LA_NO,2018,REG,9,2018-11-04,LA,NO,35.0,45.0,-2.5,57.5,80.0,0,Bill Vinovich,AF,loss,-12.5,over
2018_09_NYJ_MIA,2018,REG,9,2018-11-04,NYJ,MIA,6.0,13.0,3.0,43.5,19.0,1,Walt Coleman,HF,win,4.0,under
2018_09_OAK_SF,2018,REG,9,2018-11-01,OAK,SF,3.0,34.0,-1.5,44.0,37.0,0,Carl Cheffers,AF,loss,-32.5,under
2018_09_PIT_BAL,2018,REG,9,2018-11-04,PIT,BAL,23.0,16.0,1.5,47.0,39.0,1,Craig Wrolstad,HF,loss,-8.5,under
2018_09_TB_CAR,2018,REG,9,2018-11-04,TB,CAR,28.0,42.0,6.0,55.5,70.0,1,Tony Corrente,HF,win,8.0,over
2018_09_TEN_DAL,2018,REG,9,2018-11-05,TEN,DAL,28.0,14.0,4.5,40.0,42.0,0,Clete Blakeman,HF,loss,-18.5,over
2018_10_ARI_KC,2018,REG,10,2018-11-11,ARI,KC,14.0,26.0,16.5,49.5,40.0,0,Carl Cheffers,HF,loss,-4.5,under
2018_10_ATL_CLE,2018,REG,10,2018-11-11,ATL,CLE,16.0,28.0,-5.5,49.5,44.0,0,Peter Morelli,AF,loss,-17.5,under
2018_10_BUF_NYJ,2018,REG,10,2018-11-11,BUF,NYJ,41.0,10.0,6.5,38.0,51.0,1,Ron Torbert,HF,loss,-37.5,over
2018_10_CAR_PIT,2018,REG,10,2018-11-08,CAR,PIT,21.0,52.0,3.5,51.0,73.0,0,Walt Coleman,HF,win,27.5,over
2018_10_DAL_PHI,2018,REG,10,2018-11-11,DAL,PHI,27.0,20.0,7.5,45.5,47.0,1,John Parry,HF,loss,-14.5,over
2018_10_DET_CHI,2018,REG,10,2018-11-11,DET,CHI,22.0,34.0,7.5,44.5,56.0,1,Alex Kemp,HF,win,4.5,over
2018_10_JAX_IND,2018,REG,10,2018-11-11,JAX,IND,26.0,29.0,3.0,48.0,55.0,1,Jerome Boger,HF,push,0.0,over
2018_10_LAC_OAK,2018,REG,10,2018-11-11,LAC,OAK,20.0,6.0,-10.5,50.0,26.0,1,Craig Wrolstad,AF,win,3.5,under
2018_10_MIA_GB,2018,REG,10,2018-11-11,MIA,GB,12.0,31.0,13.0,48.5,43.0,0,Clay Martin,HF,win,6.0,under
2018_10_NE_TEN,2018,REG,10,2018-11-11,NE,TEN,10.0,34.0,-6.0,47.0,44.0,0,Bill Vinovich,AF,loss,-30.0,under
2018_10_NO_CIN,2018,REG,10,2018-11-11,NO,CIN,51.0,14.0,-5.5,53.0,65.0,0,Tony Corrente,AF,win,31.5,over
2018_10_NYG_SF,2018,REG,10,2018-11-12,NYG,SF,27.0,23.0,3.0,45.0,50.0,0,Shawn Hochuli,HF,loss,-7.0,over
2018_10_SEA_LA,2018,REG,10,2018-11-11,SEA,LA,31.0,36.0,10.0,51.0,67.0,1,John Hussey,HF,loss,-5.0,over
2018_10_WAS_TB,2018,REG,10,2018-11-11,WAS,TB,16.0,3.0,3.5,51.0,19.0,0,Brad Allen,HF,loss,-16.5,under
2018_11_CAR_DET,2018,REG,11,2018-11-18,CAR,DET,19.0,20.0,-4.0,48.0,39.0,0,Clay Martin,AF,loss,-5.0,under
2018_11_CIN_BAL,2018,REG,11,2018-11-18,CIN,BAL,21.0,24.0,6.5,44.0,45.0,1,Walt Coleman,HF,loss,-3.5,over
2018_11_DAL_ATL,2018,REG,11,2018-11-18,DAL,ATL,22.0,19.0,3.5,50.0,41.0,0,Craig Wrolstad,HF,loss,-6.5,under
2018_11_DEN_LAC,2018,REG,11,2018-11-18,DEN,LAC,23.0,22.0,7.5,47.0,45.0,1,Peter Morelli,HF,loss,-8.5,under
2018_11_GB_SEA,2018,REG,11,2018-11-15,GB,SEA,24.0,27.0,3.0,49.0,51.0,0,Tony Corrente,HF,push,0.0,over
2018_11_HOU_WAS,2018,REG,11,2018-11-18,HOU,WAS,23.0,21.0,-3.0,40.5,44.0,0,Alex Kemp,AF,loss,-1.0,over
2018_11_KC_LA,2018,REG,11,2018-11-19,KC,LA,51.0,54.0,3.0,63.5,105.0,0,Clete Blakeman,HF,push,0.0,over
2018_11_MIN_CHI,2018,REG,11,2018-11-18,MIN,CHI,20.0,25.0,2.5,44.0,45.0,1,John Perry,HF,win,2.5,over
2018_11_OAK_ARI,2018,REG,11,2018-11-18,OAK,ARI,23.0,21.0,4.5,41.0,44.0,0,Jerome Boger,HF,loss,-6.5,over
2018_11_PHI_NO,2018,REG,11,2018-11-18,PHI,NO,7.0,48.0,7.0,56.5,55.0,0,Carl Cheffers,HF,win,34.0,under
2018_11_PIT_JAX,2018,REG,11,2018-11-18,PIT,JAX,20.0,16.0,-4.0,47.0,36.0,0,Walt Anderson,AF,push,0.0,under
2018_11_TB_NYG,2018,REG,11,2018-11-18,TB,NYG,35.0,38.0,3.0,54.5,73.0,0,Shawn Smith,HF,push,0.0,over
2018_11_TEN_IND,2018,REG,11,2018-11-18,TEN,IND,10.0,38.0,2.0,50.0,48.0,1,John Hussey,HF,win,26.0,under
2018_12_ARI_LAC,2018,REG,12,2018-11-25,ARI,LAC,10.0,45.0,14.0,43.5,55.0,0,Alex Kemp,HF,win,21.0,over
2018_12_ATL_NO,2018,REG,12,2018-11-22,ATL,NO,17.0,31.0,11.5,61.0,48.0,1,John Hussey,HF,win,2.5,under
2018_12_CHI_DET,2018,REG,12,2018-11-22,CHI,DET,23.0,16.0,-3.0,43.0,39.0,1,Brad Allen,AF,win,4.0,under
2018_12_CLE_CIN,2018,REG,12,2018-11-25,CLE,CIN,35.0,20.0,-1.0,46.5,55.0,1,Jerome Boger,AF,win,14.0,over
2018_12_GB_MIN,2018,REG,12,2018-11-25,GB,MIN,17.0,24.0,4.0,48.5,41.0,1,Bill Vinovich,HF,win,3.0,under
2018_12_JAX_BUF,2018,REG,12,2018-11-25,JAX,BUF,21.0,24.0,-3.0,36.5,45.0,0,Walt Coleman,AF,loss,-6.0,over
2018_12_MIA_IND,2018,REG,12,2018-11-25,MIA,IND,24.0,27.0,9.0,52.5,51.0,0,Clete Blakeman,HF,loss,-6.0,under
2018_12_NE_NYJ,2018,REG,12,2018-11-25,NE,NYJ,27.0,13.0,-13.0,46.5,40.0,1,Shawn Hochuli,AF,win,1.0,under
2018_12_NYG_PHI,2018,REG,12,2018-11-25,NYG,PHI,22.0,25.0,4.5,49.0,47.0,1,Walt Anderson,HF,loss,-1.5,under
2018_12_OAK_BAL,2018,REG,12,2018-11-25,OAK,BAL,17.0,34.0,13.0,42.0,51.0,0,Clay Martin,HF,win,4.0,over
2018_12_PIT_DEN,2018,REG,12,2018-11-25,PIT,DEN,17.0,24.0,-3.0,47.5,41.0,0,Tony Corrente,AF,loss,-10.0,under
2018_12_SEA_CAR,2018,REG,12,2018-11-25,SEA,CAR,30.0,27.0,3.0,46.5,57.0,0,Shawn Smith,HF,loss,-6.0,over
2018_12_SF_TB,2018,REG,12,2018-11-25,SF,TB,9.0,27.0,1.5,54.5,36.0,0,John Parry,HF,win,16.5,under
2018_12_TEN_HOU,2018,REG,12,2018-11-26,TEN,HOU,17.0,34.0,3.5,42.5,51.0,1,Craig Wrolstad,HF,win,13.5,over
2018_12_WAS_DAL,2018,REG,12,2018-11-22,WAS,DAL,23.0,31.0,7.0,40.0,54.0,1,Ron Torbert,HF,win,1.0,over
2018_13_ARI_GB,2018,REG,13,2018-12-02,ARI,GB,20.0,17.0,13.5,41.0,37.0,0,Peter Morelli,HF,loss,-16.5,under
2018_13_BAL_ATL,2018,REG,13,2018-12-02,BAL,ATL,26.0,16.0,2.5,46.5,42.0,0,Brad Allen,HF,loss,-12.5,under
2018_13_BUF_MIA,2018,REG,13,2018-12-02,BUF,MIA,17.0,21.0,3.5,40.0,38.0,1,Shawn Hochuli,HF,win,0.5,under
2018_13_CAR_TB,2018,REG,13,2018-12-02,CAR,TB,17.0,24.0,-3.5,52.0,41.0,1,Carl Cheffers,AF,loss,-10.5,under
2018_13_CHI_NYG,2018,REG,13,2018-12-02,CHI,NYG,27.0,30.0,-3.5,44.0,57.0,0,Clay Martin,AF,loss,-6.5,over
2018_13_CLE_HOU,2018,REG,13,2018-12-02,CLE,HOU,13.0,29.0,5.0,47.5,42.0,0,Walt Coleman,HF,win,11.0,under
2018_13_DEN_CIN,2018,REG,13,2018-12-02,DEN,CIN,24.0,10.0,-3.5,45.0,34.0,0,Ron Torbert,AF,win,10.5,under
2018_13_IND_JAX,2018,REG,13,2018-12-02,IND,JAX,0.0,6.0,-4.0,45.5,6.0,1,Alex Kemp,AF,loss,-10.0,under
2018_13_KC_OAK,2018,REG,13,2018-12-02,KC,OAK,40.0,33.0,-14.0,53.5,73.0,1,Shawn Smith,AF,loss,-7.0,over
2018_13_LAC_PIT,2018,REG,13,2018-12-02,LAC,PIT,33.0,30.0,3.5,53.5,63.0,0,Bill Vinovich,HF,loss,-6.5,over
2018_13_LA_DET,2018,REG,13,2018-12-02,LA,DET,30.0,16.0,-10.5,54.0,46.0,0,John Parry,AF,win,3.5,under
2018_13_MIN_NE,2018,REG,13,2018-12-02,MIN,NE,10.0,24.0,6.0,50.0,34.0,0,Craig Wrolstad,HF,win,8.0,under
2018_13_NO_DAL,2018,REG,13,2018-11-29,NO,DAL,10.0,13.0,-7.0,51.5,23.0,0,Walt Anderson,AF,loss,-10.0,under
2018_13_NYJ_TEN,2018,REG,13,2018-12-02,NYJ,TEN,22.0,26.0,10.5,40.5,48.0,0,Jerome Boger,HF,loss,-6.5,over
2018_13_SF_SEA,2018,REG,13,2018-12-02,SF,SEA,16.0,43.0,10.0,45.5,59.0,1,Clete Blakeman,HF,win,17.0,over
2018_13_WAS_PHI,2018,REG,13,2018-12-03,WAS,PHI,13.0,28.0,5.5,45.0,41.0,1,Tony Corrente,HF,win,9.5,under
2018_14_ATL_GB,2018,REG,14,2018-12-09,ATL,GB,20.0,34.0,4.0,51.0,54.0,0,Walt Coleman,HF,win,10.0,over
2018_14_BAL_KC,2018,REG,14,2018-12-09,BAL,KC,24.0,27.0,6.5,49.0,51.0,0,Tony Corrente,HF,loss,-3.5,over
2018_14_CAR_CLE,2018,REG,14,2018-12-09,CAR,CLE,20.0,26.0,-1.0,48.0,46.0,0,Walt Anderson,AF,loss,-7.0,under
2018_14_CIN_LAC,2018,REG,14,2018-12-09,CIN,LAC,21.0,26.0,17.0,48.5,47.0,0,John Hussey,HF,loss,-12.0,under
2018_14_DEN_SF,2018,REG,14,2018-12-09,DEN,SF,14.0,20.0,-3.0,45.5,34.0,0,Shawn Smith,AF,loss,-9.0,under
2018_14_DET_ARI,2018,REG,14,2018-12-09,DET,ARI,17.0,3.0,-2.5,40.0,20.0,0,Shawn Hochuli,AF,win,11.5,under
2018_14_IND_HOU,2018,REG,14,2018-12-09,IND,HOU,24.0,21.0,4.0,49.5,45.0,1,Bill Vinovich,HF,loss,-7.0,under
2018_14_JAX_TEN,2018,REG,14,2018-12-06,JAX,TEN,9.0,30.0,5.5,36.5,39.0,1,John Parry,HF,win,15.5,over
2018_14_LA_CHI,2018,REG,14,2018-12-09,LA,CHI,6.0,15.0,-3.0,50.5,21.0,0,Craig Wrolstad,AF,loss,-12.0,under
2018_14_MIN_SEA,2018,REG,14,2018-12-10,MIN,SEA,7.0,21.0,3.0,45.5,28.0,0,Brad Allen,HF,win,11.0,under
2018_14_NE_MIA,2018,REG,14,2018-12-09,NE,MIA,33.0,34.0,-8.5,49.5,67.0,1,Peter Morelli,AF,loss,-9.5,over
2018_14_NO_TB,2018,REG,14,2018-12-09,NO,TB,28.0,14.0,-8.5,55.0,42.0,1,Jerome Boger,AF,win,5.5,under
2018_14_NYG_WAS,2018,REG,14,2018-12-09,NYG,WAS,40.0,16.0,-3.0,40.5,56.0,1,Carl Cheffers,AF,win,21.0,over
2018_14_NYJ_BUF,2018,REG,14,2018-12-09,NYJ,BUF,27.0,23.0,4.5,37.0,50.0,1,Alex Kemp,HF,loss,-8.5,over
2018_14_PHI_DAL,2018,REG,14,2018-12-09,PHI,DAL,23.0,29.0,3.5,46.0,52.0,1,Clete Blakeman,HF,win,2.5,over
2018_14_PIT_OAK,2018,REG,14,2018-12-09,PIT,OAK,21.0,24.0,-10.5,51.0,45.0,0,Ron Torbert,AF,loss,-13.5,under
2018_15_ARI_ATL,2018,REG,15,2018-12-16,ARI,ATL,14.0,40.0,10.0,43.5,54.0,0,Shawn Smith,HF,win,16.0,over
2018_15_CLE_DEN,2018,REG,15,2018-12-15,CLE,DEN,17.0,16.0,1.0,47.0,33.0,0,Clay Martin,HF,loss,-2.0,under
2018_15_DAL_IND,2018,REG,15,2018-12-16,DAL,IND,0.0,23.0,3.0,47.0,23.0,0,Carl Cheffers,HF,win,20.0,under
2018_15_DET_BUF,2018,REG,15,2018-12-16,DET,BUF,13.0,14.0,2.5,40.0,27.0,0,Jerome Boger,HF,loss,-1.5,under
2018_15_GB_CHI,2018,REG,15,2018-12-16,GB,CHI,17.0,24.0,6.0,46.5,41.0,1,John Hussey,HF,win,1.0,under
2018_15_HOU_NYJ,2018,REG,15,2018-12-15,HOU,NYJ,29.0,22.0,-7.0,44.0,51.0,0,Brad Allen,AF,push,0.0,over
2018_15_LAC_KC,2018,REG,15,2018-12-13,LAC,KC,29.0,28.0,3.5,54.0,57.0,1,Walt Anderson,HF,loss,-4.5,over
2018_15_MIA_MIN,2018,REG,15,2018-12-16,MIA,MIN,17.0,41.0,7.5,45.0,58.0,0,Walt Coleman,HF,win,16.5,over
2018_15_NE_PIT,2018,REG,15,2018-12-16,NE,PIT,10.0,17.0,-2.5,55.0,27.0,0,John Parry,AF,loss,-9.5,under
2018_15_NO_CAR,2018,REG,15,2018-12-17,NO,CAR,12.0,9.0,-6.0,50.5,21.0,1,Tony Corrente,AF,loss,-3.0,under
2018_15_OAK_CIN,2018,REG,15,2018-12-16,OAK,CIN,16.0,30.0,3.0,46.0,46.0,0,Alex Kemp,HF,win,11.0,push
2018_15_PHI_LA,2018,REG,15,2018-12-16,PHI,LA,30.0,23.0,13.5,52.5,53.0,0,Bill Vinovich,HF,loss,-20.5,over
2018_15_SEA_SF,2018,REG,15,2018-12-16,SEA,SF,23.0,26.0,-3.5,44.0,49.0,1,Peter Morelli,AF,loss,-6.5,over
2018_15_TB_BAL,2018,REG,15,2018-12-16,TB,BAL,12.0,20.0,8.5,44.5,32.0,0,Ron Torbert,HF,loss,-0.5,under
2018_15_TEN_NYG,2018,REG,15,2018-12-16,TEN,NYG,17.0,0.0,-2.5,42.0,17.0,0,Shawn Hochuli,AF,win,14.5,under
2018_15_WAS_JAX,2018,REG,15,2018-12-16,WAS,JAX,16.0,13.0,7.5,36.0,29.0,0,Clete Blakeman,HF,loss,-10.5,under
2018_16_ATL_CAR,2018,REG,16,2018-12-23,ATL,CAR,24.0,10.0,-2.5,46.5,34.0,1,Peter Morelli,AF,win,11.5,under
2018_16_BAL_LAC,2018,REG,16,2018-12-22,BAL,LAC,22.0,10.0,4.0,42.5,32.0,0,Clete Blakeman,HF,loss,-16.0,under
2018_16_BUF_NE,2018,REG,16,2018-12-23,BUF,NE,12.0,24.0,14.0,46.0,36.0,1,Shawn Smith,HF,loss,-2.0,under
2018_16_CHI_SF,2018,REG,16,2018-12-23,CHI,SF,14.0,9.0,-3.5,44.0,23.0,0,Alex Kemp,AF,win,1.5,under
2018_16_CIN_CLE,2018,REG,16,2018-12-23,CIN,CLE,18.0,26.0,10.0,44.0,44.0,1,Tony Corrente,HF,loss,-2.0,push
2018_16_DEN_OAK,2018,REG,16,2018-12-24,DEN,OAK,14.0,27.0,-2.5,42.5,41.0,1,Carl Cheffers,AF,loss,-15.5,under
2018_16_GB_NYJ,2018,REG,16,2018-12-23,GB,NYJ,44.0,38.0,-3.0,47.5,82.0,0,Ron Torbert,AF,win,3.0,over
2018_16_HOU_PHI,2018,REG,16,2018-12-23,HOU,PHI,30.0,32.0,1.0,47.0,62.0,0,John Parry,HF,win,1.0,over
2018_16_JAX_MIA,2018,REG,16,2018-12-23,JAX,MIA,17.0,7.0,3.0,39.5,24.0,0,Clay Martin,HF,loss,-13.0,under
2018_16_KC_SEA,2018,REG,16,2018-12-23,KC,SEA,31.0,38.0,-1.0,54.0,69.0,0,Bill Vinovich,AF,loss,-8.0,over
2018_16_LA_ARI,2018,REG,16,2018-12-23,LA,ARI,31.0,9.0,-14.5,43.0,40.0,1,Walt Coleman,AF,win,7.5,under
2018_16_MIN_DET,2018,REG,16,2018-12-23,MIN,DET,27.0,9.0,-6.5,41.5,36.0,1,Walt Anderson,AF,win,11.5,under
2018_16_NYG_IND,2018,REG,16,2018-12-23,NYG,IND,27.0,28.0,10.0,48.5,55.0,0,Brad Allen,HF,loss,-9.0,over
2018_16_PIT_NO,2018,REG,16,2018-12-23,PIT,NO,28.0,31.0,6.5,53.0,59.0,0,Craig Wrolstad,HF,loss,-3.5,over
2018_16_TB_DAL,2018,REG,16,2018-12-23,TB,DAL,20.0,27.0,7.0,48.0,47.0,0,Shawn Hochuli,HF,push,0.0,under
2018_16_WAS_TEN,2018,REG,16,2018-12-22,WAS,TEN,16.0,25.0,12.5,38.0,41.0,0,John Hussey,HF,loss,-3.5,over
2018_17_ARI_SEA,2018,REG,17,2018-12-30,ARI,SEA,24.0,27.0,15.5,39.5,51.0,1,Ron Torbert,HF,loss,-12.5,over
2018_17_ATL_TB,2018,REG,17,2018-12-30,ATL,TB,34.0,32.0,-2.5,52.0,66.0,1,Brad Allen,AF,loss,-0.5,over
2018_17_CAR_NO,2018,REG,17,2018-12-30,CAR,NO,33.0,14.0,8.0,42.0,47.0,1,Bill Vinovich,HF,loss,-27.0,over
2018_17_CHI_MIN,2018,REG,17,2018-12-30,CHI,MIN,24.0,10.0,6.0,39.5,34.0,1,Clete Blakeman,HF,loss,-20.0,under
2018_17_CIN_PIT,2018,REG,17,2018-12-30,CIN,PIT,13.0,16.0,14.0,45.5,29.0,1,Carl Cheffers,HF,loss,-11.0,under
2018_17_CLE_BAL,2018,REG,17,2018-12-30,CLE,BAL,24.0,26.0,7.0,41.0,50.0,1,Shawn Smith,HF,loss,-5.0,over
2018_17_DAL_NYG,2018,REG,17,2018-12-30,DAL,NYG,36.0,35.0,7.5,38.5,71.0,1,Clay Martin,HF,loss,-8.5,over
2018_17_DET_GB,2018,REG,17,2018-12-30,DET,GB,31.0,0.0,7.5,44.5,31.0,1,Alex Kemp,HF,loss,-38.5,under
2018_17_IND_TEN,2018,REG,17,2018-12-30,IND,TEN,33.0,17.0,-5.0,42.5,50.0,1,Walt Anderson,AF,win,11.0,over
2018_17_JAX_HOU,2018,REG,17,2018-12-30,JAX,HOU,3.0,20.0,7.0,39.5,23.0,1,Peter Morelli,HF,win,10.0,under
2018_17_LAC_DEN,2018,REG,17,2018-12-30,LAC,DEN,23.0,9.0,-7.0,43.5,32.0,1,John Parry,AF,win,7.0,under
2018_17_MIA_BUF,2018,REG,17,2018-12-30,MIA,BUF,17.0,42.0,5.5,39.5,59.0,1,John Hussey,HF,win,19.5,over
2018_17_NYJ_NE,2018,REG,17,2018-12-30,NYJ,NE,3.0,38.0,14.0,47.0,41.0,1,Walt Coleman,HF,win,21.0,under
2018_17_OAK_KC,2018,REG,17,2018-12-30,OAK,KC,3.0,35.0,14.5,54.0,38.0,1,Shawn Hochuli,HF,win,17.5,under
2018_17_PHI_WAS,2018,REG,17,2018-12-30,PHI,WAS,24.0,0.0,-6.0,43.0,24.0,1,Craig Wrolstad,AF,win,18.0,under
2018_17_SF_LA,2018,REG,17,2018-12-30,SF,LA,32.0,48.0,10.5,50.5,80.0,1,Jerome Boger,HF,win,5.5,over
2018_18_IND_HOU,2018,WC,18,2019-01-05,IND,HOU,21.0,7.0,2.0,48.5,28.0,1,Bill Vinovich,HF,loss,-16.0,under
2018_18_LAC_BAL,2018,WC,18,2019-01-06,LAC,BAL,23.0,17.0,3.0,43.0,40.0,0,Clete Blakeman,HF,loss,-9.0,under
2018_18_PHI_CHI,2018,WC,18,2019-01-06,PHI,CHI,16.0,15.0,6.5,42.5,31.0,0,Tony Corrente,HF,loss,-7.5,under
2018_18_SEA_DAL,2018,WC,18,2019-01-05,SEA,DAL,22.0,24.0,2.5,43.0,46.0,0,Walt Anderson,HF,loss,-0.5,over
2018_19_DAL_LA,2018,DIV,19,2019-01-12,DAL,LA,22.0,30.0,7.5,48.0,52.0,0,John Parry,HF,win,0.5,over
2018_19_IND_KC,2018,DIV,19,2019-01-12,IND,KC,13.0,31.0,4.0,54.5,44.0,0,John Hussey,HF,win,14.0,under
2018_19_LAC_NE,2018,DIV,19,2019-01-13,LAC,NE,28.0,41.0,4.0,47.5,69.0,0,Ron Torbert,HF,win,9.0,over
2018_19_PHI_NO,2018,DIV,19,2019-01-13,PHI,NO,14.0,20.0,8.5,52.0,34.0,0,Carl Cheffers,HF,loss,-2.5,under
2018_20_LA_NO,2018,CON,20,2019-01-20,LA,NO,26.0,23.0,3.0,55.0,49.0,0,Bill Vinovich,HF,loss,-6.0,under
2018_20_NE_KC,2018,CON,20,2019-01-20,NE,KC,37.0,31.0,3.0,56.5,68.0,0,Clete Blakeman,HF,loss,-9.0,over
2018_21_NE_LA,2018,SB,21,2019-02-03,NE,LA,13.0,3.0,-2.0,55.5,16.0,0,John Parry,AF,win,8.0,under
2019_01_ATL_MIN,2019,REG,1,2019-09-08,ATL,MIN,12.0,28.0,3.5,47.0,40.0,0,Bill Vinovich,HF,win,12.5,under
2019_01_BAL_MIA,2019,REG,1,2019-09-08,BAL,MIA,59.0,10.0,-7.0,41.0,69.0,0,Jerome Boger,AF,win,42.0,over
2019_01_BUF_NYJ,2019,REG,1,2019-09-08,BUF,NYJ,17.0,16.0,2.5,41.0,33.0,1,Clay Martin,HF,loss,-3.5,under
2019_01_CIN_SEA,2019,REG,1,2019-09-08,CIN,SEA,20.0,21.0,9.5,44.0,41.0,0,Bradley Rogers,HF,loss,-8.5,under
2019_01_DEN_OAK,2019,REG,1,2019-09-09,DEN,OAK,16.0,24.0,-3.0,42.5,40.0,1,Craig Wrolstad,AF,loss,-11.0,under
2019_01_DET_ARI,2019,REG,1,2019-09-08,DET,ARI,27.0,27.0,-2.5,45.5,54.0,0,Scott Novak,AF,loss,-2.5,over
2019_01_GB_CHI,2019,REG,1,2019-09-05,GB,CHI,10.0,3.0,3.5,47.0,13.0,1,Tony Corrente,HF,loss,-10.5,under
2019_01_HOU_NO,2019,REG,1,2019-09-09,HOU,NO,28.0,30.0,6.5,52.0,58.0,0,John Hussey,HF,loss,-4.5,over
2019_01_IND_LAC,2019,REG,1,2019-09-08,IND,LAC,24.0,30.0,6.0,44.5,54.0,0,Shawn Smith,HF,push,0.0,over
2019_01_KC_JAX,2019,REG,1,2019-09-08,KC,JAX,40.0,26.0,-3.5,49.0,66.0,0,Carl Cheffers,AF,win,10.5,over
2019_01_LA_CAR,2019,REG,1,2019-09-08,LA,CAR,30.0,27.0,-1.5,49.5,57.0,0,Shawn Hochuli,AF,win,1.5,over
2019_01_NYG_DAL,2019,REG,1,2019-09-08,NYG,DAL,17.0,35.0,7.0,44.0,52.0,1,Walt Anderson,HF,win,11.0,over
2019_01_PIT_NE,2019,REG,1,2019-09-08,PIT,NE,3.0,33.0,5.5,49.0,36.0,0,Clete Blakeman,HF,win,24.5,under
2019_01_SF_TB,2019,REG,1,2019-09-08,SF,TB,31.0,17.0,1.0,51.0,48.0,0,Alex Kemp,HF,loss,-15.0,under
2019_01_TEN_CLE,2019,REG,1,2019-09-08,TEN,CLE,43.0,13.0,5.5,44.0,56.0,0,Brad Allen,HF,loss,-35.5,over
2019_01_WAS_PHI,2019,REG,1,2019-09-08,WAS,PHI,27.0,32.0,10.5,44.0,59.0,1,Ronald Torbert,HF,loss,-5.5,over
2019_02_ARI_BAL,2019,REG,2,2019-09-15,ARI,BAL,17.0,23.0,13.0,46.0,40.0,0,Ronald Torbert,HF,loss,-7.0,under
2019_02_BUF_NYG,2019,REG,2,2019-09-15,BUF,NYG,28.0,14.0,-1.0,44.5,42.0,0,Shawn Smith,AF,win,13.0,under
2019_02_CHI_DEN,2019,REG,2,2019-09-15,CHI,DEN,16.0,14.0,-3.0,41.0,30.0,0,Adrian Hill,AF,loss,-1.0,under
2019_02_CLE_NYJ,2019,REG,2,2019-09-16,CLE,NYJ,23.0,3.0,-6.5,45.5,26.0,0,Alex Kemp,AF,win,13.5,under
2019_02_DAL_WAS,2019,REG,2,2019-09-15,DAL,WAS,31.0,21.0,-6.0,46.5,52.0,1,Shawn Hochuli,AF,win,4.0,over
2019_02_IND_TEN,2019,REG,2,2019-09-15,IND,TEN,19.0,17.0,3.0,43.5,36.0,1,Clete Blakeman,HF,loss,-5.0,under
2019_02_JAX_HOU,2019,REG,2,2019-09-15,JAX,HOU,12.0,13.0,7.5,43.0,25.0,1,Scott Novak,HF,loss,-6.5,under
2019_02_KC_OAK,2019,REG,2,2019-09-15,KC,OAK,28.0,10.0,-7.0,53.5,38.0,1,Clay Martin,AF,win,11.0,under
2019_02_LAC_DET,2019,REG,2,2019-09-15,LAC,DET,10.0,13.0,-1.0,47.0,23.0,0,Craig Wrolstad,AF,loss,-4.0,under
2019_02_MIN_GB,2019,REG,2,2019-09-15,MIN,GB,16.0,21.0,3.0,43.0,37.0,1,John Hussey,HF,win,2.0,under
2019_02_NE_MIA,2019,REG,2,2019-09-15,NE,MIA,43.0,0.0,-18.0,48.5,43.0,1,Bill Vinovich,AF,win,25.0,under
2019_02_NO_LA,2019,REG,2,2019-09-15,NO,LA,9.0,27.0,2.0,52.5,36.0,0,Walt Anderson,HF,win,16.0,under
2019_02_PHI_ATL,2019,REG,2,2019-09-15,PHI,ATL,20.0,24.0,-1.0,53.0,44.0,0,Brad Allen,AF,loss,-5.0,under
2019_02_SEA_PIT,2019,REG,2,2019-09-15,SEA,PIT,28.0,26.0,4.0,47.0,54.0,0,Carl Cheffers,HF,loss,-6.0,over
2019_02_SF_CIN,2019,REG,2,2019-09-15,SF,CIN,41.0,17.0,1.0,46.0,58.0,0,Tony Corrente,HF,loss,-25.0,over
2019_02_TB_CAR,2019,REG,2,2019-09-12,TB,CAR,20.0,14.0,6.5,48.0,34.0,1,Jerome Boger,HF,loss,-12.5,under
2019_03_ATL_IND,2019,REG,3,2019-09-22,ATL,IND,24.0,27.0,1.0,48.0,51.0,0,Alex Kemp,HF,win,2.0,over
2019_03_BAL_KC,2019,REG,3,2019-09-22,BAL,KC,28.0,33.0,4.5,52.0,61.0,0,John Hussey,HF,win,0.5,over
2019_03_CAR_ARI,2019,REG,3,2019-09-22,CAR,ARI,38.0,20.0,2.5,46.0,58.0,0,Craig Wrolstad,HF,loss,-20.5,over
2019_03_CHI_WAS,2019,REG,3,2019-09-23,CHI,WAS,31.0,15.0,-5.0,41.0,46.0,0,Walt Anderson,AF,win,11.0,over
2019_03_CIN_BUF,2019,REG,3,2019-09-22,CIN,BUF,17.0,21.0,5.5,43.5,38.0,0,Clete Blakeman,HF,loss,-1.5,under
2019_03_DEN_GB,2019,REG,3,2019-09-22,DEN,GB,16.0,27.0,7.0,42.0,43.0,0,Bradley Rogers,HF,win,4.0,over
2019_03_DET_PHI,2019,REG,3,2019-09-22,DET,PHI,27.0,24.0,4.0,45.0,51.0,0,Tony Corrente,HF,loss,-7.0,over
2019_03_HOU_LAC,2019,REG,3,2019-09-22,HOU,LAC,27.0,20.0,3.0,49.0,47.0,0,Clay Martin,HF,loss,-10.0,under
2019_03_LA_CLE,2019,REG,3,2019-09-22,LA,CLE,20.0,13.0,-4.0,48.0,33.0,0,Shawn Smith,AF,win,3.0,under
2019_03_MIA_DAL,2019,REG,3,2019-09-22,MIA,DAL,6.0,31.0,22.0,46.5,37.0,0,Adrian Hill,HF,win,3.0,under
2019_03_NO_SEA,2019,REG,3,2019-09-22,NO,SEA,33.0,27.0,5.0,44.0,60.0,0,Ronald Torbert,HF,loss,-11.0,over
2019_03_NYG_TB,2019,REG,3,2019-09-22,NYG,TB,32.0,31.0,5.0,48.0,63.0,0,Bill Vinovich,HF,loss,-6.0,over
2019_03_NYJ_NE,2019,REG,3,2019-09-22,NYJ,NE,14.0,30.0,20.5,43.0,44.0,1,Carl Cheffers,HF,loss,-4.5,over
2019_03_OAK_MIN,2019,REG,3,2019-09-22,OAK,MIN,14.0,34.0,8.5,43.0,48.0,0,Jerome Boger,HF,win,11.5,over
2019_03_PIT_SF,2019,REG,3,2019-09-22,PIT,SF,20.0,24.0,6.0,44.5,44.0,0,Scott Novak,HF,loss,-2.0,under
2019_03_TEN_JAX,2019,REG,3,2019-09-19,TEN,JAX,7.0,20.0,-1.5,38.0,27.0,1,Shawn Hochuli,AF,loss,-14.5,under
2019_04_CAR_HOU,2019,REG,4,2019-09-29,CAR,HOU,16.0,10.0,5.5,47.5,26.0,0,Adrian Hill,HF,loss,-11.5,under
2019_04_CIN_PIT,2019,REG,4,2019-09-30,CIN,PIT,3.0,27.0,3.5,45.5,30.0,1,Bill Vinovich,HF,win,20.5,under
2019_04_CLE_BAL,2019,REG,4,2019-09-29,CLE,BAL,40.0,25.0,7.5,47.0,65.0,1,Shawn Hochuli,HF,loss,-22.5,over
2019_04_DAL_NO,2019,REG,4,2019-09-29,DAL,NO,10.0,12.0,-2.5,47.0,22.0,0,Carl Cheffers,AF,loss,-4.5,under
2019_04_JAX_DEN,2019,REG,4,2019-09-29,JAX,DEN,26.0,24.0,2.5,37.0,50.0,0,Ronald Torbert,HF,loss,-4.5,over
2019_04_KC_DET,2019,REG,4,2019-09-29,KC,DET,34.0,30.0,-7.5,54.5,64.0,0,Walt Anderson,AF,loss,-3.5,over
2019_04_LAC_MIA,2019,REG,4,2019-09-29,LAC,MIA,30.0,10.0,-15.0,43.5,40.0,0,Tony Corrente,AF,win,5.0,under
2019_04_MIN_CHI,2019,REG,4,2019-09-29,MIN,CHI,6.0,16.0,-1.0,38.0,22.0,1,Brad Allen,AF,loss,-11.0,under
2019_04_NE_BUF,2019,REG,4,2019-09-29,NE,BUF,16.0,10.0,-7.0,41.5,26.0,1,Craig Wrolstad,AF,loss,-1.0,under
2019_04_OAK_IND,2019,REG,4,2019-09-29,OAK,IND,31.0,24.0,5.5,46.0,55.0,0,Scott Novak,HF,loss,-12.5,over
2019_04_PHI_GB,2019,REG,4,2019-09-26,PHI,GB,34.0,27.0,3.5,46.0,61.0,0,Clay Martin,HF,loss,-10.5,over
2019_04_SEA_ARI,2019,REG,4,2019-09-29,SEA,ARI,27.0,10.0,-5.5,49.0,37.0,1,Shawn Smith,AF,win,11.5,under
2019_04_TB_LA,2019,REG,4,2019-09-29,TB,LA,55.0,40.0,9.0,48.5,95.0,0,Bradley Rogers,HF,loss,-24.0,over
2019_04_TEN_ATL,2019,REG,4,2019-09-29,TEN,ATL,24.0,10.0,3.5,46.0,34.0,0,John Hussey,HF,loss,-17.5,under
2019_04_WAS_NYG,2019,REG,4,2019-09-29,WAS,NYG,3.0,24.0,3.0,48.0,27.0,1,Alex Kemp,HF,win,18.0,under
2019_05_ARI_CIN,2019,REG,5,2019-10-06,ARI,CIN,26.0,23.0,3.0,45.0,49.0,0,John Hussey,HF,loss,-6.0,over
2019_05_ATL_HOU,2019,REG,5,2019-10-06,ATL,HOU,32.0,53.0,4.0,49.0,85.0,0,Shawn Smith,HF,win,17.0,over
2019_05_BAL_PIT,2019,REG,5,2019-10-06,BAL,PIT,26.0,23.0,-3.5,44.0,49.0,1,Walt Anderson,AF,loss,-0.5,over
2019_05_BUF_TEN,2019,REG,5,2019-10-06,BUF,TEN,14.0,7.0,3.5,39.5,21.0,0,Bradley Rogers,HF,loss,-10.5,under
2019_05_CHI_OAK,2019,REG,5,2019-10-06,CHI,OAK,21.0,24.0,-6.5,39.5,45.0,0,Tony Corrente,AF,loss,-9.5,over
2019_05_CLE_SF,2019,REG,5,2019-10-07,CLE,SF,3.0,31.0,5.0,47.5,34.0,0,Jerome Boger,HF,win,23.0,under
2019_05_DEN_LAC,2019,REG,5,2019-10-06,DEN,LAC,20.0,13.0,4.0,46.0,33.0,1,Shawn Hochuli,HF,loss,-11.0,under
2019_05_GB_DAL,2019,REG,5,2019-10-06,GB,DAL,34.0,24.0,3.5,46.5,58.0,0,Ronald Torbert,HF,loss,-13.5,over
2019_05_IND_KC,2019,REG,5,2019-10-06,IND,KC,19.0,13.0,10.5,55.5,32.0,0,Craig Wrolstad,HF,loss,-16.5,under
2019_05_JAX_CAR,2019,REG,5,2019-10-06,JAX,CAR,27.0,34.0,3.0,41.0,61.0,0,Alex Kemp,HF,win,4.0,over
2019_05_LA_SEA,2019,REG,5,2019-10-03,LA,SEA,29.0,30.0,1.5,49.0,59.0,1,Scott Novak,HF,loss,-0.5,over
2019_05_MIN_NYG,2019,REG,5,2019-10-06,MIN,NYG,28.0,10.0,-5.5,44.0,38.0,0,Clete Blakeman,AF,win,12.5,under
2019_05_NE_WAS,2019,REG,5,2019-10-06,NE,WAS,33.0,7.0,-15.5,42.0,40.0,0,Clay Martin,AF,win,10.5,under
2019_05_NYJ_PHI,2019,REG,5,2019-10-06,NYJ,PHI,6.0,31.0,14.0,43.0,37.0,0,Adrian Hill,HF,win,11.0,under
2019_05_TB_NO,2019,REG,5,2019-10-06,TB,NO,24.0,31.0,3.0,46.0,55.0,1,Brad Allen,HF,win,4.0,over
2019_06_ATL_ARI,2019,REG,6,2019-10-13,ATL,ARI,33.0,34.0,-3.0,52.5,67.0,0,Carl Cheffers,AF,loss,-4.0,over
2019_06_CAR_TB,2019,REG,6,2019-10-13,CAR,TB,37.0,26.0,-2.0,48.5,63.0,1,Walt Anderson,AF,win,9.0,over
2019_06_CIN_BAL,2019,REG,6,2019-10-13,CIN,BAL,17.0,23.0,10.5,47.0,40.0,1,Clay Martin,HF,loss,-4.5,under
2019_06_DAL_NYJ,2019,REG,6,2019-10-13,DAL,NYJ,22.0,24.0,-7.0,43.5,46.0,0,Bradley Rogers,AF,loss,-9.0,over
2019_06_DET_GB,2019,REG,6,2019-10-14,DET,GB,22.0,23.0,3.5,47.0,45.0,1,Clete Blakeman,HF,loss,-2.5,under
2019_06_HOU_KC,2019,REG,6,2019-10-13,HOU,KC,31.0,24.0,3.5,54.5,55.0,0,Shawn Hochuli,HF,loss,-10.5,over
2019_06_NO_JAX,2019,REG,6,2019-10-13,NO,JAX,13.0,6.0,2.5,42.5,19.0,0,Jerome Boger,HF,loss,-9.5,under
2019_06_NYG_NE,2019,REG,6,2019-10-10,NYG,NE,14.0,35.0,16.5,43.0,49.0,0,Brad Allen,HF,win,4.5,over
2019_06_PHI_MIN,2019,REG,6,2019-10-13,PHI,MIN,20.0,38.0,3.5,44.0,58.0,0,Scott Novak,HF,win,14.5,over
2019_06_PIT_LAC,2019,REG,6,2019-10-13,PIT,LAC,24.0,17.0,6.0,42.5,41.0,0,John Hussey,HF,loss,-13.0,under
2019_06_SEA_CLE,2019,REG,6,2019-10-13,SEA,CLE,32.0,28.0,1.0,45.5,60.0,0,Adrian Hill,HF,loss,-5.0,over
2019_06_SF_LA,2019,REG,6,2019-10-13,SF,LA,20.0,7.0,3.0,49.5,27.0,1,Bill Vinovich,HF,loss,-16.0,under
2019_06_TEN_DEN,2019,REG,6,2019-10-13,TEN,DEN,0.0,16.0,1.0,41.0,16.0,0,Alex Kemp,HF,win,15.0,under
2019_06_WAS_MIA,2019,REG,6,2019-10-13,WAS,MIA,17.0,16.0,-6.0,42.0,33.0,0,Shawn Smith,AF,loss,-5.0,under
2019_07_ARI_NYG,2019,REG,7,2019-10-20,ARI,NYG,27.0,21.0,3.5,49.5,48.0,0,Adrian Hill,HF,loss,-9.5,under
2019_07_BAL_SEA,2019,REG,7,2019-10-20,BAL,SEA,30.0,16.0,3.0,49.0,46.0,0,Brad Allen,HF,loss,-17.0,under
2019_07_HOU_IND,2019,REG,7,2019-10-20,HOU,IND,23.0,30.0,1.5,46.5,53.0,1,Tony Corrente,HF,win,5.5,over
2019_07_JAX_CIN,2019,REG,7,2019-10-20,JAX,CIN,27.0,17.0,-4.0,44.5,44.0,0,Craig Wrolstad,AF,win,6.0,under
2019_07_KC_DEN,2019,REG,7,2019-10-17,KC,DEN,30.0,6.0,-3.0,49.5,36.0,1,Shawn Smith,AF,win,21.0,under
2019_07_LAC_TEN,2019,REG,7,2019-10-20,LAC,TEN,20.0,23.0,3.0,42.5,43.0,0,Bill Vinovich,HF,push,0.0,over
2019_07_LA_ATL,2019,REG,7,2019-10-20,LA,ATL,37.0,10.0,-3.0,54.5,47.0,0,Ronald Torbert,AF,win,24.0,under
2019_07_MIA_BUF,2019,REG,7,2019-10-20,MIA,BUF,21.0,31.0,17.0,42.5,52.0,1,Carl Cheffers,HF,loss,-7.0,over
2019_07_MIN_DET,2019,REG,7,2019-10-20,MIN,DET,42.0,30.0,-2.5,43.5,72.0,1,Bradley Rogers,AF,win,9.5,over
2019_07_NE_NYJ,2019,REG,7,2019-10-21,NE,NYJ,33.0,0.0,-9.5,43.0,33.0,1,Shawn Hochuli,AF,win,23.5,under
2019_07_NO_CHI,2019,REG,7,2019-10-20,NO,CHI,36.0,25.0,4.0,37.0,61.0,0,Scott Novak,HF,loss,-15.0,over
2019_07_OAK_GB,2019,REG,7,2019-10-20,OAK,GB,24.0,42.0,5.5,48.0,66.0,0,Alex Kemp,HF,win,12.5,over
2019_07_PHI_DAL,2019,REG,7,2019-10-20,PHI,DAL,10.0,37.0,3.0,50.0,47.0,1,Jerome Boger,HF,win,24.0,under
2019_07_SF_WAS,2019,REG,7,2019-10-20,SF,WAS,9.0,0.0,-10.0,39.0,9.0,0,Clete Blakeman,AF,loss,-1.0,under
2019_08_ARI_NO,2019,REG,8,2019-10-27,ARI,NO,9.0,31.0,12.5,47.5,40.0,0,Clay Martin,HF,win,9.5,under
2019_08_CAR_SF,2019,REG,8,2019-10-27,CAR,SF,13.0,51.0,4.5,41.0,64.0,0,Shawn Smith,HF,win,33.5,over
2019_08_CIN_LA,2019,REG,8,2019-10-27,CIN,LA,10.0,24.0,12.0,48.5,34.0,0,Jerome Boger,HF,win,2.0,under
2019_08_CLE_NE,2019,REG,8,2019-10-27,CLE,NE,13.0,27.0,9.5,43.0,40.0,0,Tony Corrente,HF,win,4.5,under
2019_08_DEN_IND,2019,REG,8,2019-10-27,DEN,IND,13.0,15.0,6.0,41.0,28.0,0,Walt Anderson,HF,loss,-4.0,under
2019_08_GB_KC,2019,REG,8,2019-10-27,GB,KC,31.0,24.0,-5.0,48.0,55.0,0,Bill Vinovich,AF,win,2.0,over
2019_08_LAC_CHI,2019,REG,8,2019-10-27,LAC,CHI,17.0,16.0,3.5,41.0,33.0,0,Bradley Rogers,HF,loss,-4.5,under
2019_08_MIA_PIT,2019,REG,8,2019-10-28,MIA,PIT,14.0,27.0,14.0,44.0,41.0,0,Ronald Torbert,HF,loss,-1.0,under
2019_08_NYG_DET,2019,REG,8,2019-10-27,NYG,DET,26.0,31.0,6.5,49.0,57.0,0,Scott Novak,HF,loss,-1.5,over
2019_08_NYJ_JAX,2019,REG,8,2019-10-27,NYJ,JAX,15.0,29.0,7.0,39.5,44.0,0,Brad Allen,HF,win,7.0,over
2019_08_OAK_HOU,2019,REG,8,2019-10-27,OAK,HOU,24.0,27.0,5.0,52.0,51.0,0,Craig Wrolstad,HF,loss,-2.0,under
2019_08_PHI_BUF,2019,REG,8,2019-10-27,PHI,BUF,31.0,13.0,1.0,39.5,44.0,0,John Hussey,HF,loss,-19.0,over
2019_08_SEA_ATL,2019,REG,8,2019-10-27,SEA,ATL,27.0,20.0,-7.5,48.5,47.0,0,Clete Blakeman,AF,loss,-0.5,under
2019_08_TB_TEN,2019,REG,8,2019-10-27,TB,TEN,23.0,27.0,2.0,45.5,50.0,0,Adrian Hill,HF,win,2.0,over
2019_08_WAS_MIN,2019,REG,8,2019-10-24,WAS,MIN,9.0,19.0,16.5,42.0,28.0,0,Carl Cheffers,HF,loss,-6.5,under
2019_09_CHI_PHI,2019,REG,9,2019-11-03,CHI,PHI,14.0,22.0,5.0,41.0,36.0,0,Craig Wrolstad,HF,win,3.0,under
2019_09_CLE_DEN,2019,REG,9,2019-11-03,CLE,DEN,19.0,24.0,-4.0,39.0,43.0,0,Bill Vinovich,AF,loss,-9.0,over
2019_09_DAL_NYG,2019,REG,9,2019-11-04,DAL,NYG,37.0,18.0,-6.5,48.5,55.0,1,Clay Martin,AF,win,12.5,over
2019_09_DET_OAK,2019,REG,9,2019-11-03,DET,OAK,24.0,31.0,2.5,51.5,55.0,0,Shawn Hochuli,HF,win,4.5,over
2019_09_GB_LAC,2019,REG,9,2019-11-03,GB,LAC,11.0,26.0,-4.0,50.0,37.0,0,Adrian Hill,AF,loss,-19.0,under
2019_09_HOU_JAX,2019,REG,9,2019-11-03,HOU,JAX,26.0,3.0,1.0,46.0,29.0,1,Clete Blakeman,HF,loss,-24.0,under
2019_09_IND_PIT,2019,REG,9,2019-11-03,IND,PIT,24.0,26.0,1.0,39.5,50.0,0,Brad Allen,HF,win,1.0,over
2019_09_MIN_KC,2019,REG,9,2019-11-03,MIN,KC,23.0,26.0,-5.5,46.0,49.0,0,Alex Kemp,AF,loss,-8.5,over
2019_09_NE_BAL,2019,REG,9,2019-11-03,NE,BAL,20.0,37.0,-3.0,44.5,57.0,0,Carl Cheffers,AF,loss,-20.0,over
2019_09_NYJ_MIA,2019,REG,9,2019-11-03,NYJ,MIA,18.0,26.0,-3.5,42.5,44.0,1,Walt Anderson,AF,loss,-11.5,over
2019_09_SF_ARI,2019,REG,9,2019-10-31,SF,ARI,28.0,25.0,-10.5,43.5,53.0,1,Bradley Rogers,AF,loss,-7.5,over
2019_09_TB_SEA,2019,REG,9,2019-11-03,TB,SEA,34.0,40.0,4.0,51.0,74.0,0,John Hussey,HF,win,2.0,over
2019_09_TEN_CAR,2019,REG,9,2019-11-03,TEN,CAR,20.0,30.0,3.5,43.0,50.0,0,Ronald Torbert,HF,win,6.5,over
2019_09_WAS_BUF,2019,REG,9,2019-11-03,WAS,BUF,9.0,24.0,10.5,37.0,33.0,0,Tony Corrente,HF,win,4.5,under
2019_10_ARI_TB,2019,REG,10,2019-11-10,ARI,TB,27.0,30.0,5.5,51.0,57.0,0,Craig Wrolstad,HF,loss,-2.5,over
2019_10_ATL_NO,2019,REG,10,2019-11-10,ATL,NO,26.0,9.0,14.0,51.5,35.0,1,Brad Allen,HF,loss,-31.0,under
2019_10_BAL_CIN,2019,REG,10,2019-11-10,BAL,CIN,49.0,13.0,-10.5,44.0,62.0,1,Scott Novak,AF,win,25.5,over
2019_10_BUF_CLE,2019,REG,10,2019-11-10,BUF,CLE,16.0,19.0,3.0,42.0,35.0,0,Ronald Torbert,HF,push,0.0,under
2019_10_CAR_GB,2019,REG,10,2019-11-10,CAR,GB,16.0,24.0,5.0,49.0,40.0,0,Jerome Boger,HF,win,3.0,under
2019_10_DET_CHI,2019,REG,10,2019-11-10,DET,CHI,13.0,20.0,6.0,38.0,33.0,1,Carl Cheffers,HF,win,1.0,under
2019_10_KC_TEN,2019,REG,10,2019-11-10,KC,TEN,32.0,35.0,-5.0,49.0,67.0,0,Tony Corrente,AF,loss,-8.0,over
2019_10_LAC_OAK,2019,REG,10,2019-11-07,LAC,OAK,24.0,26.0,-1.0,49.0,50.0,1,Walt Anderson,AF,loss,-3.0,over
2019_10_LA_PIT,2019,REG,10,2019-11-10,LA,PIT,12.0,17.0,-4.0,43.0,29.0,0,Shawn Smith,AF,loss,-9.0,under
2019_10_MIA_IND,2019,REG,10,2019-11-10,MIA,IND,16.0,12.0,11.0,44.5,28.0,0,Clay Martin,HF,loss,-15.0,under
2019_10_MIN_DAL,2019,REG,10,2019-11-10,MIN,DAL,28.0,24.0,3.5,48.5,52.0,0,Shawn Hochuli,HF,loss,-7.5,over
2019_10_NYG_NYJ,2019,REG,10,2019-11-10,NYG,NYJ,27.0,34.0,-3.0,43.0,61.0,0,John Hussey,AF,loss,-10.0,over
2019_10_SEA_SF,2019,REG,10,2019-11-11,SEA,SF,27.0,24.0,6.5,47.0,51.0,1,Alex Kemp,HF,loss,-9.5,over
2019_11_ARI_SF,2019,REG,11,2019-11-17,ARI,SF,26.0,36.0,10.0,44.0,62.0,1,Walt Anderson,HF,push,0.0,over
2019_11_ATL_CAR,2019,REG,11,2019-11-17,ATL,CAR,29.0,3.0,3.5,49.0,32.0,1,Adrian Hill,HF,loss,-29.5,under
2019_11_BUF_MIA,2019,REG,11,2019-11-17,BUF,MIA,37.0,20.0,-7.0,41.5,57.0,1,Scott Novak,AF,win,10.0,over
2019_11_CHI_LA,2019,REG,11,2019-11-17,CHI,LA,7.0,17.0,5.0,40.0,24.0,0,John Hussey,HF,win,5.0,under
2019_11_CIN_OAK,2019,REG,11,2019-11-17,CIN,OAK,10.0,17.0,13.0,48.0,27.0,0,Shawn Smith,HF,loss,-6.0,under
2019_11_DAL_DET,2019,REG,11,2019-11-17,DAL,DET,35.0,27.0,-7.5,46.5,62.0,0,Tony Corrente,AF,win,0.5,over
2019_11_DEN_MIN,2019,REG,11,2019-11-17,DEN,MIN,23.0,27.0,10.0,40.5,50.0,0,Clay Martin,HF,loss,-6.0,over
2019_11_HOU_BAL,2019,REG,11,2019-11-17,HOU,BAL,7.0,41.0,4.0,51.0,48.0,0,Alex Kemp,HF,win,30.0,under
2019_11_JAX_IND,2019,REG,11,2019-11-17,JAX,IND,13.0,33.0,2.5,41.5,46.0,1,Shawn Hochuli,HF,win,17.5,over
2019_11_KC_LAC,2019,REG,11,2019-11-18,KC,LAC,24.0,17.0,-5.5,52.5,41.0,1,Brad Allen,AF,win,1.5,under
2019_11_NE_PHI,2019,REG,11,2019-11-17,NE,PHI,17.0,10.0,-4.5,45.0,27.0,0,Bill Vinovich,AF,win,2.5,under
2019_11_NO_TB,2019,REG,11,2019-11-17,NO,TB,34.0,17.0,-5.0,50.5,51.0,1,Bradley Rogers,AF,win,12.0,over
2019_11_NYJ_WAS,2019,REG,11,2019-11-17,NYJ,WAS,34.0,17.0,1.0,37.5,51.0,0,Jerome Boger,HF,loss,-18.0,over
2019_11_PIT_CLE,2019,REG,11,2019-11-14,PIT,CLE,7.0,21.0,3.0,41.5,28.0,1,Clete Blakeman,HF,win,11.0,under
2019_12_BAL_LA,2019,REG,12,2019-11-25,BAL,LA,45.0,6.0,-3.5,47.0,51.0,0,Craig Wrolstad,AF,win,35.5,over
2019_12_CAR_NO,2019,REG,12,2019-11-24,CAR,NO,31.0,34.0,10.0,46.0,65.0,1,Alex Kemp,HF,loss,-7.0,over
2019_12_DAL_NE,2019,REG,12,2019-11-24,DAL,NE,9.0,13.0,5.5,44.5,22.0,0,Scott Novak,HF,loss,-1.5,under
2019_12_DEN_BUF,2019,REG,12,2019-11-24,DEN,BUF,3.0,20.0,3.5,37.0,23.0,0,Jerome Boger,HF,win,13.5,under
2019_12_DET_WAS,2019,REG,12,2019-11-24,DET,WAS,16.0,19.0,-4.0,39.0,35.0,0,Bill Vinovich,AF,loss,-7.0,under
2019_12_GB_SF,2019,REG,12,2019-11-24,GB,SF,8.0,37.0,3.0,48.0,45.0,0,Carl Cheffers,HF,win,26.0,under
2019_12_IND_HOU,2019,REG,12,2019-11-21,IND,HOU,17.0,20.0,3.5,46.0,37.0,1,Ronald Torbert,HF,loss,-0.5,under
2019_12_JAX_TEN,2019,REG,12,2019-11-24,JAX,TEN,20.0,42.0,4.5,42.0,62.0,1,Shawn Smith,HF,win,17.5,over
2019_12_MIA_CLE,2019,REG,12,2019-11-24,MIA,CLE,24.0,41.0,11.0,45.5,65.0,0,Bradley Rogers,HF,win,6.0,over
2019_12_NYG_CHI,2019,REG,12,2019-11-24,NYG,CHI,14.0,19.0,6.0,41.0,33.0,0,Shawn Hochuli,HF,loss,-1.0,under
2019_12_OAK_NYJ,2019,REG,12,2019-11-24,OAK,NYJ,3.0,34.0,-3.5,45.0,37.0,0,Clete Blakeman,AF,loss,-34.5,under
2019_12_PIT_CIN,2019,REG,12,2019-11-24,PIT,CIN,16.0,10.0,-5.5,37.5,26.0,1,Adrian Hill,AF,win,0.5,under
2019_12_SEA_PHI,2019,REG,12,2019-11-24,SEA,PHI,17.0,9.0,-1.0,45.5,26.0,0,Walt Anderson,AF,win,7.0,under
2019_12_TB_ATL,2019,REG,12,2019-11-24,TB,ATL,35.0,22.0,3.5,51.5,57.0,1,Clay Martin,HF,loss,-16.5,over
2019_13_BUF_DAL,2019,REG,13,2019-11-28,BUF,DAL,26.0,15.0,6.5,46.5,41.0,0,Bill Vinovich,HF,loss,-17.5,under
2019_13_CHI_DET,2019,REG,13,2019-11-28,CHI,DET,24.0,20.0,-5.5,37.5,44.0,1,Jerome Boger,AF,loss,-1.5,over
2019_13_CLE_PIT,2019,REG,13,2019-12-01,CLE,PIT,13.0,20.0,-1.0,40.0,33.0,1,Clay Martin,AF,loss,-8.0,under
2019_13_GB_NYG,2019,REG,13,2019-12-01,GB,NYG,31.0,13.0,-6.5,43.5,44.0,0,Craig Wrolstad,AF,win,11.5,over
2019_13_LAC_DEN,2019,REG,13,2019-12-01,LAC,DEN,20.0,23.0,-4.5,39.0,43.0,1,Bradley Rogers,AF,loss,-7.5,over
2019_13_LA_ARI,2019,REG,13,2019-12-01,LA,ARI,34.0,7.0,-2.5,47.0,41.0,1,Alex Kemp,AF,win,24.5,under
2019_13_MIN_SEA,2019,REG,13,2019-12-02,MIN,SEA,30.0,37.0,2.5,48.0,67.0,0,Clete Blakeman,HF,win,4.5,over
2019_13_NE_HOU,2019,REG,13,2019-12-01,NE,HOU,22.0,28.0,-3.5,47.0,50.0,0,Tony Corrente,AF,loss,-9.5,over
2019_13_NO_ATL,2019,REG,13,2019-11-28,NO,ATL,26.0,18.0,-7.0,48.0,44.0,1,Shawn Smith,AF,win,1.0,under
2019_13_NYJ_CIN,2019,REG,13,2019-12-01,NYJ,CIN,6.0,22.0,-2.5,43.0,28.0,0,Ronald Torbert,AF,loss,-18.5,under
2019_13_OAK_KC,2019,REG,13,2019-12-01,OAK,KC,9.0,40.0,11.5,49.5,49.0,1,John Hussey,HF,win,19.5,under
2019_13_PHI_MIA,2019,REG,13,2019-12-01,PHI,MIA,31.0,37.0,-10.5,45.0,68.0,0,Adrian Hill,AF,loss,-16.5,over
2019_13_SF_BAL,2019,REG,13,2019-12-01,SF,BAL,17.0,20.0,5.5,45.0,37.0,0,Brad Allen,HF,loss,-2.5,under
2019_13_TB_JAX,2019,REG,13,2019-12-01,TB,JAX,28.0,11.0,-3.0,46.5,39.0,0,Walt Anderson,AF,win,14.0,under
2019_13_TEN_IND,2019,REG,13,2019-12-01,TEN,IND,31.0,17.0,-1.0,41.5,48.0,1,Carl Cheffers,AF,win,13.0,over
2019_13_WAS_CAR,2019,REG,13,2019-12-01,WAS,CAR,29.0,21.0,10.5,38.5,50.0,0,Scott Novak,HF,loss,-18.5,over
2019_14_BAL_BUF,2019,REG,14,2019-12-08,BAL,BUF,24.0,17.0,-6.5,44.0,41.0,0,Shawn Smith,AF,win,0.5,under
2019_14_CAR_ATL,2019,REG,14,2019-12-08,CAR,ATL,20.0,40.0,3.5,48.0,60.0,1,Clete Blakeman,HF,win,16.5,over
2019_14_CIN_CLE,2019,REG,14,2019-12-08,CIN,CLE,19.0,27.0,6.5,43.0,46.0,1,Carl Cheffers,HF,win,1.5,over
2019_14_DAL_CHI,2019,REG,14,2019-12-05,DAL,CHI,24.0,31.0,-3.0,43.0,55.0,0,Bradley Rogers,AF,loss,-10.0,over
2019_14_DEN_HOU,2019,REG,14,2019-12-08,DEN,HOU,38.0,24.0,8.0,42.5,62.0,0,Adrian Hill,HF,loss,-22.0,over
2019_14_DET_MIN,2019,REG,14,2019-12-08,DET,MIN,7.0,20.0,12.0,43.5,27.0,1,Walt Anderson,HF,win,1.0,under
2019_14_IND_TB,2019,REG,14,2019-12-08,IND,TB,35.0,38.0,3.0,46.5,73.0,0,Tony Corrente,HF,push,0.0,over
2019_14_KC_NE,2019,REG,14,2019-12-08,KC,NE,23.0,16.0,3.0,49.5,39.0,0,Jerome Boger,HF,loss,-10.0,under
2019_14_LAC_JAX,2019,REG,14,2019-12-08,LAC,JAX,45.0,10.0,-3.5,42.0,55.0,0,Bill Vinovich,AF,win,31.5,over
2019_14_MIA_NYJ,2019,REG,14,2019-12-08,MIA,NYJ,21.0,22.0,5.0,47.0,43.0,1,Craig Wrolstad,HF,loss,-4.0,under
2019_14_NYG_PHI,2019,REG,14,2019-12-09,NYG,PHI,17.0,23.0,9.5,45.5,40.0,1,Scott Novak,HF,loss,-3.5,under
2019_14_PIT_ARI,2019,REG,14,2019-12-08,PIT,ARI,23.0,17.0,-2.5,43.5,40.0,0,Ronald Torbert,AF,win,3.5,under
2019_14_SEA_LA,2019,REG,14,2019-12-08,SEA,LA,12.0,28.0,1.0,47.5,40.0,1,Shawn Hochuli,HF,win,15.0,under
2019_14_SF_NO,2019,REG,14,2019-12-08,SF,NO,48.0,46.0,1.0,45.0,94.0,0,John Hussey,HF,loss,-3.0,over
2019_14_TEN_OAK,2019,REG,14,2019-12-08,TEN,OAK,42.0,21.0,-3.0,47.0,63.0,0,Brad Allen,AF,win,18.0,over
2019_14_WAS_GB,2019,REG,14,2019-12-08,WAS,GB,15.0,20.0,13.0,42.5,35.0,0,Clay Martin,HF,loss,-8.0,under
2019_15_ATL_SF,2019,REG,15,2019-12-15,ATL,SF,29.0,22.0,10.5,50.0,51.0,0,Craig Wrolstad,HF,loss,-17.5,over
2019_15_BUF_PIT,2019,REG,15,2019-12-15,BUF,PIT,17.0,10.0,1.0,37.0,27.0,0,Tony Corrente,HF,loss,-8.0,under
2019_15_CHI_GB,2019,REG,15,2019-12-15,CHI,GB,13.0,21.0,4.0,40.0,34.0,1,Scott Novak,HF,win,4.0,under
2019_15_CLE_ARI,2019,REG,15,2019-12-15,CLE,ARI,24.0,38.0,-3.0,49.0,62.0,0,Brad Allen,AF,loss,-17.0,over
2019_15_DEN_KC,2019,REG,15,2019-12-15,DEN,KC,3.0,23.0,10.0,43.0,26.0,1,Clete Blakeman,HF,win,10.0,under
2019_15_HOU_TEN,2019,REG,15,2019-12-15,HOU,TEN,24.0,21.0,3.0,50.0,45.0,1,Bill Vinovich,HF,loss,-6.0,under
2019_15_IND_NO,2019,REG,15,2019-12-16,IND,NO,7.0,34.0,8.0,48.5,41.0,0,Shawn Hochuli,HF,win,19.0,under
2019_15_JAX_OAK,2019,REG,15,2019-12-15,JAX,OAK,20.0,16.0,7.0,47.0,36.0,0,Bradley Rogers,HF,loss,-11.0,under
2019_15_LA_DAL,2019,REG,15,2019-12-15,LA,DAL,21.0,44.0,-1.0,48.5,65.0,0,Walt Anderson,AF,loss,-24.0,over
2019_15_MIA_NYG,2019,REG,15,2019-12-15,MIA,NYG,20.0,36.0,3.5,47.0,56.0,0,Jerome Boger,HF,win,12.5,over
2019_15_MIN_LAC,2019,REG,15,2019-12-15,MIN,LAC,39.0,10.0,-1.0,45.0,49.0,0,Ronald Torbert,AF,win,28.0,over
2019_15_NE_CIN,2019,REG,15,2019-12-15,NE,CIN,34.0,13.0,-10.5,42.0,47.0,0,Alex Kemp,AF,win,10.5,over
2019_15_NYJ_BAL,2019,REG,15,2019-12-12,NYJ,BAL,21.0,42.0,17.0,44.0,63.0,0,John Hussey,HF,win,4.0,over
2019_15_PHI_WAS,2019,REG,15,2019-12-15,PHI,WAS,37.0,27.0,-7.0,38.0,64.0,1,Shawn Smith,AF,win,3.0,over
2019_15_SEA_CAR,2019,REG,15,2019-12-15,SEA,CAR,30.0,24.0,-6.0,48.5,54.0,0,Carl Cheffers,AF,push,0.0,over
2019_15_TB_DET,2019,REG,15,2019-12-15,TB,DET,38.0,17.0,-5.5,46.0,55.0,0,Adrian Hill,AF,win,15.5,over
2019_16_ARI_SEA,2019,REG,16,2019-12-22,ARI,SEA,27.0,13.0,8.0,51.0,40.0,1,Bradley Rogers,HF,loss,-22.0,under
2019_16_BAL_CLE,2019,REG,16,2019-12-22,BAL,CLE,31.0,15.0,-9.5,48.5,46.0,1,Alex Kemp,AF,win,6.5,under
2019_16_BUF_NE,2019,REG,16,2019-12-21,BUF,NE,17.0,24.0,7.0,39.5,41.0,1,John Hussey,HF,push,0.0,over
2019_16_CAR_IND,2019,REG,16,2019-12-22,CAR,IND,6.0,38.0,7.5,46.0,44.0,0,Walt Anderson,HF,win,24.5,under
2019_16_CIN_MIA,2019,REG,16,2019-12-22,CIN,MIA,35.0,38.0,-1.5,46.0,73.0,0,Brad Allen,AF,loss,-4.5,over
2019_16_DAL_PHI,2019,REG,16,2019-12-22,DAL,PHI,9.0,17.0,-2.0,47.0,26.0,1,Tony Corrente,AF,loss,-10.0,under
2019_16_DET_DEN,2019,REG,16,2019-12-22,DET,DEN,17.0,27.0,9.5,40.0,44.0,0,Craig Wrolstad,HF,win,0.5,over
2019_16_GB_MIN,2019,REG,16,2019-12-23,GB,MIN,23.0,10.0,4.0,47.0,33.0,1,Bill Vinovich,HF,loss,-17.0,under
2019_16_HOU_TB,2019,REG,16,2019-12-21,HOU,TB,23.0,20.0,-3.0,50.0,43.0,0,Scott Novak,AF,push,0.0,under
2019_16_JAX_ATL,2019,REG,16,2019-12-22,JAX,ATL,12.0,24.0,7.5,48.0,36.0,0,Adrian Hill,HF,win,4.5,under
2019_16_KC_CHI,2019,REG,16,2019-12-22,KC,CHI,26.0,3.0,-6.5,45.5,29.0,0,Carl Cheffers,AF,win,16.5,under
2019_16_LA_SF,2019,REG,16,2019-12-21,LA,SF,31.0,34.0,7.0,45.5,65.0,1,Clete Blakeman,HF,loss,-4.0,over
2019_16_NO_TEN,2019,REG,16,2019-12-22,NO,TEN,38.0,28.0,-3.5,49.0,66.0,0,Jerome Boger,AF,win,6.5,over
2019_16_NYG_WAS,2019,REG,16,2019-12-22,NYG,WAS,41.0,35.0,-1.0,42.0,76.0,1,Ronald Torbert,AF,win,5.0,over
2019_16_OAK_LAC,2019,REG,16,2019-12-22,OAK,LAC,24.0,17.0,7.5,45.0,41.0,1,Clay Martin,HF,loss,-14.5,under
2019_16_PIT_NYJ,2019,REG,16,2019-12-22,PIT,NYJ,10.0,16.0,-3.0,36.5,26.0,0,Shawn Hochuli,AF,loss,-9.0,under
2019_17_ARI_LA,2019,REG,17,2019-12-29,ARI,LA,24.0,31.0,7.0,46.0,55.0,1,Jerome Boger,HF,push,0.0,over
2019_17_ATL_TB,2019,REG,17,2019-12-29,ATL,TB,28.0,22.0,1.0,48.0,50.0,1,Carl Cheffers,HF,loss,-7.0,over
2019_17_CHI_MIN,2019,REG,17,2019-12-29,CHI,MIN,21.0,19.0,-5.5,36.5,40.0,1,John Hussey,AF,loss,-3.5,over
2019_17_CLE_CIN,2019,REG,17,2019-12-29,CLE,CIN,23.0,33.0,-2.5,44.0,56.0,1,Adrian Hill,AF,loss,-12.5,over
2019_17_GB_DET,2019,REG,17,2019-12-29,GB,DET,23.0,20.0,-13.5,44.0,43.0,1,Shawn Hochuli,AF,loss,-10.5,under
2019_17_IND_JAX,2019,REG,17,2019-12-29,IND,JAX,20.0,38.0,-5.0,41.5,58.0,1,Brad Allen,AF,loss,-23.0,over
2019_17_LAC_KC,2019,REG,17,2019-12-29,LAC,KC,21.0,31.0,10.0,46.0,52.0,1,Walt Anderson,HF,push,0.0,over
2019_17_MIA_NE,2019,REG,17,2019-12-29,MIA,NE,27.0,24.0,17.5,46.0,51.0,1,Clay Martin,HF,loss,-20.5,over
2019_17_NO_CAR,2019,REG,17,2019-12-29,NO,CAR,42.0,10.0,-13.5,45.0,52.0,1,Ronald Torbert,AF,win,18.5,over
2019_17_NYJ_BUF,2019,REG,17,2019-12-29,NYJ,BUF,13.0,6.0,-1.5,37.0,19.0,1,Bradley Rogers,AF,win,5.5,under
2019_17_OAK_DEN,2019,REG,17,2019-12-29,OAK,DEN,15.0,16.0,5.5,41.5,31.0,1,Shawn Smith,HF,loss,-4.5,under
2019_17_PHI_NYG,2019,REG,17,2019-12-29,PHI,NYG,34.0,17.0,-4.0,44.0,51.0,1,Alex Kemp,AF,win,13.0,over
2019_17_PIT_BAL,2019,REG,17,2019-12-29,PIT,BAL,10.0,28.0,-2.0,35.0,38.0,1,Bill Vinovich,AF,loss,-20.0,over
2019_17_SF_SEA,2019,REG,17,2019-12-29,SF,SEA,26.0,21.0,-3.5,47.0,47.0,1,Tony Corrente,AF,win,1.5,push
2019_17_TEN_HOU,2019,REG,17,2019-12-29,TEN,HOU,35.0,14.0,-10.0,43.0,49.0,1,Clete Blakeman,AF,win,11.0,over
2019_17_WAS_DAL,2019,REG,17,2019-12-29,WAS,DAL,16.0,47.0,13.0,47.5,63.0,1,Craig Wrolstad,HF,win,18.0,over
2019_18_BUF_HOU,2019,WC,18,2020-01-04,BUF,HOU,19.0,22.0,2.5,43.0,41.0,0,Tony Corrente,HF,win,0.5,under
2019_18_MIN_NO,2019,WC,18,2020-01-05,MIN,NO,26.0,20.0,7.5,50.0,46.0,0,Carl Cheffers,HF,loss,-13.5,under
2019_18_SEA_PHI,2019,WC,18,2020-01-05,SEA,PHI,17.0,9.0,1.0,44.0,26.0,0,Shawn Smith,HF,loss,-9.0,under
2019_18_TEN_NE,2019,WC,18,2020-01-04,TEN,NE,20.0,13.0,4.5,45.0,33.0,0,John Hussey,HF,loss,-11.5,under
2019_19_HOU_KC,2019,DIV,19,2020-01-12,HOU,KC,31.0,51.0,10.0,50.5,82.0,0,Shawn Hochuli,HF,win,10.0,over
2019_19_MIN_SF,2019,DIV,19,2020-01-11,MIN,SF,10.0,27.0,7.0,44.5,37.0,0,Walt Anderson,HF,win,10.0,under
2019_19_SEA_GB,2019,DIV,19,2020-01-12,SEA,GB,23.0,28.0,4.5,46.0,51.0,0,Clete Blakeman,HF,win,0.5,over
2019_19_TEN_BAL,2019,DIV,19,2020-01-11,TEN,BAL,28.0,12.0,10.0,47.5,40.0,0,Bill Vinovich,HF,loss,-26.0,under
2019_20_GB_SF,2019,CON,20,2020-01-19,GB,SF,20.0,37.0,8.0,46.5,57.0,0,John Hussey,HF,win,9.0,over
2019_20_TEN_KC,2019,CON,20,2020-01-19,TEN,KC,24.0,35.0,7.5,51.0,59.0,0,Tony Corrente,HF,win,3.5,over
2019_21_SF_KC,2019,SB,21,2020-02-02,SF,KC,20.0,31.0,1.5,52.5,51.0,0,Bill Vinovich,HF,win,9.5,under
2020_01_ARI_SF,2020,REG,1,2020-09-13,ARI,SF,24.0,20.0,7.0,48.5,44.0,1,Carl Cheffers,HF,loss,-11.0,under
2020_01_CHI_DET,2020,REG,1,2020-09-13,CHI,DET,27.0,23.0,2.5,42.5,50.0,1,Alex Kemp,HF,loss,-6.5,over
2020_01_CLE_BAL,2020,REG,1,2020-09-13,CLE,BAL,6.0,38.0,7.0,47.0,44.0,1,Ronald Torbert,HF,win,25.0,under
2020_01_DAL_LA,2020,REG,1,2020-09-13,DAL,LA,17.0,20.0,1.0,52.0,37.0,0,Tony Corrente,HF,win,2.0,under
2020_01_GB_MIN,2020,REG,1,2020-09-13,GB,MIN,43.0,34.0,1.0,45.0,77.0,1,Bill Vinovich,HF,loss,-10.0,over
2020_01_HOU_KC,2020,REG,1,2020-09-10,HOU,KC,20.0,34.0,9.5,53.5,54.0,0,Clete Blakeman,HF,win,4.5,over
2020_01_IND_JAX,2020,REG,1,2020-09-13,IND,JAX,20.0,27.0,-7.0,44.0,47.0,1,John Hussey,AF,loss,-14.0,over
2020_01_LAC_CIN,2020,REG,1,2020-09-13,LAC,CIN,16.0,13.0,-2.5,41.5,29.0,0,Clay Martin,AF,win,0.5,under
2020_01_LV_CAR,2020,REG,1,2020-09-13,LV,CAR,34.0,30.0,-3.0,48.0,64.0,0,Brad Allen,AF,win,1.0,over
2020_01_MIA_NE,2020,REG,1,2020-09-13,MIA,NE,11.0,21.0,7.5,41.5,32.0,1,Adrian Hill,HF,win,2.5,under
2020_01_NYJ_BUF,2020,REG,1,2020-09-13,NYJ,BUF,17.0,27.0,6.5,39.5,44.0,1,Shawn Smith,HF,win,3.5,over
2020_01_PHI_WAS,2020,REG,1,2020-09-13,PHI,WAS,17.0,27.0,-5.5,41.5,44.0,1,Brad Rogers,AF,loss,-15.5,over
2020_01_PIT_NYG,2020,REG,1,2020-09-14,PIT,NYG,26.0,16.0,-6.0,44.0,42.0,0,Craig Wrolstad,AF,win,4.0,under
2020_01_SEA_ATL,2020,REG,1,2020-09-13,SEA,ATL,38.0,25.0,1.0,49.5,63.0,0,Shawn Hochuli,HF,loss,-14.0,over
2020_01_TB_NO,2020,REG,1,2020-09-13,TB,NO,23.0,34.0,4.0,48.5,57.0,1,Jerome Boger,HF,win,7.0,over
2020_01_TEN_DEN,2020,REG,1,2020-09-14,TEN,DEN,16.0,14.0,-3.0,41.0,30.0,0,Scott Novak,AF,loss,-1.0,under
2020_02_ATL_DAL,2020,REG,2,2020-09-20,ATL,DAL,39.0,40.0,3.0,53.0,79.0,0,Brad Rogers,HF,loss,-2.0,over
2020_02_BAL_HOU,2020,REG,2,2020-09-20,BAL,HOU,33.0,16.0,-7.5,49.5,49.0,0,Tony Corrente,AF,win,9.5,under
2020_02_BUF_MIA,2020,REG,2,2020-09-20,BUF,MIA,31.0,28.0,-5.5,42.5,59.0,1,Jerome Boger,AF,loss,-2.5,over
2020_02_CAR_TB,2020,REG,2,2020-09-20,CAR,TB,17.0,31.0,7.5,47.0,48.0,1,John Hussey,HF,win,6.5,over
2020_02_CIN_CLE,2020,REG,2,2020-09-17,CIN,CLE,30.0,35.0,6.0,44.5,65.0,1,Shawn Smith,HF,loss,-1.0,over
2020_02_DEN_PIT,2020,REG,2,2020-09-20,DEN,PIT,21.0,26.0,6.0,41.0,47.0,0,Adrian Hill,HF,loss,-1.0,over
2020_02_DET_GB,2020,REG,2,2020-09-20,DET,GB,21.0,42.0,7.0,51.0,63.0,1,Clete Blakeman,HF,win,14.0,over
2020_02_JAX_TEN,2020,REG,2,2020-09-20,JAX,TEN,30.0,33.0,7.0,44.5,63.0,1,Clay Martin,HF,loss,-4.0,over
2020_02_KC_LAC,2020,REG,2,2020-09-20,KC,LAC,23.0,20.0,-8.5,47.0,43.0,1,Carl Cheffers,AF,loss,-5.5,under
2020_02_LA_PHI,2020,REG,2,2020-09-20,LA,PHI,37.0,19.0,2.0,46.0,56.0,0,Brad Allen,HF,loss,-20.0,over
2020_02_MIN_IND,2020,REG,2,2020-09-20,MIN,IND,11.0,28.0,3.5,49.0,39.0,0,Alex Kemp,HF,win,13.5,under
2020_02_NE_SEA,2020,REG,2,2020-09-20,NE,SEA,30.0,35.0,4.0,45.0,65.0,0,Craig Wrolstad,HF,win,1.0,over
2020_02_NO_LV,2020,REG,2,2020-09-21,NO,LV,24.0,34.0,-4.0,47.5,58.0,0,Shawn Hochuli,AF,loss,-14.0,over
2020_02_NYG_CHI,2020,REG,2,2020-09-20,NYG,CHI,13.0,17.0,4.5,42.5,30.0,0,Bill Vinovich,HF,loss,-0.5,under
2020_02_SF_NYJ,2020,REG,2,2020-09-20,SF,NYJ,31.0,13.0,-7.0,41.5,44.0,0,Ronald Torbert,AF,win,11.0,over
2020_02_WAS_ARI,2020,REG,2,2020-09-20,WAS,ARI,15.0,30.0,7.5,46.5,45.0,0,Land Clark,HF,win,7.5,under
2020_03_CAR_LAC,2020,REG,3,2020-09-27,CAR,LAC,21.0,16.0,6.0,43.5,37.0,0,Tony Corrente,HF,loss,-11.0,under
2020_03_CHI_ATL,2020,REG,3,2020-09-27,CHI,ATL,30.0,26.0,2.5,46.0,56.0,0,Jerome Boger,HF,loss,-6.5,over
2020_03_CIN_PHI,2020,REG,3,2020-09-27,CIN,PHI,23.0,23.0,5.5,46.5,46.0,0,Adrian Hill,HF,loss,-5.5,under
2020_03_DAL_SEA,2020,REG,3,2020-09-27,DAL,SEA,31.0,38.0,5.5,58.0,69.0,0,Carl Cheffers,HF,win,1.5,over
2020_03_DET_ARI,2020,REG,3,2020-09-27,DET,ARI,26.0,23.0,4.5,55.5,49.0,0,Scott Novak,HF,loss,-7.5,under
2020_03_GB_NO,2020,REG,3,2020-09-27,GB,NO,37.0,30.0,3.5,52.0,67.0,0,Brad Rogers,HF,loss,-10.5,over
2020_03_HOU_PIT,2020,REG,3,2020-09-27,HOU,PIT,21.0,28.0,4.0,46.5,49.0,0,Shawn Smith,HF,win,3.0,over
2020_03_KC_BAL,2020,REG,3,2020-09-28,KC,BAL,34.0,20.0,3.5,55.0,54.0,0,John Hussey,HF,loss,-17.5,under
2020_03_LA_BUF,2020,REG,3,2020-09-27,LA,BUF,32.0,35.0,1.5,46.5,67.0,0,Alex Kemp,HF,win,1.5,over
2020_03_LV_NE,2020,REG,3,2020-09-27,LV,NE,20.0,36.0,7.0,47.0,56.0,0,Ronald Torbert,HF,win,9.0,over
2020_03_MIA_JAX,2020,REG,3,2020-09-24,MIA,JAX,31.0,13.0,3.0,49.0,44.0,0,Brad Allen,HF,loss,-21.0,under
2020_03_NYJ_IND,2020,REG,3,2020-09-27,NYJ,IND,7.0,36.0,12.5,44.0,43.0,0,Craig Wrolstad,HF,win,16.5,under
2020_03_SF_NYG,2020,REG,3,2020-09-27,SF,NYG,36.0,9.0,-3.0,44.0,45.0,0,Clay Martin,AF,win,24.0,over
2020_03_TB_DEN,2020,REG,3,2020-09-27,TB,DEN,28.0,10.0,-6.0,42.5,38.0,0,Land Clark,AF,win,12.0,under
2020_03_TEN_MIN,2020,REG,3,2020-09-27,TEN,MIN,31.0,30.0,-3.0,49.5,61.0,0,Clete Blakeman,AF,loss,-2.0,over
2020_03_WAS_CLE,2020,REG,3,2020-09-27,WAS,CLE,20.0,34.0,7.5,45.0,54.0,0,Shawn Hochuli,HF,win,6.5,over
2020_04_ARI_CAR,2020,REG,4,2020-10-04,ARI,CAR,21.0,31.0,-3.0,52.5,52.0,0,Ronald Torbert,AF,loss,-13.0,under
2020_04_ATL_GB,2020,REG,4,2020-10-05,ATL,GB,16.0,30.0,5.0,56.5,46.0,0,Carl Cheffers,HF,win,9.0,under
2020_04_BAL_WAS,2020,REG,4,2020-10-04,BAL,WAS,31.0,17.0,-14.5,45.0,48.0,0,Adrian Hill,AF,loss,-0.5,over
2020_04_BUF_LV,2020,REG,4,2020-10-04,BUF,LV,30.0,23.0,-3.0,53.0,53.0,0,Land Clark,AF,win,4.0,push
2020_04_CLE_DAL,2020,REG,4,2020-10-04,CLE,DAL,49.0,38.0,3.5,56.5,87.0,0,Clay Martin,HF,loss,-14.5,over
2020_04_DEN_NYJ,2020,REG,4,2020-10-01,DEN,NYJ,37.0,28.0,1.0,41.0,65.0,0,Jerome Boger,HF,loss,-10.0,over
2020_04_IND_CHI,2020,REG,4,2020-10-04,IND,CHI,19.0,11.0,-3.5,43.5,30.0,0,Craig Wrolstad,AF,win,4.5,under
2020_04_JAX_CIN,2020,REG,4,2020-10-04,JAX,CIN,25.0,33.0,1.0,50.0,58.0,0,Alex Kemp,HF,win,7.0,over
2020_04_LAC_TB,2020,REG,4,2020-10-04,LAC,TB,31.0,38.0,7.5,42.5,69.0,0,Brad Allen,HF,loss,-0.5,over
2020_04_MIN_HOU,2020,REG,4,2020-10-04,MIN,HOU,31.0,23.0,3.5,52.5,54.0,0,Brad Rogers,HF,loss,-11.5,over
2020_04_NE_KC,2020,REG,4,2020-10-05,NE,KC,10.0,26.0,7.0,52.5,36.0,0,Tony Corrente,HF,win,9.0,under
2020_04_NO_DET,2020,REG,4,2020-10-04,NO,DET,35.0,29.0,-3.0,51.5,64.0,0,Shawn Smith,AF,win,3.0,over
2020_04_NYG_LA,2020,REG,4,2020-10-04,NYG,LA,9.0,17.0,13.5,49.5,26.0,0,John Hussey,HF,loss,-5.5,under
2020_04_PHI_SF,2020,REG,4,2020-10-04,PHI,SF,25.0,20.0,8.5,45.5,45.0,0,Bill Vinovich,HF,loss,-13.5,under
2020_04_SEA_MIA,2020,REG,4,2020-10-04,SEA,MIA,31.0,23.0,-4.5,55.0,54.0,0,Scott Novak,AF,win,3.5,under
2020_05_ARI_NYJ,2020,REG,5,2020-10-11,ARI,NYJ,30.0,10.0,-7.0,48.5,40.0,0,Adrian Hill,AF,win,13.0,under
2020_05_BUF_TEN,2020,REG,5,2020-10-13,BUF,TEN,16.0,42.0,-3.0,52.0,58.0,0,Carl Cheffers,AF,loss,-29.0,over
2020_05_CAR_ATL,2020,REG,5,2020-10-11,CAR,ATL,23.0,16.0,2.5,53.5,39.0,1,Brad Allen,HF,loss,-9.5,under
2020_05_CIN_BAL,2020,REG,5,2020-10-11,CIN,BAL,3.0,27.0,12.5,49.0,30.0,1,Jerome Boger,HF,win,11.5,under
2020_05_IND_CLE,2020,REG,5,2020-10-11,IND,CLE,23.0,32.0,1.0,48.5,55.0,0,Scott Novak,HF,win,8.0,over
2020_05_JAX_HOU,2020,REG,5,2020-10-11,JAX,HOU,14.0,30.0,6.5,55.0,44.0,1,Bill Vinovich,HF,win,9.5,under
2020_05_LAC_NO,2020,REG,5,2020-10-12,LAC,NO,27.0,30.0,7.0,49.5,57.0,0,Clay Martin,HF,loss,-4.0,over
2020_05_LA_WAS,2020,REG,5,2020-10-11,LA,WAS,30.0,10.0,-7.0,45.0,40.0,0,Shawn Smith,AF,win,13.0,under
2020_05_LV_KC,2020,REG,5,2020-10-11,LV,KC,40.0,32.0,11.0,54.5,72.0,1,Clete Blakeman,HF,loss,-19.0,over
2020_05_MIA_SF,2020,REG,5,2020-10-11,MIA,SF,43.0,17.0,8.5,50.5,60.0,0,Land Clark,HF,loss,-34.5,over
2020_05_MIN_SEA,2020,REG,5,2020-10-11,MIN,SEA,26.0,27.0,6.5,54.0,53.0,0,Tony Corrente,HF,loss,-5.5,under
2020_05_NYG_DAL,2020,REG,5,2020-10-11,NYG,DAL,34.0,37.0,7.5,52.0,71.0,1,Craig Wrolstad,HF,loss,-4.5,over
2020_05_PHI_PIT,2020,REG,5,2020-10-11,PHI,PIT,29.0,38.0,7.5,44.0,67.0,0,Ronald Torbert,HF,win,1.5,over
2020_05_TB_CHI,2020,REG,5,2020-10-08,TB,CHI,19.0,20.0,-3.5,44.0,39.0,0,Alex Kemp,AF,loss,-4.5,under
2020_06_ARI_DAL,2020,REG,6,2020-10-19,ARI,DAL,38.0,10.0,1.0,55.5,48.0,0,Clete Blakeman,HF,loss,-29.0,under
2020_06_ATL_MIN,2020,REG,6,2020-10-18,ATL,MIN,40.0,23.0,3.5,53.0,63.0,0,Craig Wrolstad,HF,loss,-20.5,over
2020_06_BAL_PHI,2020,REG,6,2020-10-18,BAL,PHI,30.0,28.0,-10.5,46.5,58.0,0,Shawn Smith,AF,loss,-8.5,over
2020_06_CHI_CAR,2020,REG,6,2020-10-18,CHI,CAR,23.0,16.0,2.0,45.0,39.0,0,Adrian Hall,HF,loss,-9.0,under
2020_06_CIN_IND,2020,REG,6,2020-10-18,CIN,IND,27.0,31.0,7.5,46.0,58.0,0,Land Clark,HF,loss,-3.5,over
2020_06_CLE_PIT,2020,REG,6,2020-10-18,CLE,PIT,7.0,38.0,3.0,50.0,45.0,1,John Hussey,HF,win,28.0,under
2020_06_DEN_NE,2020,REG,6,2020-10-18,DEN,NE,18.0,12.0,7.0,43.5,30.0,0,Scott Novak,HF,loss,-13.0,under
2020_06_DET_JAX,2020,REG,6,2020-10-18,DET,JAX,34.0,16.0,-3.0,52.5,50.0,0,Shawn Hochuli,AF,win,15.0,under
2020_06_GB_TB,2020,REG,6,2020-10-18,GB,TB,10.0,38.0,-3.0,55.0,48.0,0,Jerome Boger,AF,loss,-31.0,under
2020_06_HOU_TEN,2020,REG,6,2020-10-18,HOU,TEN,36.0,42.0,4.0,52.0,78.0,1,Alex Kemp,HF,win,2.0,over
2020_06_KC_BUF,2020,REG,6,2020-10-19,KC,BUF,26.0,17.0,-5.5,55.0,43.0,0,Ronald Torbert,AF,win,3.5,under
2020_06_LA_SF,2020,REG,6,2020-10-18,LA,SF,16.0,24.0,-2.0,51.0,40.0,1,Carl Cheffers,AF,loss,-10.0,under
2020_06_NYJ_MIA,2020,REG,6,2020-10-18,NYJ,MIA,0.0,24.0,9.5,46.0,24.0,1,Bill Vinovich,HF,win,14.5,under
2020_06_WAS_NYG,2020,REG,6,2020-10-18,WAS,NYG,19.0,20.0,2.0,42.5,39.0,1,Brad Allen,HF,loss,-1.0,under
2020_07_BUF_NYJ,2020,REG,7,2020-10-25,BUF,NYJ,18.0,10.0,-9.5,47.0,28.0,1,Carl Cheffers,AF,loss,-1.5,under
2020_07_CAR_NO,2020,REG,7,2020-10-25,CAR,NO,24.0,27.0,7.0,49.5,51.0,1,Craig Wrolstad,HF,loss,-4.0,over
2020_07_CHI_LA,2020,REG,7,2020-10-26,CHI,LA,10.0,24.0,6.5,44.0,34.0,0,Bill Vinovich,HF,win,7.5,under
2020_07_CLE_CIN,2020,REG,7,2020-10-25,CLE,CIN,37.0,34.0,-4.5,50.0,71.0,1,Tony Corrente,AF,loss,-1.5,over
2020_07_DAL_WAS,2020,REG,7,2020-10-25,DAL,WAS,3.0,25.0,-1.0,44.5,28.0,1,Ronald Torbert,AF,loss,-23.0,under
2020_07_DET_ATL,2020,REG,7,2020-10-25,DET,ATL,23.0,22.0,1.0,54.0,45.0,0,Land Clark,HF,loss,-2.0,under
2020_07_GB_HOU,2020,REG,7,2020-10-25,GB,HOU,35.0,20.0,-2.5,55.5,55.0,0,Clay Martin,AF,win,12.5,under
2020_07_JAX_LAC,2020,REG,7,2020-10-25,JAX,LAC,29.0,39.0,8.0,48.0,68.0,0,Clete Blakeman,HF,win,2.0,over
2020_07_KC_DEN,2020,REG,7,2020-10-25,KC,DEN,43.0,16.0,-7.0,46.0,59.0,1,Brad Rogers,AF,win,20.0,over
2020_07_NYG_PHI,2020,REG,7,2020-10-22,NYG,PHI,21.0,22.0,5.0,44.5,43.0,1,Adrian Hill,HF,loss,-4.0,under
2020_07_PIT_TEN,2020,REG,7,2020-10-25,PIT,TEN,27.0,24.0,1.0,51.0,51.0,0,Shawn Hochuli,HF,loss,-4.0,push
2020_07_SEA_ARI,2020,REG,7,2020-10-25,SEA,ARI,34.0,37.0,-3.5,55.5,71.0,1,John Hussey,AF,loss,-6.5,over
2020_07_SF_NE,2020,REG,7,2020-10-25,SF,NE,33.0,6.0,3.0,44.0,39.0,0,Shawn Smith,HF,loss,-30.0,under
2020_07_TB_LV,2020,REG,7,2020-10-25,TB,LV,45.0,20.0,-3.5,51.5,65.0,0,Scott Novak,AF,win,21.5,over
2020_08_ATL_CAR,2020,REG,8,2020-10-29,ATL,CAR,25.0,17.0,1.5,52.0,42.0,1,Shawn Hochuli,HF,loss,-9.5,under
2020_08_DAL_PHI,2020,REG,8,2020-11-01,DAL,PHI,9.0,23.0,10.0,43.0,32.0,1,Jerome Boger,HF,win,4.0,under
2020_08_IND_DET,2020,REG,8,2020-11-01,IND,DET,41.0,21.0,-3.5,49.0,62.0,0,Clay Martin,AF,win,16.5,over
2020_08_LAC_DEN,2020,REG,8,2020-11-01,LAC,DEN,30.0,31.0,-3.0,44.5,61.0,1,Carl Cheffers,AF,loss,-4.0,over
2020_08_LA_MIA,2020,REG,8,2020-11-01,LA,MIA,17.0,28.0,-3.5,46.5,45.0,0,John Hussey,AF,loss,-14.5,under
2020_08_LV_CLE,2020,REG,8,2020-11-01,LV,CLE,16.0,6.0,1.0,48.0,22.0,0,Bill Vinovich,HF,loss,-11.0,under
2020_08_MIN_GB,2020,REG,8,2020-11-01,MIN,GB,28.0,22.0,5.5,47.0,50.0,1,Alex Kemp,HF,loss,-11.5,over
2020_08_NE_BUF,2020,REG,8,2020-11-01,NE,BUF,21.0,24.0,4.0,41.0,45.0,1,Clete Blakeman,HF,loss,-1.0,over
2020_08_NO_CHI,2020,REG,8,2020-11-01,NO,CHI,26.0,23.0,-5.5,41.0,49.0,0,Tony Corrente,AF,loss,-2.5,over
2020_08_NYJ_KC,2020,REG,8,2020-11-01,NYJ,KC,9.0,35.0,20.0,49.0,44.0,0,Land Clark,HF,win,6.0,under
2020_08_PIT_BAL,2020,REG,8,2020-11-01,PIT,BAL,28.0,24.0,4.0,44.0,52.0,1,Brad Allen,HF,loss,-8.0,over
2020_08_SF_SEA,2020,REG,8,2020-11-01,SF,SEA,27.0,37.0,1.0,54.5,64.0,1,Craig Wrolstad,HF,win,9.0,over
2020_08_TB_NYG,2020,REG,8,2020-11-02,TB,NYG,25.0,23.0,-13.0,47.0,48.0,0,Brad Rogers,AF,loss,-11.0,over
2020_08_TEN_CIN,2020,REG,8,2020-11-01,TEN,CIN,20.0,31.0,-7.5,49.5,51.0,0,Scott Novak,AF,loss,-18.5,over
2020_09_BAL_IND,2020,REG,9,2020-11-08,BAL,IND,24.0,10.0,1.0,48.0,34.0,0,Adrian Hill,HF,loss,-15.0,under
2020_09_CAR_KC,2020,REG,9,2020-11-08,CAR,KC,31.0,33.0,10.0,51.5,64.0,0,Clay Martin,HF,loss,-8.0,over
2020_09_CHI_TEN,2020,REG,9,2020-11-08,CHI,TEN,17.0,24.0,6.5,46.5,41.0,0,Ronald Torbert,HF,win,0.5,under
2020_09_DEN_ATL,2020,REG,9,2020-11-08,DEN,ATL,27.0,34.0,4.5,50.0,61.0,0,Jerome Boger,HF,win,2.5,over
2020_09_DET_MIN,2020,REG,9,2020-11-08,DET,MIN,20.0,34.0,3.0,51.5,54.0,1,Clete Blakeman,HF,win,11.0,over
2020_09_GB_SF,2020,REG,9,2020-11-05,GB,SF,34.0,17.0,-6.0,48.5,51.0,0,Bill Vinovich,AF,win,11.0,over
2020_09_HOU_JAX,2020,REG,9,2020-11-08,HOU,JAX,27.0,25.0,-7.0,49.0,52.0,1,Brad Allen,AF,loss,-5.0,over
2020_09_LV_LAC,2020,REG,9,2020-11-08,LV,LAC,31.0,26.0,-1.0,52.5,57.0,1,Brad Rogers,AF,win,4.0,over
2020_09_MIA_ARI,2020,REG,9,2020-11-08,MIA,ARI,34.0,31.0,6.0,49.0,65.0,0,Carl Cheffers,HF,loss,-9.0,over
2020_09_NE_NYJ,2020,REG,9,2020-11-09,NE,NYJ,30.0,27.0,-9.5,41.5,57.0,1,Alex Kemp,AF,loss,-6.5,over
2020_09_NO_TB,2020,REG,9,2020-11-08,NO,TB,38.0,3.0,3.0,51.0,41.0,1,John Hussey,HF,loss,-38.0,under
2020_09_NYG_WAS,2020,REG,9,2020-11-08,NYG,WAS,23.0,20.0,3.0,43.0,43.0,1,Shawn Hochuli,HF,loss,-6.0,push
2020_09_PIT_DAL,2020,REG,9,2020-11-08,PIT,DAL,24.0,19.0,-14.0,44.0,43.0,0,Tony Corrente,AF,loss,-9.0,under
2020_09_SEA_BUF,2020,REG,9,2020-11-08,SEA,BUF,34.0,44.0,-3.0,55.0,78.0,0,Shawn Smith,AF,loss,-13.0,over
2020_10_BAL_NE,2020,REG,10,2020-11-15,BAL,NE,17.0,23.0,-7.0,44.0,40.0,0,Shawn Hochuli,AF,loss,-13.0,under
2020_10_BUF_ARI,2020,REG,10,2020-11-15,BUF,ARI,30.0,32.0,3.0,55.5,62.0,0,Craig Wrolstad,HF,loss,-1.0,over
2020_10_CIN_PIT,2020,REG,10,2020-11-15,CIN,PIT,10.0,36.0,6.5,45.5,46.0,1,Adrian Hill,HF,win,19.5,over
2020_10_DEN_LV,2020,REG,10,2020-11-15,DEN,LV,12.0,37.0,3.5,50.5,49.0,1,Tony Corrente,HF,win,21.5,under
2020_10_HOU_CLE,2020,REG,10,2020-11-15,HOU,CLE,7.0,10.0,4.5,46.0,17.0,0,Ronald Torbert,HF,loss,-1.5,under
2020_10_IND_TEN,2020,REG,10,2020-11-12,IND,TEN,34.0,17.0,-1.0,49.0,51.0,1,Brad Allen,AF,win,16.0,over
2020_10_JAX_GB,2020,REG,10,2020-11-15,JAX,GB,20.0,24.0,13.5,47.0,44.0,0,Shawn Smith,HF,loss,-9.5,under
2020_10_LAC_MIA,2020,REG,10,2020-11-15,LAC,MIA,21.0,29.0,1.0,48.5,50.0,0,Jerome Boger,HF,win,7.0,over
2020_10_MIN_CHI,2020,REG,10,2020-11-16,MIN,CHI,19.0,13.0,-3.5,44.0,32.0,1,Scott Novak,AF,win,2.5,under
2020_10_PHI_NYG,2020,REG,10,2020-11-15,PHI,NYG,17.0,27.0,-4.5,45.0,44.0,1,Clay Martin,AF,loss,-14.5,under
2020_10_SEA_LA,2020,REG,10,2020-11-15,SEA,LA,16.0,23.0,3.0,55.0,39.0,1,Clete Blakeman,HF,win,4.0,under
2020_10_SF_NO,2020,REG,10,2020-11-15,SF,NO,13.0,27.0,9.5,49.5,40.0,0,Brad Rogers,HF,win,4.5,under
2020_10_TB_CAR,2020,REG,10,2020-11-15,TB,CAR,46.0,23.0,-6.0,49.5,69.0,1,Land Clark,AF,win,17.0,over
2020_10_WAS_DET,2020,REG,10,2020-11-15,WAS,DET,27.0,30.0,2.5,46.0,57.0,0,Alex Kemp,HF,win,0.5,over
2020_11_ARI_SEA,2020,REG,11,2020-11-19,ARI,SEA,21.0,28.0,3.0,56.5,49.0,1,Tony Corrente,HF,win,4.0,under
2020_11_ATL_NO,2020,REG,11,2020-11-22,ATL,NO,9.0,24.0,3.5,49.5,33.0,1,Brad Allen,HF,win,11.5,under
2020_11_CIN_WAS,2020,REG,11,2020-11-22,CIN,WAS,9.0,20.0,2.0,48.0,29.0,0,Shawn Smith,HF,win,9.0,under
2020_11_DAL_MIN,2020,REG,11,2020-11-22,DAL,MIN,31.0,28.0,7.0,50.0,59.0,0,Bill Vinovich,HF,loss,-10.0,over
2020_11_DET_CAR,2020,REG,11,2020-11-22,DET,CAR,0.0,20.0,-3.0,47.0,20.0,0,Ronald Torbert,AF,loss,-23.0,under
2020_11_GB_IND,2020,REG,11,2020-11-22,GB,IND,31.0,34.0,1.5,52.0,65.0,0,Shawn Hochuli,HF,win,1.5,over
2020_11_KC_LV,2020,REG,11,2020-11-22,KC,LV,35.0,31.0,-7.5,56.5,66.0,1,Carl Cheffers,AF,loss,-3.5,over
2020_11_LA_TB,2020,REG,11,2020-11-23,LA,TB,27.0,24.0,4.0,47.5,51.0,0,Jerome Boger,HF,loss,-7.0,over
2020_11_MIA_DEN,2020,REG,11,2020-11-22,MIA,DEN,13.0,20.0,-4.0,46.0,33.0,0,Land Clark,AF,loss,-11.0,under
2020_11_NE_HOU,2020,REG,11,2020-11-22,NE,HOU,20.0,27.0,-2.5,49.5,47.0,0,John Hussey,AF,loss,-9.5,under
2020_11_NYJ_LAC,2020,REG,11,2020-11-22,NYJ,LAC,28.0,34.0,10.0,47.0,62.0,0,Craig Wrolstad,HF,loss,-4.0,over
2020_11_PHI_CLE,2020,REG,11,2020-11-22,PHI,CLE,17.0,22.0,2.5,45.5,39.0,0,Adrian Hill,HF,win,2.5,under
2020_11_PIT_JAX,2020,REG,11,2020-11-22,PIT,JAX,27.0,3.0,-11.0,47.0,30.0,0,Scott Novak,AF,win,13.0,under
2020_11_TEN_BAL,2020,REG,11,2020-11-22,TEN,BAL,30.0,24.0,6.0,50.5,54.0,0,Alex Kemp,HF,loss,-12.0,over
2020_12_ARI_NE,2020,REG,12,2020-11-29,ARI,NE,17.0,20.0,-1.0,51.0,37.0,0,Bill Vinovich,AF,loss,-4.0,under
2020_12_BAL_PIT,2020,REG,12,2020-12-02,BAL,PIT,14.0,19.0,10.5,41.5,33.0,1,Ronald Torbert,HF,loss,-5.5,under
2020_12_CAR_MIN,2020,REG,12,2020-11-29,CAR,MIN,27.0,28.0,3.0,50.0,55.0,0,Brad Rogers,HF,loss,-2.0,over
2020_12_CHI_GB,2020,REG,12,2020-11-29,CHI,GB,25.0,41.0,7.5,44.0,66.0,1,Clete Blakeman,HF,win,8.5,over
2020_12_CLE_JAX,2020,REG,12,2020-11-29,CLE,JAX,27.0,25.0,-7.5,48.5,52.0,0,Jerome Boger,AF,loss,-5.5,over
2020_12_HOU_DET,2020,REG,12,2020-11-26,HOU,DET,41.0,25.0,-3.0,52.5,66.0,0,Shawn Smith,AF,win,13.0,over
2020_12_KC_TB,2020,REG,12,2020-11-29,KC,TB,27.0,24.0,-3.5,56.0,51.0,0,Shawn Hochuli,AF,loss,-0.5,under
2020_12_LAC_BUF,2020,REG,12,2020-11-29,LAC,BUF,17.0,27.0,4.5,51.0,44.0,0,Alex Kemp,HF,win,5.5,under
2020_12_LV_ATL,2020,REG,12,2020-11-29,LV,ATL,6.0,43.0,-3.5,53.0,49.0,0,Land Clark,AF,loss,-40.5,under
2020_12_MIA_NYJ,2020,REG,12,2020-11-29,MIA,NYJ,20.0,3.0,-7.5,46.0,23.0,1,Adrian Hill,AF,win,9.5,under
2020_12_NO_DEN,2020,REG,12,2020-11-29,NO,DEN,31.0,3.0,-17.0,36.5,34.0,0,Craig Wrolstad,AF,win,11.0,under
2020_12_NYG_CIN,2020,REG,12,2020-11-29,NYG,CIN,19.0,17.0,-6.5,45.0,36.0,0,Carl Cheffers,AF,loss,-4.5,under
2020_12_SEA_PHI,2020,REG,12,2020-11-30,SEA,PHI,23.0,17.0,-6.5,50.0,40.0,0,Brad Allen,AF,loss,-0.5,under
2020_12_SF_LA,2020,REG,12,2020-11-29,SF,LA,23.0,20.0,5.0,44.5,43.0,1,Scott Novak,HF,loss,-8.0,under
2020_12_TEN_IND,2020,REG,12,2020-11-29,TEN,IND,45.0,26.0,3.0,51.5,71.0,1,John Hussey,HF,loss,-22.0,over
2020_12_WAS_DAL,2020,REG,12,2020-11-26,WAS,DAL,41.0,16.0,2.5,46.0,57.0,1,Clay Martin,HF,loss,-27.5,over
2020_13_BUF_SF,2020,REG,13,2020-12-07,BUF,SF,34.0,24.0,1.5,48.0,58.0,0,Tony Corrente,HF,loss,-11.5,over
2020_13_CIN_MIA,2020,REG,13,2020-12-06,CIN,MIA,7.0,19.0,10.5,43.0,26.0,0,Ronald Torbert,HF,win,1.5,under
2020_13_CLE_TEN,2020,REG,13,2020-12-06,CLE,TEN,41.0,35.0,4.0,54.0,76.0,0,Clete Blakeman,HF,loss,-10.0,over
2020_13_DAL_BAL,2020,REG,13,2020-12-08,DAL,BAL,17.0,34.0,8.5,46.0,51.0,0,Brad Allen,HF,win,8.5,over
2020_13_DEN_KC,2020,REG,13,2020-12-06,DEN,KC,16.0,22.0,13.0,51.0,38.0,1,Alex Kemp,HF,loss,-7.0,under
2020_13_DET_CHI,2020,REG,13,2020-12-06,DET,CHI,34.0,30.0,3.0,44.0,64.0,1,Clay Martin,HF,loss,-7.0,over
2020_13_IND_HOU,2020,REG,13,2020-12-06,IND,HOU,26.0,20.0,-3.5,50.0,46.0,1,Scott Novak,AF,win,2.5,under
2020_13_JAX_MIN,2020,REG,13,2020-12-06,JAX,MIN,24.0,27.0,10.5,51.0,51.0,0,Land Clark,HF,loss,-7.5,push
2020_13_LA_ARI,2020,REG,13,2020-12-06,LA,ARI,38.0,28.0,-2.5,49.0,66.0,1,Jerome Boger,AF,win,7.5,over
2020_13_LV_NYJ,2020,REG,13,2020-12-06,LV,NYJ,31.0,28.0,-7.5,48.0,59.0,0,Shawn Smith,AF,loss,-4.5,over
2020_13_NE_LAC,2020,REG,13,2020-12-06,NE,LAC,45.0,0.0,2.5,47.0,45.0,0,Carl Cheffers,HF,loss,-47.5,under
2020_13_NO_ATL,2020,REG,13,2020-12-06,NO,ATL,21.0,16.0,-2.5,46.0,37.0,1,Adrian Hill,AF,win,2.5,under
2020_13_NYG_SEA,2020,REG,13,2020-12-06,NYG,SEA,17.0,12.0,11.0,48.5,29.0,0,Craig Wrolstad,HF,loss,-16.0,under
2020_13_PHI_GB,2020,REG,13,2020-12-06,PHI,GB,16.0,30.0,8.0,50.0,46.0,0,Bill Vinovich,HF,win,6.0,under
2020_13_WAS_PIT,2020,REG,13,2020-12-07,WAS,PIT,23.0,17.0,5.5,43.5,40.0,0,John Hussey,HF,loss,-11.5,under
2020_14_ARI_NYG,2020,REG,14,2020-12-13,ARI,NYG,26.0,7.0,-3.0,47.0,33.0,0,Ronald Torbert,AF,win,16.0,under
2020_14_ATL_LAC,2020,REG,14,2020-12-13,ATL,LAC,17.0,20.0,1.0,49.0,37.0,0,Tony Corrente,HF,win,2.0,under
2020_14_BAL_CLE,2020,REG,14,2020-12-14,BAL,CLE,47.0,42.0,-3.0,45.5,89.0,1,Bill Vinovich,AF,win,2.0,over
2020_14_DAL_CIN,2020,REG,14,2020-12-13,DAL,CIN,30.0,7.0,-3.0,44.0,37.0,0,John Hussey,AF,win,20.0,under
2020_14_DEN_CAR,2020,REG,14,2020-12-13,DEN,CAR,32.0,27.0,4.0,46.0,59.0,0,Shawn Hochuli,HF,loss,-9.0,over
2020_14_GB_DET,2020,REG,14,2020-12-13,GB,DET,31.0,24.0,-9.5,55.5,55.0,1,Alex Kemp,AF,loss,-2.5,under
2020_14_HOU_CHI,2020,REG,14,2020-12-13,HOU,CHI,7.0,36.0,-1.0,46.0,43.0,0,Land Clark,AF,loss,-30.0,under
2020_14_IND_LV,2020,REG,14,2020-12-13,IND,LV,44.0,27.0,-2.5,51.5,71.0,0,Clete Blakeman,AF,win,14.5,over
2020_14_KC_MIA,2020,REG,14,2020-12-13,KC,MIA,33.0,27.0,-7.5,51.5,60.0,0,Clay Martin,AF,loss,-1.5,over
2020_14_MIN_TB,2020,REG,14,2020-12-13,MIN,TB,14.0,26.0,7.0,52.5,40.0,0,Brad Allen,HF,win,5.0,under
2020_14_NE_LA,2020,REG,14,2020-12-10,NE,LA,3.0,24.0,5.0,43.5,27.0,0,Craig Wrolstad,HF,win,16.0,under
2020_14_NO_PHI,2020,REG,14,2020-12-13,NO,PHI,21.0,24.0,-7.5,43.0,45.0,0,Jerome Boger,AF,loss,-10.5,over
2020_14_NYJ_SEA,2020,REG,14,2020-12-13,NYJ,SEA,3.0,40.0,16.5,49.5,43.0,0,Scott Novak,HF,win,20.5,under
2020_14_PIT_BUF,2020,REG,14,2020-12-13,PIT,BUF,15.0,26.0,2.0,48.5,41.0,0,Shawn Smith,HF,win,9.0,under
2020_14_TEN_JAX,2020,REG,14,2020-12-13,TEN,JAX,31.0,10.0,-7.5,53.0,41.0,1,Adrian Hill,AF,win,13.5,under
2020_14_WAS_SF,2020,REG,14,2020-12-13,WAS,SF,23.0,15.0,3.0,43.5,38.0,0,Carl Cheffers,HF,loss,-11.0,under
2020_15_BUF_DEN,2020,REG,15,2020-12-19,BUF,DEN,48.0,19.0,-5.5,49.0,67.0,0,Clete Blakeman,AF,win,23.5,over
2020_15_CAR_GB,2020,REG,15,2020-12-19,CAR,GB,16.0,24.0,9.5,53.0,40.0,0,Alex Kemp,HF,loss,-1.5,under
2020_15_CHI_MIN,2020,REG,15,2020-12-20,CHI,MIN,33.0,27.0,2.5,47.5,60.0,1,Shawn Smith,HF,loss,-8.5,over
2020_15_CLE_NYG,2020,REG,15,2020-12-20,CLE,NYG,20.0,6.0,-6.0,44.5,26.0,0,Shawn Hochuli,AF,win,8.0,under
2020_15_DET_TEN,2020,REG,15,2020-12-20,DET,TEN,25.0,46.0,9.5,54.5,71.0,0,Jerome Boger,HF,win,11.5,over
2020_15_HOU_IND,2020,REG,15,2020-12-20,HOU,IND,20.0,27.0,7.5,52.5,47.0,1,Bill Vinovich,HF,loss,-0.5,under
2020_15_JAX_BAL,2020,REG,15,2020-12-20,JAX,BAL,14.0,40.0,13.0,49.5,54.0,0,Ronald Torbert,HF,win,13.0,over
2020_15_KC_NO,2020,REG,15,2020-12-20,KC,NO,32.0,29.0,-2.5,53.5,61.0,0,Scott Novak,AF,win,0.5,over
2020_15_LAC_LV,2020,REG,15,2020-12-17,LAC,LV,30.0,27.0,3.5,52.0,57.0,1,John Hussey,HF,loss,-6.5,over
2020_15_NE_MIA,2020,REG,15,2020-12-20,NE,MIA,12.0,22.0,-1.5,40.0,34.0,1,Brad Allen,AF,loss,-11.5,under
2020_15_NYJ_LA,2020,REG,15,2020-12-20,NYJ,LA,23.0,20.0,17.5,44.5,43.0,0,Tony Corrente,HF,loss,-20.5,under
2020_15_PHI_ARI,2020,REG,15,2020-12-20,PHI,ARI,26.0,33.0,6.5,49.5,59.0,0,Craig Wrolstad,HF,win,0.5,over
2020_15_PIT_CIN,2020,REG,15,2020-12-21,PIT,CIN,17.0,27.0,-14.5,40.5,44.0,1,John Hussey,AF,loss,-24.5,over
2020_15_SEA_WAS,2020,REG,15,2020-12-20,SEA,WAS,20.0,15.0,-6.0,44.5,35.0,0,Adrian Hill,AF,loss,-1.0,under
2020_15_SF_DAL,2020,REG,15,2020-12-20,SF,DAL,33.0,41.0,-4.0,46.0,74.0,0,Land Clark,AF,loss,-12.0,over
2020_15_TB_ATL,2020,REG,15,2020-12-20,TB,ATL,31.0,27.0,-6.0,49.5,58.0,1,Brad Rogers,AF,loss,-2.0,over
2020_16_ATL_KC,2020,REG,16,2020-12-27,ATL,KC,14.0,17.0,11.0,54.0,31.0,0,Craig Wrolstad,HF,loss,-8.0,under
2020_16_BUF_NE,2020,REG,16,2020-12-28,BUF,NE,38.0,9.0,-7.0,47.0,47.0,1,Ronald Torbert,AF,win,22.0,push
2020_16_CAR_WAS,2020,REG,16,2020-12-27,CAR,WAS,20.0,13.0,-1.0,41.0,33.0,0,Carl Cheffers,AF,win,6.0,under
2020_16_CHI_JAX,2020,REG,16,2020-12-27,CHI,JAX,41.0,17.0,-9.5,47.0,58.0,0,Jerome Boger,AF,win,14.5,over
2020_16_CIN_HOU,2020,REG,16,2020-12-27,CIN,HOU,37.0,31.0,7.5,46.0,68.0,0,Brad Rogers,HF,loss,-13.5,over
2020_16_CLE_NYJ,2020,REG,16,2020-12-27,CLE,NYJ,16.0,23.0,-6.5,45.0,39.0,0,Land Clark,AF,loss,-13.5,under
2020_16_DEN_LAC,2020,REG,16,2020-12-27,DEN,LAC,16.0,19.0,2.5,47.5,35.0,1,Shawn Hochuli,HF,win,0.5,under
2020_16_IND_PIT,2020,REG,16,2020-12-27,IND,PIT,24.0,28.0,-1.0,43.0,52.0,0,Alex Kemp,AF,loss,-5.0,over
2020_16_LA_SEA,2020,REG,16,2020-12-27,LA,SEA,9.0,20.0,1.5,48.0,29.0,1,Bill Vinovich,HF,win,9.5,under
2020_16_MIA_LV,2020,REG,16,2020-12-26,MIA,LV,26.0,25.0,-2.0,50.0,51.0,0,Tony Corrente,AF,loss,-1.0,over
2020_16_MIN_NO,2020,REG,16,2020-12-25,MIN,NO,33.0,52.0,6.5,49.0,85.0,0,Adrian Hill,HF,win,12.5,over
2020_16_NYG_BAL,2020,REG,16,2020-12-27,NYG,BAL,13.0,27.0,10.0,43.5,40.0,0,John Hussey,HF,win,4.0,under
2020_16_PHI_DAL,2020,REG,16,2020-12-27,PHI,DAL,17.0,37.0,-3.0,50.0,54.0,1,Adrian Hill,AF,loss,-23.0,over
2020_16_SF_ARI,2020,REG,16,2020-12-26,SF,ARI,20.0,12.0,6.0,49.0,32.0,1,Clete Blakeman,HF,loss,-14.0,under
2020_16_TB_DET,2020,REG,16,2020-12-26,TB,DET,47.0,7.0,-12.0,55.0,54.0,0,Scott Novak,AF,win,28.0,under
2020_16_TEN_GB,2020,REG,16,2020-12-27,TEN,GB,14.0,40.0,3.0,52.5,54.0,0,Brad Allen,HF,win,23.0,over
2020_17_ARI_LA,2020,REG,17,2021-01-03,ARI,LA,7.0,18.0,1.0,42.0,25.0,1,Carl Cheffers,HF,win,10.0,under
2020_17_ATL_TB,2020,REG,17,2021-01-03,ATL,TB,27.0,44.0,7.5,51.0,71.0,1,Alex Kemp,HF,win,9.5,over
2020_17_BAL_CIN,2020,REG,17,2021-01-03,BAL,CIN,38.0,3.0,-13.5,46.0,41.0,1,Land Clark,AF,win,21.5,under
2020_17_DAL_NYG,2020,REG,17,2021-01-03,DAL,NYG,19.0,23.0,-1.5,44.5,42.0,1,Brad Allen,AF,loss,-5.5,under
2020_17_GB_CHI,2020,REG,17,2021-01-03,GB,CHI,35.0,16.0,-4.5,48.5,51.0,1,Craig Wrolstad,AF,win,14.5,over
2020_17_JAX_IND,2020,REG,17,2021-01-03,JAX,IND,14.0,28.0,15.5,48.0,42.0,1,Shawn Smith,HF,loss,-1.5,under
2020_17_LAC_KC,2020,REG,17,2021-01-03,LAC,KC,38.0,21.0,-7.0,43.0,59.0,1,Clete Blakeman,AF,win,10.0,over
2020_17_LV_DEN,2020,REG,17,2021-01-03,LV,DEN,32.0,31.0,-2.5,50.5,63.0,1,Scott Novak,AF,loss,-1.5,over
2020_17_MIA_BUF,2020,REG,17,2021-01-03,MIA,BUF,26.0,56.0,-3.5,42.5,82.0,1,Bill Vinovich,AF,loss,-33.5,over
2020_17_MIN_DET,2020,REG,17,2021-01-03,MIN,DET,37.0,35.0,-3.0,54.0,72.0,1,Adrian Hill,AF,loss,-1.0,over
2020_17_NO_CAR,2020,REG,17,2021-01-03,NO,CAR,33.0,7.0,-6.0,47.0,40.0,1,John Hussey,AF,win,20.0,under
2020_17_NYJ_NE,2020,REG,17,2021-01-03,NYJ,NE,14.0,28.0,3.0,41.0,42.0,1,Brad Rogers,HF,win,11.0,over
2020_17_PIT_CLE,2020,REG,17,2021-01-03,PIT,CLE,22.0,24.0,10.5,45.0,46.0,1,Jerome Boger,HF,loss,-8.5,over
2020_17_SEA_SF,2020,REG,17,2021-01-03,SEA,SF,26.0,23.0,-7.0,45.0,49.0,1,Tony Corrente,AF,loss,-4.0,over
2020_17_TEN_HOU,2020,REG,17,2021-01-03,TEN,HOU,41.0,38.0,-7.0,55.5,79.0,1,Shawn Hochuli,AF,loss,-4.0,over
2020_17_WAS_PHI,2020,REG,17,2021-01-03,WAS,PHI,20.0,14.0,-6.5,43.5,34.0,1,Ronald Torbert,AF,loss,-0.5,under
2020_18_BAL_TEN,2020,WC,18,2021-01-10,BAL,TEN,20.0,13.0,-3.5,53.0,33.0,0,Jerome Boger,AF,win,3.5,under
2020_18_CHI_NO,2020,WC,18,2021-01-10,CHI,NO,9.0,21.0,11.0,48.0,30.0,0,Alex Kemp,HF,win,1.0,under
2020_18_CLE_PIT,2020,WC,18,2021-01-10,CLE,PIT,48.0,37.0,5.0,47.5,85.0,1,Shawn Smith,HF,loss,-16.0,over
2020_18_IND_BUF,2020,WC,18,2021-01-09,IND,BUF,24.0,27.0,7.0,50.5,51.0,0,Brad Allen,HF,loss,-4.0,over
2020_18_LA_SEA,2020,WC,18,2021-01-09,LA,SEA,30.0,20.0,3.0,42.0,50.0,1,John Hussey,HF,loss,-13.0,over
2020_18_TB_WAS,2020,WC,18,2021-01-09,TB,WAS,31.0,23.0,-10.0,45.0,54.0,0,Scott Novak,AF,loss,-2.0,over
2020_19_BAL_BUF,2020,DIV,19,2021-01-16,BAL,BUF,3.0,17.0,2.5,50.0,20.0,0,Carl Cheffers,HF,win,11.5,under
2020_19_CLE_KC,2020,DIV,19,2021-01-17,CLE,KC,17.0,22.0,7.5,55.5,39.0,0,Clay Martin,HF,loss,-2.5,under
2020_19_LA_GB,2020,DIV,19,2021-01-16,LA,GB,18.0,32.0,7.0,45.0,50.0,0,Ronald Torbert,HF,win,7.0,over
2020_19_TB_NO,2020,DIV,19,2021-01-17,TB,NO,30.0,20.0,2.5,53.0,50.0,1,Shawn Hochuli,HF,loss,-12.5,under
2020_20_BUF_KC,2020,CON,20,2021-01-24,BUF,KC,24.0,38.0,3.0,54.5,62.0,0,Bill Vinovich,HF,win,11.0,over
2020_20_TB_GB,2020,CON,20,2021-01-24,TB,GB,31.0,26.0,3.0,53.0,57.0,0,Clete Blakeman,HF,loss,-8.0,over
2020_21_KC_TB,2020,SB,21,2021-02-07,KC,TB,9.0,31.0,-3.0,55.0,40.0,0,Carl Cheffers,AF,loss,-25.0,under
2021_01_ARI_TEN,2021,REG,1,2021-09-12,ARI,TEN,38.0,13.0,2.5,54.0,51.0,0,Jerome Boger,HF,loss,-27.5,under
2021_01_BAL_LV,2021,REG,1,2021-09-13,BAL,LV,27.0,33.0,-3.0,50.5,60.0,0,Shawn Smith,AF,loss,-9.0,over
2021_01_CHI_LA,2021,REG,1,2021-09-12,CHI,LA,14.0,34.0,9.5,46.0,48.0,0,Brad Allen,HF,win,10.5,over
2021_01_CLE_KC,2021,REG,1,2021-09-12,CLE,KC,29.0,33.0,5.5,54.5,62.0,0,Bill Vinovich,HF,loss,-1.5,over
2021_01_DAL_TB,2021,REG,1,2021-09-09,DAL,TB,29.0,31.0,10.0,52.5,60.0,0,Shawn Hochuli,HF,loss,-8.0,over
2021_01_DEN_NYG,2021,REG,1,2021-09-12,DEN,NYG,27.0,13.0,-3.0,41.5,40.0,0,Ron Torbert,AF,win,11.0,under
2021_01_GB_NO,2021,REG,1,2021-09-12,GB,NO,3.0,38.0,-4.0,49.0,41.0,0,Carl Cheffers,AF,loss,-39.0,under
2021_01_JAX_HOU,2021,REG,1,2021-09-12,JAX,HOU,21.0,37.0,-3.5,45.5,58.0,1,Land Clark,AF,loss,-19.5,over
2021_01_LAC_WAS,2021,REG,1,2021-09-12,LAC,WAS,20.0,16.0,2.5,45.5,36.0,0,Alex Kemp,HF,loss,-6.5,under
2021_01_MIA_NE,2021,REG,1,2021-09-12,MIA,NE,17.0,16.0,3.5,43.5,33.0,1,Clete Blakeman,HF,loss,-4.5,under
2021_01_MIN_CIN,2021,REG,1,2021-09-12,MIN,CIN,24.0,27.0,-3.0,47.0,51.0,0,Adrian Hill,AF,loss,-6.0,over
2021_01_NYJ_CAR,2021,REG,1,2021-09-12,NYJ,CAR,14.0,19.0,3.5,44.5,33.0,0,Clay Martin,HF,win,1.5,under
2021_01_PHI_ATL,2021,REG,1,2021-09-12,PHI,ATL,32.0,6.0,3.5,49.0,38.0,0,Scott Novak,HF,loss,-29.5,under
2021_01_PIT_BUF,2021,REG,1,2021-09-12,PIT,BUF,23.0,16.0,6.5,48.0,39.0,0,John Hussey,HF,loss,-13.5,under
2021_01_SEA_IND,2021,REG,1,2021-09-12,SEA,IND,28.0,16.0,-3.0,49.0,44.0,0,Tony Corrente,AF,win,9.0,under
2021_01_SF_DET,2021,REG,1,2021-09-12,SF,DET,41.0,33.0,-9.5,46.0,74.0,0,Brad Rogers,AF,loss,-1.5,over
2021_02_ATL_TB,2021,REG,2,2021-09-19,ATL,TB,25.0,48.0,13.5,52.0,73.0,1,Carl Cheffers,HF,win,9.5,over
2021_02_BUF_MIA,2021,REG,2,2021-09-19,BUF,MIA,35.0,0.0,-3.5,48.0,35.0,1,Craig Wrolstad,AF,win,31.5,under
2021_02_CIN_CHI,2021,REG,2,2021-09-19,CIN,CHI,17.0,20.0,2.0,44.5,37.0,0,Land Clark,HF,win,1.0,under
2021_02_DAL_LAC,2021,REG,2,2021-09-19,DAL,LAC,20.0,17.0,3.0,55.0,37.0,0,Tony Corrente,HF,loss,-6.0,under
2021_02_DEN_JAX,2021,REG,2,2021-09-19,DEN,JAX,23.0,13.0,-6.0,45.0,36.0,0,Clay Martin,AF,win,4.0,under
2021_02_DET_GB,2021,REG,2,2021-09-20,DET,GB,17.0,35.0,11.5,49.5,52.0,1,Adrian Hill,HF,win,6.5,over
2021_02_HOU_CLE,2021,REG,2,2021-09-19,HOU,CLE,21.0,31.0,13.5,48.5,52.0,0,Brad Rogers,HF,loss,-3.5,over
2021_02_KC_BAL,2021,REG,2,2021-09-19,KC,BAL,35.0,36.0,-3.5,53.5,71.0,0,Clete Blakeman,AF,loss,-4.5,over
2021_02_LA_IND,2021,REG,2,2021-09-19,LA,IND,27.0,24.0,-4.0,48.0,51.0,0,Shawn Smith,AF,loss,-1.0,over
2021_02_LV_PIT,2021,REG,2,2021-09-19,LV,PIT,26.0,17.0,5.5,46.5,43.0,0,Jerome Boger,HF,loss,-14.5,under
2021_02_MIN_ARI,2021,REG,2,2021-09-19,MIN,ARI,33.0,34.0,4.0,51.0,67.0,0,Bill Vinovich,HF,loss,-3.0,over
2021_02_NE_NYJ,2021,REG,2,2021-09-19,NE,NYJ,25.0,6.0,-5.5,43.0,31.0,1,Shawn Hochuli,AF,win,13.5,under
2021_02_NO_CAR,2021,REG,2,2021-09-19,NO,CAR,7.0,26.0,-3.0,45.0,33.0,1,Ron Torbert,AF,loss,-22.0,under
2021_02_NYG_WAS,2021,REG,2,2021-09-16,NYG,WAS,29.0,30.0,4.0,42.0,59.0,1,Scott Novak,HF,loss,-3.0,over
2021_02_SF_PHI,2021,REG,2,2021-09-19,SF,PHI,17.0,11.0,-3.0,49.0,28.0,0,Brad Allen,AF,win,3.0,under
2021_02_TEN_SEA,2021,REG,2,2021-09-19,TEN,SEA,33.0,30.0,6.5,53.5,63.0,0,John Hussey,HF,loss,-9.5,over
2021_03_ARI_JAX,2021,REG,3,2021-09-26,ARI,JAX,31.0,19.0,-8.0,51.5,50.0,0,Shawn Smith,AF,win,4.0,under
2021_03_ATL_NYG,2021,REG,3,2021-09-26,ATL,NYG,17.0,14.0,3.0,48.0,31.0,0,Adrian Hill,HF,loss,-6.0,under
2021_03_BAL_DET,2021,REG,3,2021-09-26,BAL,DET,19.0,17.0,-7.5,51.0,36.0,0,Scott Novak,AF,loss,-5.5,under
2021_03_CAR_HOU,2021,REG,3,2021-09-23,CAR,HOU,24.0,9.0,-8.0,43.0,33.0,0,Alex Kemp,AF,win,7.0,under
2021_03_CHI_CLE,2021,REG,3,2021-09-26,CHI,CLE,6.0,26.0,7.5,45.0,32.0,0,Ron Torbert,HF,win,12.5,under
2021_03_CIN_PIT,2021,REG,3,2021-09-26,CIN,PIT,24.0,10.0,2.5,42.5,34.0,1,Clete Blakeman,HF,loss,-16.5,under
2021_03_GB_SF,2021,REG,3,2021-09-26,GB,SF,30.0,28.0,3.5,50.5,58.0,0,Jerome Boger,HF,loss,-5.5,over
2021_03_IND_TEN,2021,REG,3,2021-09-26,IND,TEN,16.0,25.0,4.5,47.0,41.0,1,Bill Vinovich,HF,win,4.5,under
2021_03_LAC_KC,2021,REG,3,2021-09-26,LAC,KC,30.0,24.0,6.5,55.0,54.0,1,Shawn Hochuli,HF,loss,-12.5,under
2021_03_MIA_LV,2021,REG,3,2021-09-26,MIA,LV,28.0,31.0,4.0,45.0,59.0,0,Carl Cheffers,HF,loss,-1.0,over
2021_03_NO_NE,2021,REG,3,2021-09-26,NO,NE,28.0,13.0,3.0,44.0,41.0,0,John Hussey,HF,loss,-18.0,under
2021_03_NYJ_DEN,2021,REG,3,2021-09-26,NYJ,DEN,0.0,26.0,10.5,42.0,26.0,0,Land Clark,HF,win,15.5,under
2021_03_PHI_DAL,2021,REG,3,2021-09-27,PHI,DAL,21.0,41.0,3.5,51.5,62.0,1,Brad Rogers,HF,win,16.5,over
2021_03_SEA_MIN,2021,REG,3,2021-09-26,SEA,MIN,17.0,30.0,-2.0,53.5,47.0,0,Clay Martin,AF,loss,-15.0,under
2021_03_TB_LA,2021,REG,3,2021-09-26,TB,LA,24.0,34.0,-1.0,55.0,58.0,0,Craig Wrolstad,AF,loss,-11.0,over
2021_03_WAS_BUF,2021,REG,3,2021-09-26,WAS,BUF,21.0,43.0,7.5,45.5,64.0,0,Tony Corrente,HF,win,14.5,over
2021_04_ARI_LA,2021,REG,4,2021-10-03,ARI,LA,37.0,20.0,3.5,53.5,57.0,1,Shawn Hochuli,HF,loss,-20.5,over
2021_04_BAL_DEN,2021,REG,4,2021-10-03,BAL,DEN,23.0,7.0,1.0,44.0,30.0,0,Craig Wrolstad,HF,loss,-17.0,under
2021_04_CAR_DAL,2021,REG,4,2021-10-03,CAR,DAL,28.0,36.0,4.5,51.5,64.0,0,Jerome Boger,HF,win,3.5,over
2021_04_CLE_MIN,2021,REG,4,2021-10-03,CLE,MIN,14.0,7.0,-1.0,52.0,21.0,0,Tony Corrente,AF,win,6.0,under
2021_04_DET_CHI,2021,REG,4,2021-10-03,DET,CHI,14.0,24.0,3.0,42.0,38.0,1,Shawn Smith,HF,win,7.0,under
2021_04_HOU_BUF,2021,REG,4,2021-10-03,HOU,BUF,0.0,40.0,19.0,47.5,40.0,0,Ron Torbert,HF,win,21.0,under
2021_04_IND_MIA,2021,REG,4,2021-10-03,IND,MIA,27.0,17.0,2.5,41.5,44.0,0,Alex Kemp,HF,loss,-12.5,over
2021_04_JAX_CIN,2021,REG,4,2021-09-30,JAX,CIN,21.0,24.0,7.5,46.0,45.0,0,Brad Allen,HF,loss,-4.5,under
2021_04_KC_PHI,2021,REG,4,2021-10-03,KC,PHI,42.0,30.0,-7.5,53.5,72.0,0,Land Clark,AF,win,4.5,over
2021_04_LV_LAC,2021,REG,4,2021-10-04,LV,LAC,14.0,28.0,3.0,52.0,42.0,1,John Hussey,HF,win,11.0,under
2021_04_NYG_NO,2021,REG,4,2021-10-03,NYG,NO,27.0,21.0,7.5,43.0,48.0,0,Brad Rogers,HF,loss,-13.5,over
2021_04_PIT_GB,2021,REG,4,2021-10-03,PIT,GB,17.0,27.0,6.5,45.0,44.0,0,Scott Novak,HF,win,3.5,under
2021_04_SEA_SF,2021,REG,4,2021-10-03,SEA,SF,28.0,21.0,2.5,52.0,49.0,1,Carl Cheffers,HF,loss,-9.5,under
2021_04_TB_NE,2021,REG,4,2021-10-03,TB,NE,19.0,17.0,-6.0,49.5,36.0,0,Bill Vinovich,AF,loss,-4.0,under
2021_04_TEN_NYJ,2021,REG,4,2021-10-03,TEN,NYJ,24.0,27.0,-5.5,44.5,51.0,0,Adrian Hill,AF,loss,-8.5,over
2021_04_WAS_ATL,2021,REG,4,2021-10-03,WAS,ATL,34.0,30.0,-1.0,47.5,64.0,0,Clay Martin,AF,win,3.0,over
2021_05_BUF_KC,2021,REG,5,2021-10-10,BUF,KC,38.0,20.0,2.5,57.0,58.0,0,Carl Cheffers,HF,loss,-20.5,over
2021_05_CHI_LV,2021,REG,5,2021-10-10,CHI,LV,20.0,9.0,5.5,46.0,29.0,0,Craig Wrolstad,HF,loss,-16.5,under
2021_05_CLE_LAC,2021,REG,5,2021-10-10,CLE,LAC,42.0,47.0,2.5,46.5,89.0,0,Brad Allen,HF,win,2.5,over
2021_05_DEN_PIT,2021,REG,5,2021-10-10,DEN,PIT,19.0,27.0,-2.0,40.0,46.0,0,Brad Rogers,AF,loss,-10.0,over
2021_05_DET_MIN,2021,REG,5,2021-10-10,DET,MIN,17.0,19.0,10.0,49.5,36.0,1,Clete Blakeman,HF,loss,-8.0,under
2021_05_GB_CIN,2021,REG,5,2021-10-10,GB,CIN,25.0,22.0,-2.0,50.0,47.0,0,Bill Vinovich,AF,win,1.0,under
2021_05_IND_BAL,2021,REG,5,2021-10-11,IND,BAL,25.0,31.0,7.5,46.5,56.0,0,Land Clark,HF,loss,-1.5,over
2021_05_LA_SEA,2021,REG,5,2021-10-07,LA,SEA,26.0,17.0,-2.5,53.5,43.0,1,Ron Torbert,AF,win,6.5,under
2021_05_MIA_TB,2021,REG,5,2021-10-10,MIA,TB,17.0,45.0,11.0,48.0,62.0,0,Jerome Boger,HF,win,17.0,over
2021_05_NE_HOU,2021,REG,5,2021-10-10,NE,HOU,25.0,22.0,-8.0,39.5,47.0,0,Scott Novak,AF,loss,-5.0,over
2021_05_NO_WAS,2021,REG,5,2021-10-10,NO,WAS,33.0,22.0,-2.5,43.5,55.0,0,Shawn Smith,AF,win,8.5,over
2021_05_NYG_DAL,2021,REG,5,2021-10-10,NYG,DAL,20.0,44.0,7.5,53.0,64.0,1,John Hussey,HF,win,16.5,over
2021_05_NYJ_ATL,2021,REG,5,2021-10-10,NYJ,ATL,20.0,27.0,3.0,45.5,47.0,0,Tony Corrente,HF,win,4.0,over
2021_05_PHI_CAR,2021,REG,5,2021-10-10,PHI,CAR,21.0,18.0,2.5,46.0,39.0,0,Shawn Hochuli,HF,loss,-5.5,under
2021_05_SF_ARI,2021,REG,5,2021-10-10,SF,ARI,10.0,17.0,6.0,48.5,27.0,1,Clay Martin,HF,win,1.0,under
2021_05_TEN_JAX,2021,REG,5,2021-10-10,TEN,JAX,37.0,19.0,-4.0,49.0,56.0,1,Alex Kemp,AF,win,14.0,over
2021_06_ARI_CLE,2021,REG,6,2021-10-17,ARI,CLE,37.0,14.0,3.0,48.0,51.0,0,Carl Cheffers,HF,loss,-26.0,over
2021_06_BUF_TEN,2021,REG,6,2021-10-18,BUF,TEN,31.0,34.0,-6.0,53.5,65.0,0,Clete Blakeman,AF,loss,-9.0,over
2021_06_CIN_DET,2021,REG,6,2021-10-17,CIN,DET,34.0,11.0,-3.5,46.5,45.0,0,Shawn Hochuli,AF,win,19.5,under
2021_06_DAL_NE,2021,REG,6,2021-10-17,DAL,NE,35.0,29.0,-3.5,50.5,64.0,0,Brad Allen,AF,win,2.5,over
2021_06_GB_CHI,2021,REG,6,2021-10-17,GB,CHI,24.0,14.0,-5.5,44.0,38.0,1,Brad Rogers,AF,win,4.5,under
2021_06_HOU_IND,2021,REG,6,2021-10-17,HOU,IND,3.0,31.0,10.5,43.5,34.0,1,Jerome Boger,HF,win,17.5,under
2021_06_KC_WAS,2021,REG,6,2021-10-17,KC,WAS,31.0,13.0,-6.0,54.0,44.0,0,Adrian Hill,AF,win,12.0,under
2021_06_LAC_BAL,2021,REG,6,2021-10-17,LAC,BAL,6.0,34.0,3.0,50.5,40.0,0,Bill Vinovich,HF,win,25.0,under
2021_06_LA_NYG,2021,REG,6,2021-10-17,LA,NYG,38.0,11.0,-7.5,49.5,49.0,0,Alex Kemp,AF,win,19.5,under
2021_06_LV_DEN,2021,REG,6,2021-10-17,LV,DEN,34.0,24.0,5.0,45.5,58.0,1,Ron Torbert,HF,loss,-15.0,over
2021_06_MIA_JAX,2021,REG,6,2021-10-17,MIA,JAX,20.0,23.0,-2.5,47.5,43.0,0,John Hussey,AF,loss,-5.5,under
2021_06_MIN_CAR,2021,REG,6,2021-10-17,MIN,CAR,34.0,28.0,-2.5,45.5,62.0,0,Craig Wrolstad,AF,win,3.5,over
2021_06_SEA_PIT,2021,REG,6,2021-10-17,SEA,PIT,20.0,23.0,5.5,43.0,43.0,0,Shawn Smith,HF,loss,-2.5,push
2021_06_TB_PHI,2021,REG,6,2021-10-14,TB,PHI,28.0,22.0,-7.0,53.0,50.0,0,Clay Martin,AF,loss,-1.0,under
2021_07_ATL_MIA,2021,REG,7,2021-10-24,ATL,MIA,30.0,28.0,-1.5,48.5,58.0,0,Scott Novak,AF,win,0.5,over
2021_07_CAR_NYG,2021,REG,7,2021-10-24,CAR,NYG,3.0,25.0,-3.0,42.5,28.0,0,Carl Cheffers,AF,loss,-25.0,under
2021_07_CHI_TB,2021,REG,7,2021-10-24,CHI,TB,3.0,38.0,12.5,47.0,41.0,0,Alex Kemp,HF,win,22.5,under
2021_07_CIN_BAL,2021,REG,7,2021-10-24,CIN,BAL,41.0,17.0,6.5,45.5,58.0,1,Tony Corrente,HF,loss,-30.5,over
2021_07_DEN_CLE,2021,REG,7,2021-10-21,DEN,CLE,14.0,17.0,2.0,40.5,31.0,0,Adrian Hill,HF,win,1.0,under
2021_07_DET_LA,2021,REG,7,2021-10-24,DET,LA,19.0,28.0,17.0,51.0,47.0,0,Bill Vinovich,HF,loss,-8.0,under
2021_07_HOU_ARI,2021,REG,7,2021-10-24,HOU,ARI,5.0,31.0,20.5,47.0,36.0,0,Land Clark,HF,win,5.5,under
2021_07_IND_SF,2021,REG,7,2021-10-24,IND,SF,30.0,18.0,3.5,41.5,48.0,0,Craig Wrolstad,HF,loss,-15.5,over
2021_07_KC_TEN,2021,REG,7,2021-10-24,KC,TEN,3.0,27.0,-4.0,57.5,30.0,0,Brad Allen,AF,loss,-28.0,under
2021_07_NO_SEA,2021,REG,7,2021-10-25,NO,SEA,13.0,10.0,-6.0,42.0,23.0,0,Shawn Hochuli,AF,loss,-3.0,under
2021_07_NYJ_NE,2021,REG,7,2021-10-24,NYJ,NE,13.0,54.0,7.0,43.0,67.0,1,Brad Rogers,HF,win,34.0,over
2021_07_PHI_LV,2021,REG,7,2021-10-24,PHI,LV,22.0,33.0,1.0,48.0,55.0,0,Clete Blakeman,HF,win,10.0,over
2021_07_WAS_GB,2021,REG,7,2021-10-24,WAS,GB,10.0,24.0,8.5,48.0,34.0,0,Ron Torbert,HF,win,5.5,under
2021_08_CAR_ATL,2021,REG,8,2021-10-31,CAR,ATL,19.0,13.0,2.5,47.0,32.0,1,Brad Allen,HF,loss,-8.5,under
2021_08_CIN_NYJ,2021,REG,8,2021-10-31,CIN,NYJ,31.0,34.0,-11.5,43.5,65.0,0,Craig Wrolstad,AF,loss,-14.5,over
2021_08_DAL_MIN,2021,REG,8,2021-10-31,DAL,MIN,20.0,16.0,4.5,49.5,36.0,0,Scott Novak,HF,loss,-8.5,under
2021_08_GB_ARI,2021,REG,8,2021-10-28,GB,ARI,24.0,21.0,6.5,51.0,45.0,0,Alex Kemp,HF,loss,-9.5,under
2021_08_JAX_SEA,2021,REG,8,2021-10-31,JAX,SEA,7.0,31.0,4.0,44.0,38.0,0,Adrian Hill,HF,win,20.0,under
2021_08_LA_HOU,2021,REG,8,2021-10-31,LA,HOU,38.0,22.0,-17.0,47.0,60.0,0,Clay Martin,AF,loss,-1.0,over
2021_08_MIA_BUF,2021,REG,8,2021-10-31,MIA,BUF,11.0,26.0,15.0,48.5,37.0,1,Shawn Smith,HF,push,0.0,under
2021_08_NE_LAC,2021,REG,8,2021-10-31,NE,LAC,27.0,24.0,3.5,50.5,51.0,0,Ron Torbert,HF,loss,-6.5,over
2021_08_NYG_KC,2021,REG,8,2021-11-01,NYG,KC,17.0,20.0,10.5,53.0,37.0,0,Jerome Boger,HF,loss,-7.5,under
2021_08_PHI_DET,2021,REG,8,2021-10-31,PHI,DET,44.0,6.0,-3.0,48.5,50.0,0,Tony Corrente,AF,win,35.0,over
2021_08_PIT_CLE,2021,REG,8,2021-10-31,PIT,CLE,15.0,10.0,5.5,43.0,25.0,1,Shawn Hochuli,HF,loss,-10.5,under
2021_08_SF_CHI,2021,REG,8,2021-10-31,SF,CHI,33.0,22.0,-4.5,40.0,55.0,0,Land Clark,AF,win,6.5,over
2021_08_TB_NO,2021,REG,8,2021-10-31,TB,NO,27.0,36.0,-4.0,48.5,63.0,1,Clete Blakeman,AF,loss,-13.0,over
2021_08_TEN_IND,2021,REG,8,2021-10-31,TEN,IND,34.0,31.0,3.0,51.0,65.0,1,Carl Cheffers,HF,loss,-6.0,over
2021_08_WAS_DEN,2021,REG,8,2021-10-31,WAS,DEN,10.0,17.0,4.0,45.0,27.0,0,John Hussey,HF,win,3.0,under
2021_09_ARI_SF,2021,REG,9,2021-11-07,ARI,SF,31.0,17.0,5.5,44.5,48.0,1,Brad Allen,HF,loss,-19.5,over
2021_09_ATL_NO,2021,REG,9,2021-11-07,ATL,NO,27.0,25.0,7.0,43.0,52.0,1,Alex Kemp,HF,loss,-9.0,over
2021_09_BUF_JAX,2021,REG,9,2021-11-07,BUF,JAX,6.0,9.0,-14.5,48.0,15.0,0,Land Clark,AF,loss,-17.5,under
2021_09_CHI_PIT,2021,REG,9,2021-11-08,CHI,PIT,27.0,29.0,7.0,40.0,56.0,0,Tony Corrente,HF,loss,-5.0,over
2021_09_CLE_CIN,2021,REG,9,2021-11-07,CLE,CIN,41.0,16.0,2.5,47.5,57.0,1,Scott Novak,HF,loss,-27.5,over
2021_09_DEN_DAL,2021,REG,9,2021-11-07,DEN,DAL,30.0,16.0,10.5,50.0,46.0,0,Bill Vinovich,HF,loss,-24.5,under
2021_09_GB_KC,2021,REG,9,2021-11-07,GB,KC,7.0,13.0,7.0,48.0,20.0,0,Shawn Smith,HF,loss,-1.0,under
2021_09_HOU_MIA,2021,REG,9,2021-11-07,HOU,MIA,9.0,17.0,4.0,45.0,26.0,0,Adrian Hill,HF,win,4.0,under
2021_09_LAC_PHI,2021,REG,9,2021-11-07,LAC,PHI,27.0,24.0,-1.0,49.5,51.0,0,Jerome Boger,AF,win,2.0,over
2021_09_LV_NYG,2021,REG,9,2021-11-07,LV,NYG,16.0,23.0,-3.0,47.0,39.0,0,Clay Martin,AF,loss,-10.0,under
2021_09_MIN_BAL,2021,REG,9,2021-11-07,MIN,BAL,31.0,34.0,7.5,51.0,65.0,0,Carl Cheffers,HF,loss,-4.5,over
2021_09_NE_CAR,2021,REG,9,2021-11-07,NE,CAR,24.0,6.0,-3.5,41.5,30.0,0,Clete Blakeman,AF,win,14.5,under
2021_09_NYJ_IND,2021,REG,9,2021-11-04,NYJ,IND,30.0,45.0,10.5,46.0,75.0,0,John Hussey,HF,win,4.5,over
2021_09_TEN_LA,2021,REG,9,2021-11-07,TEN,LA,28.0,16.0,7.0,53.5,44.0,0,Brad Rogers,HF,loss,-19.0,under
2021_10_ATL_DAL,2021,REG,10,2021-11-14,ATL,DAL,3.0,43.0,8.0,55.0,46.0,0,Craig Wrolstad,HF,win,32.0,under
2021_10_BAL_MIA,2021,REG,10,2021-11-11,BAL,MIA,10.0,22.0,-8.5,46.5,32.0,0,Ron Torbert,AF,loss,-20.5,under
2021_10_BUF_NYJ,2021,REG,10,2021-11-14,BUF,NYJ,45.0,17.0,-13.0,47.0,62.0,1,Scott Novak,AF,win,15.0,over
2021_10_CAR_ARI,2021,REG,10,2021-11-14,CAR,ARI,34.0,10.0,7.0,42.0,44.0,0,Adrian Hill,HF,loss,-31.0,over
2021_10_CLE_NE,2021,REG,10,2021-11-14,CLE,NE,7.0,45.0,2.5,45.5,52.0,0,John Hussey,HF,win,35.5,over
2021_10_DET_PIT,2021,REG,10,2021-11-14,DET,PIT,16.0,16.0,9.0,43.0,32.0,0,Land Clark,HF,loss,-9.0,under
2021_10_JAX_IND,2021,REG,10,2021-11-14,JAX,IND,17.0,23.0,10.5,47.5,40.0,1,Tony Corrente,HF,loss,-4.5,under
2021_10_KC_LV,2021,REG,10,2021-11-14,KC,LV,41.0,14.0,-2.5,53.5,55.0,1,Bill Vinovich,AF,win,24.5,over
2021_10_LA_SF,2021,REG,10,2021-11-15,LA,SF,10.0,31.0,-3.5,50.0,41.0,1,Shawn Smith,AF,loss,-24.5,under
2021_10_MIN_LAC,2021,REG,10,2021-11-14,MIN,LAC,27.0,20.0,3.0,53.5,47.0,0,Clay Martin,HF,loss,-10.0,under
2021_10_NO_TEN,2021,REG,10,2021-11-14,NO,TEN,21.0,23.0,3.0,44.0,44.0,0,Jerome Boger,HF,loss,-1.0,push
2021_10_PHI_DEN,2021,REG,10,2021-11-14,PHI,DEN,30.0,13.0,1.0,44.5,43.0,0,Shawn Hochuli,HF,loss,-18.0,under
2021_10_SEA_GB,2021,REG,10,2021-11-14,SEA,GB,0.0,17.0,3.0,49.5,17.0,0,Brad Allen,HF,win,14.0,under
2021_10_TB_WAS,2021,REG,10,2021-11-14,TB,WAS,19.0,29.0,-10.0,51.0,48.0,0,Brad Rogers,AF,loss,-20.0,under
2021_11_ARI_SEA,2021,REG,11,2021-11-21,ARI,SEA,23.0,13.0,2.5,46.0,36.0,1,Clete Blakeman,HF,loss,-12.5,under
2021_11_BAL_CHI,2021,REG,11,2021-11-21,BAL,CHI,16.0,13.0,-5.0,43.0,29.0,0,Shawn Smith,AF,loss,-2.0,under
2021_11_CIN_LV,2021,REG,11,2021-11-21,CIN,LV,32.0,13.0,-1.0,50.5,45.0,0,Jerome Boger,AF,win,18.0,under
2021_11_DAL_KC,2021,REG,11,2021-11-21,DAL,KC,9.0,19.0,2.5,56.0,28.0,0,John Hussey,HF,win,7.5,under
2021_11_DET_CLE,2021,REG,11,2021-11-21,DET,CLE,10.0,13.0,13.0,42.5,23.0,0,Clay Martin,HF,loss,-10.0,under
2021_11_GB_MIN,2021,REG,11,2021-11-21,GB,MIN,31.0,34.0,-1.0,48.0,65.0,1,Shawn Hochuli,AF,loss,-4.0,over
2021_11_HOU_TEN,2021,REG,11,2021-11-21,HOU,TEN,22.0,13.0,10.5,44.5,35.0,1,Tony Corrente,HF,loss,-19.5,under
2021_11_IND_BUF,2021,REG,11,2021-11-21,IND,BUF,41.0,15.0,7.5,49.5,56.0,0,Brad Rogers,HF,loss,-33.5,over
2021_11_MIA_NYJ,2021,REG,11,2021-11-21,MIA,NYJ,24.0,17.0,-3.5,44.5,41.0,1,Alex Kemp,AF,win,3.5,under
2021_11_NE_ATL,2021,REG,11,2021-11-18,NE,ATL,25.0,0.0,-7.0,47.5,25.0,0,Land Clark,AF,win,18.0,under
2021_11_NO_PHI,2021,REG,11,2021-11-21,NO,PHI,29.0,40.0,2.5,42.5,69.0,0,Scott Novak,HF,win,8.5,over
2021_11_NYG_TB,2021,REG,11,2021-11-22,NYG,TB,10.0,30.0,11.5,49.5,40.0,0,Craig Wrolstad,HF,win,8.5,under
2021_11_PIT_LAC,2021,REG,11,2021-11-21,PIT,LAC,37.0,41.0,5.5,47.5,78.0,0,Carl Cheffers,HF,loss,-1.5,over
2021_11_SF_JAX,2021,REG,11,2021-11-21,SF,JAX,30.0,10.0,-6.5,45.0,40.0,0,Ron Torbert,AF,win,13.5,under
2021_11_WAS_CAR,2021,REG,11,2021-11-21,WAS,CAR,27.0,21.0,3.5,43.0,48.0,0,Bill Vinovich,HF,loss,-9.5,over
2021_12_ATL_JAX,2021,REG,12,2021-11-28,ATL,JAX,21.0,14.0,-1.5,46.0,35.0,0,Carl Cheffers,AF,win,5.5,under
2021_12_BUF_NO,2021,REG,12,2021-11-25,BUF,NO,31.0,6.0,-7.0,45.0,37.0,0,Brad Allen,AF,win,18.0,under
2021_12_CAR_MIA,2021,REG,12,2021-11-28,CAR,MIA,10.0,33.0,-1.0,41.0,43.0,0,John Hussey,AF,loss,-24.0,over
2021_12_CHI_DET,2021,REG,12,2021-11-25,CHI,DET,16.0,14.0,-2.0,41.5,30.0,1,Adrian Hill,AF,push,0.0,under
2021_12_CLE_BAL,2021,REG,12,2021-11-28,CLE,BAL,10.0,16.0,3.0,47.0,26.0,1,Jerome Boger,HF,win,3.0,under
2021_12_LAC_DEN,2021,REG,12,2021-11-28,LAC,DEN,13.0,28.0,-2.5,47.5,41.0,1,Land Clark,AF,loss,-17.5,under
2021_12_LA_GB,2021,REG,12,2021-11-28,LA,GB,28.0,36.0,-2.0,47.0,64.0,0,Craig Wrolstad,AF,loss,-10.0,over
2021_12_LV_DAL,2021,REG,12,2021-11-25,LV,DAL,36.0,33.0,7.0,51.0,69.0,0,Shawn Hochuli,HF,loss,-10.0,over
2021_12_MIN_SF,2021,REG,12,2021-11-28,MIN,SF,26.0,34.0,3.5,49.0,60.0,0,Brad Rogers,HF,win,4.5,over
2021_12_NYJ_HOU,2021,REG,12,2021-11-28,NYJ,HOU,21.0,14.0,3.0,44.5,35.0,0,Clete Blakeman,HF,loss,-10.0,under
2021_12_PHI_NYG,2021,REG,12,2021-11-28,PHI,NYG,7.0,13.0,-4.0,45.5,20.0,1,Ron Torbert,AF,loss,-10.0,under
2021_12_PIT_CIN,2021,REG,12,2021-11-28,PIT,CIN,10.0,41.0,3.5,43.5,51.0,1,Bill Vinovich,HF,win,27.5,over
2021_12_SEA_WAS,2021,REG,12,2021-11-29,SEA,WAS,15.0,17.0,-1.0,47.0,32.0,0,Clay Martin,AF,loss,-3.0,under
2021_12_TB_IND,2021,REG,12,2021-11-28,TB,IND,38.0,31.0,-3.0,53.0,69.0,0,Shawn Smith,AF,win,4.0,over
2021_12_TEN_NE,2021,REG,12,2021-11-28,TEN,NE,13.0,36.0,7.5,43.0,49.0,0,Alex Kemp,HF,win,15.5,over
2021_13_ARI_CHI,2021,REG,13,2021-12-05,ARI,CHI,33.0,22.0,-7.5,43.5,55.0,0,Jerome Boger,AF,win,3.5,over
2021_13_BAL_PIT,2021,REG,13,2021-12-05,BAL,PIT,19.0,20.0,-4.0,44.0,39.0,1,Scott Novak,AF,loss,-5.0,under
2021_13_DAL_NO,2021,REG,13,2021-12-02,DAL,NO,27.0,17.0,-6.0,46.0,44.0,0,Brad Rogers,AF,win,4.0,under
2021_13_DEN_KC,2021,REG,13,2021-12-05,DEN,KC,9.0,22.0,8.5,46.5,31.0,1,Carl Cheffers,HF,win,4.5,under
2021_13_IND_HOU,2021,REG,13,2021-12-05,IND,HOU,31.0,0.0,-10.0,45.5,31.0,1,Ron Torbert,AF,win,21.0,under
2021_13_JAX_LA,2021,REG,13,2021-12-05,JAX,LA,7.0,37.0,14.0,48.0,44.0,0,Clete Blakeman,HF,win,16.0,under
2021_13_LAC_CIN,2021,REG,13,2021-12-05,LAC,CIN,41.0,22.0,2.5,49.5,63.0,0,Shawn Hochuli,HF,loss,-21.5,over
2021_13_MIN_DET,2021,REG,13,2021-12-05,MIN,DET,27.0,29.0,-7.0,47.5,56.0,1,Craig Wrolstad,AF,loss,-9.0,over
2021_13_NE_BUF,2021,REG,13,2021-12-06,NE,BUF,14.0,10.0,3.0,40.0,24.0,1,Bill Vinovich,HF,loss,-7.0,under
2021_13_NYG_MIA,2021,REG,13,2021-12-05,NYG,MIA,9.0,20.0,6.5,40.0,29.0,0,Brad Allen,HF,win,4.5,under
2021_13_PHI_NYJ,2021,REG,13,2021-12-05,PHI,NYJ,33.0,18.0,-5.0,44.0,51.0,0,Clay Martin,AF,win,10.0,over
2021_13_SF_SEA,2021,REG,13,2021-12-05,SF,SEA,23.0,30.0,-3.0,44.5,53.0,1,Alex Kemp,AF,loss,-10.0,over
2021_13_TB_ATL,2021,REG,13,2021-12-05,TB,ATL,30.0,17.0,-11.0,51.0,47.0,1,Tony Corrente,AF,win,2.0,under
2021_13_WAS_LV,2021,REG,13,2021-12-05,WAS,LV,17.0,15.0,1.0,47.5,32.0,0,Adrian Hill,HF,loss,-3.0,under
2021_14_ATL_CAR,2021,REG,14,2021-12-12,ATL,CAR,29.0,21.0,2.5,41.0,50.0,1,Shawn Smith,HF,loss,-10.5,over
2021_14_BAL_CLE,2021,REG,14,2021-12-12,BAL,CLE,22.0,24.0,3.0,44.0,46.0,1,Brad Rogers,HF,loss,-1.0,over
2021_14_BUF_TB,2021,REG,14,2021-12-12,BUF,TB,27.0,33.0,3.5,52.5,60.0,0,Scott Novak,HF,win,2.5,over
2021_14_CHI_GB,2021,REG,14,2021-12-12,CHI,GB,30.0,45.0,11.5,43.0,75.0,1,Ron Torbert,HF,win,3.5,over
2021_14_DAL_WAS,2021,REG,14,2021-12-12,DAL,WAS,27.0,20.0,-6.5,48.0,47.0,1,Alex Kemp,AF,win,0.5,under
2021_14_DET_DEN,2021,REG,14,2021-12-12,DET,DEN,10.0,38.0,13.0,42.0,48.0,0,John Hussey,HF,win,15.0,over
2021_14_JAX_TEN,2021,REG,14,2021-12-12,JAX,TEN,0.0,20.0,8.5,44.5,20.0,1,Bill Vinovich,HF,win,11.5,under
2021_14_LA_ARI,2021,REG,14,2021-12-13,LA,ARI,30.0,23.0,3.0,51.0,53.0,1,Carl Cheffers,HF,loss,-10.0,over
2021_14_LV_KC,2021,REG,14,2021-12-12,LV,KC,9.0,48.0,10.0,48.0,57.0,1,Brad Allen,HF,win,29.0,over
2021_14_NO_NYJ,2021,REG,14,2021-12-12,NO,NYJ,30.0,9.0,-4.5,42.0,39.0,0,Land Clark,AF,win,16.5,under
2021_14_NYG_LAC,2021,REG,14,2021-12-12,NYG,LAC,21.0,37.0,9.5,44.0,58.0,0,Tony Corrente,HF,win,6.5,over
2021_14_PIT_MIN,2021,REG,14,2021-12-09,PIT,MIN,28.0,36.0,3.5,45.0,64.0,0,Clete Blakeman,HF,win,4.5,over
2021_14_SEA_HOU,2021,REG,14,2021-12-12,SEA,HOU,33.0,13.0,-10.0,40.5,46.0,0,Adrian Hill,AF,win,10.0,over
2021_14_SF_CIN,2021,REG,14,2021-12-12,SF,CIN,26.0,23.0,-2.5,49.0,49.0,0,Craig Wrolstad,AF,win,0.5,push
2021_15_ARI_DET,2021,REG,15,2021-12-19,ARI,DET,12.0,30.0,-13.0,48.0,42.0,0,Land Clark,AF,loss,-31.0,under
2021_15_ATL_SF,2021,REG,15,2021-12-19,ATL,SF,13.0,31.0,9.5,48.0,44.0,0,Clay Martin,HF,win,8.5,under
2021_15_CAR_BUF,2021,REG,15,2021-12-19,CAR,BUF,14.0,31.0,14.0,43.0,45.0,0,Clete Blakeman,HF,win,3.0,over
2021_15_CIN_DEN,2021,REG,15,2021-12-19,CIN,DEN,15.0,10.0,3.0,45.0,25.0,0,Adrian Hill,HF,loss,-8.0,under
2021_15_DAL_NYG,2021,REG,15,2021-12-19,DAL,NYG,21.0,6.0,-11.5,43.0,27.0,1,Jerome Boger,AF,win,3.5,under
2021_15_GB_BAL,2021,REG,15,2021-12-19,GB,BAL,31.0,30.0,-9.5,45.5,61.0,0,Brad Allen,AF,loss,-8.5,over
2021_15_HOU_JAX,2021,REG,15,2021-12-19,HOU,JAX,30.0,16.0,6.0,40.0,46.0,1,Alex Kemp,HF,loss,-20.0,over
2021_15_KC_LAC,2021,REG,15,2021-12-16,KC,LAC,34.0,28.0,-3.0,54.0,62.0,1,Shawn Smith,AF,win,3.0,over
2021_15_LV_CLE,2021,REG,15,2021-12-20,LV,CLE,16.0,14.0,-3.0,41.0,30.0,0,Craig Wrolstad,AF,loss,-1.0,under
2021_15_MIN_CHI,2021,REG,15,2021-12-20,MIN,CHI,17.0,9.0,-7.0,48.0,26.0,1,Scott Novak,AF,win,1.0,under
2021_15_NO_TB,2021,REG,15,2021-12-19,NO,TB,9.0,0.0,11.5,45.5,9.0,1,John Hussey,HF,loss,-20.5,under
2021_15_NYJ_MIA,2021,REG,15,2021-12-19,NYJ,MIA,24.0,31.0,10.5,42.0,55.0,1,Ron Torbert,HF,loss,-3.5,over
2021_15_SEA_LA,2021,REG,15,2021-12-21,SEA,LA,10.0,20.0,7.5,47.0,30.0,1,Shawn Hochuli,HF,win,2.5,under
2021_15_TEN_PIT,2021,REG,15,2021-12-19,TEN,PIT,13.0,19.0,1.0,44.0,32.0,0,Brad Rogers,HF,win,5.0,under
2021_15_WAS_PHI,2021,REG,15,2021-12-21,WAS,PHI,17.0,27.0,10.0,39.5,44.0,1,Tony Corrente,HF,push,0.0,over
2021_16_BAL_CIN,2021,REG,16,2021-12-26,BAL,CIN,21.0,41.0,7.5,43.0,62.0,1,Clete Blakeman,HF,win,12.5,over
2021_16_BUF_NE,2021,REG,16,2021-12-26,BUF,NE,33.0,21.0,1.0,43.5,54.0,1,Shawn Smith,HF,loss,-13.0,over
2021_16_CHI_SEA,2021,REG,16,2021-12-26,CHI,SEA,25.0,24.0,7.0,41.0,49.0,0,Carl Cheffers,HF,loss,-8.0,over
2021_16_CLE_GB,2021,REG,16,2021-12-25,CLE,GB,22.0,24.0,7.5,46.5,46.0,0,Alex Kemp,HF,loss,-5.5,under
2021_16_DEN_LV,2021,REG,16,2021-12-26,DEN,LV,13.0,17.0,-1.0,42.0,30.0,1,Scott Novak,AF,loss,-5.0,under
2021_16_DET_ATL,2021,REG,16,2021-12-26,DET,ATL,16.0,20.0,7.5,42.5,36.0,0,Ron Torbert,HF,loss,-3.5,under
2021_16_IND_ARI,2021,REG,16,2021-12-25,IND,ARI,22.0,16.0,3.0,48.0,38.0,0,Craig Wrolstad,HF,loss,-9.0,under
2021_16_JAX_NYJ,2021,REG,16,2021-12-26,JAX,NYJ,21.0,26.0,2.5,42.5,47.0,0,Tony Corrente,HF,win,2.5,over
2021_16_LAC_HOU,2021,REG,16,2021-12-26,LAC,HOU,29.0,41.0,-13.5,46.0,70.0,0,Clay Martin,AF,loss,-25.5,over
2021_16_LA_MIN,2021,REG,16,2021-12-26,LA,MIN,30.0,23.0,-3.5,48.5,53.0,0,John Hussey,AF,win,3.5,over
2021_16_MIA_NO,2021,REG,16,2021-12-27,MIA,NO,20.0,3.0,-3.0,37.5,23.0,0,Adrian Hill,AF,win,14.0,under
2021_16_NYG_PHI,2021,REG,16,2021-12-26,NYG,PHI,10.0,34.0,11.0,41.0,44.0,1,Land Clark,HF,win,13.0,over
2021_16_PIT_KC,2021,REG,16,2021-12-26,PIT,KC,10.0,36.0,10.5,44.0,46.0,0,Jerome Boger,HF,win,15.5,over
2021_16_SF_TEN,2021,REG,16,2021-12-23,SF,TEN,17.0,20.0,-3.5,45.5,37.0,0,Shawn Hochuli,AF,loss,-6.5,under
2021_16_TB_CAR,2021,REG,16,2021-12-26,TB,CAR,32.0,6.0,-11.5,44.5,38.0,1,Brad Allen,AF,win,14.5,under
2021_16_WAS_DAL,2021,REG,16,2021-12-26,WAS,DAL,14.0,56.0,10.5,45.5,70.0,1,Bill Vinovich,HF,win,31.5,over
2021_17_ARI_DAL,2021,REG,17,2022-01-02,ARI,DAL,25.0,22.0,6.5,53.0,47.0,0,Scott Novak,HF,loss,-9.5,under
2021_17_ATL_BUF,2021,REG,17,2022-01-02,ATL,BUF,15.0,29.0,14.0,46.5,44.0,0,Land Clark,HF,push,0.0,under
2021_17_CAR_NO,2021,REG,17,2022-01-02,CAR,NO,10.0,18.0,7.0,37.0,28.0,1,Jerome Boger,HF,win,1.0,under
2021_17_CLE_PIT,2021,REG,17,2022-01-03,CLE,PIT,14.0,26.0,-1.0,43.5,40.0,1,Brad Allen,AF,loss,-13.0,under
2021_17_DEN_LAC,2021,REG,17,2022-01-02,DEN,LAC,13.0,34.0,8.0,45.5,47.0,1,Craig Wrolstad,HF,win,13.0,over
2021_17_DET_SEA,2021,REG,17,2022-01-02,DET,SEA,29.0,51.0,8.5,41.5,80.0,0,Tony Corrente,HF,win,13.5,over
2021_17_HOU_SF,2021,REG,17,2022-01-02,HOU,SF,7.0,23.0,14.0,44.0,30.0,0,Carl Cheffers,HF,win,2.0,under
2021_17_JAX_NE,2021,REG,17,2022-01-02,JAX,NE,10.0,50.0,17.5,42.0,60.0,0,Adrian Hill,HF,win,22.5,over
2021_17_KC_CIN,2021,REG,17,2022-01-02,KC,CIN,31.0,34.0,-3.5,51.0,65.0,0,John Hussey,AF,loss,-6.5,over
2021_17_LA_BAL,2021,REG,17,2022-01-02,LA,BAL,20.0,19.0,-7.0,47.0,39.0,0,Bill Vinovich,AF,loss,-6.0,under
2021_17_LV_IND,2021,REG,17,2022-01-02,LV,IND,23.0,20.0,8.5,46.5,43.0,0,Brad Rogers,HF,loss,-11.5,under
2021_17_MIA_TEN,2021,REG,17,2022-01-02,MIA,TEN,3.0,34.0,3.0,41.0,37.0,0,Shawn Smith,HF,win,28.0,under
2021_17_MIN_GB,2021,REG,17,2022-01-02,MIN,GB,10.0,37.0,13.0,42.0,47.0,1,Clay Martin,HF,win,14.0,over
2021_17_NYG_CHI,2021,REG,17,2022-01-02,NYG,CHI,3.0,29.0,7.0,36.5,32.0,0,Shawn Hochuli,HF,win,19.0,under
2021_17_PHI_WAS,2021,REG,17,2022-01-02,PHI,WAS,20.0,16.0,-6.5,44.5,36.0,1,Clete Blakeman,AF,loss,-2.5,under
2021_17_TB_NYJ,2021,REG,17,2022-01-02,TB,NYJ,28.0,24.0,-14.5,48.0,52.0,0,Alex Kemp,AF,loss,-10.5,over
2021_18_CAR_TB,2021,REG,18,2022-01-09,CAR,TB,17.0,41.0,11.0,43.0,58.0,1,Tony Corrente,HF,win,13.0,over
2021_18_CHI_MIN,2021,REG,18,2022-01-09,CHI,MIN,17.0,31.0,3.5,45.5,48.0,1,Brad Allen,HF,win,10.5,over
2021_18_CIN_CLE,2021,REG,18,2022-01-09,CIN,CLE,16.0,21.0,6.5,38.0,37.0,1,Bill Vinovich,HF,loss,-1.5,under
2021_18_DAL_PHI,2021,REG,18,2022-01-08,DAL,PHI,51.0,26.0,-6.5,46.0,77.0,1,Ron Torbert,AF,win,18.5,over
2021_18_GB_DET,2021,REG,18,2022-01-09,GB,DET,30.0,37.0,-4.0,45.0,67.0,1,Scott Novak,AF,loss,-11.0,over
2021_18_IND_JAX,2021,REG,18,2022-01-09,IND,JAX,11.0,26.0,-14.0,43.0,37.0,1,Clay Martin,AF,loss,-29.0,under
2021_18_KC_DEN,2021,REG,18,2022-01-08,KC,DEN,28.0,24.0,-11.5,44.5,52.0,1,Brad Rogers,AF,loss,-7.5,over
2021_18_LAC_LV,2021,REG,18,2022-01-09,LAC,LV,32.0,35.0,-3.5,48.0,67.0,1,Clete Blakeman,AF,loss,-6.5,over
2021_18_NE_MIA,2021,REG,18,2022-01-09,NE,MIA,24.0,33.0,-6.0,41.0,57.0,1,Alex Kemp,AF,loss,-15.0,over
2021_18_NO_ATL,2021,REG,18,2022-01-09,NO,ATL,30.0,20.0,-4.5,40.0,50.0,1,Craig Wrolstad,AF,win,5.5,over
2021_18_NYJ_BUF,2021,REG,18,2022-01-09,NYJ,BUF,10.0,27.0,16.0,43.0,37.0,1,John Hussey,HF,win,1.0,under
2021_18_PIT_BAL,2021,REG,18,2022-01-09,PIT,BAL,16.0,13.0,3.0,41.0,29.0,1,Shawn Hochuli,HF,loss,-6.0,under
2021_18_SEA_ARI,2021,REG,18,2022-01-09,SEA,ARI,38.0,30.0,5.5,48.0,68.0,1,Shawn Smith,HF,loss,-13.5,over
2021_18_SF_LA,2021,REG,18,2022-01-09,SF,LA,27.0,24.0,3.0,46.5,51.0,1,Jerome Boger,HF,loss,-6.0,over
2021_18_TEN_HOU,2021,REG,18,2022-01-09,TEN,HOU,28.0,25.0,-10.5,43.0,53.0,1,Land Clark,AF,loss,-7.5,over
2021_18_WAS_NYG,2021,REG,18,2022-01-09,WAS,NYG,22.0,7.0,-6.0,36.0,29.0,1,Adrian Hill,AF,win,9.0,under
2021_19_ARI_LA,2021,WC,19,2022-01-17,ARI,LA,11.0,34.0,4.0,49.5,45.0,1,Clay Martin,HF,win,19.0,under
2021_19_LV_CIN,2021,WC,19,2022-01-15,LV,CIN,19.0,26.0,6.0,48.5,45.0,0,Jerome Boger,HF,win,1.0,under
2021_19_NE_BUF,2021,WC,19,2022-01-15,NE,BUF,17.0,47.0,4.5,43.0,64.0,1,Brad Allen,HF,win,25.5,over
2021_19_PHI_TB,2021,WC,19,2022-01-16,PHI,TB,15.0,31.0,7.5,45.5,46.0,0,Craig Wrolstad,HF,win,8.5,over
2021_19_PIT_KC,2021,WC,19,2022-01-16,PIT,KC,21.0,42.0,13.0,46.0,63.0,0,Shawn Smith,HF,win,8.0,over
2021_19_SF_DAL,2021,WC,19,2022-01-16,SF,DAL,23.0,17.0,3.0,51.0,40.0,0,Alex Kemp,HF,loss,-9.0,under
2021_20_BUF_KC,2021,DIV,20,2022-01-23,BUF,KC,36.0,42.0,2.5,54.0,78.0,0,John Hussey,HF,win,3.5,over
2021_20_CIN_TEN,2021,DIV,20,2022-01-22,CIN,TEN,19.0,16.0,4.0,48.5,35.0,0,Clete Blakeman,HF,loss,-7.0,under
2021_20_LA_TB,2021,DIV,20,2022-01-23,LA,TB,30.0,27.0,2.5,48.0,57.0,0,Shawn Hochuli,HF,loss,-5.5,over
2021_20_SF_GB,2021,DIV,20,2022-01-22,SF,GB,13.0,10.0,5.5,47.0,23.0,0,Ron Torbert,HF,loss,-8.5,under
2021_21_CIN_KC,2021,CON,21,2022-01-30,CIN,KC,27.0,24.0,7.0,54.5,51.0,0,Bill Vinovich,HF,loss,-10.0,under
2021_21_SF_LA,2021,CON,21,2022-01-30,SF,LA,17.0,20.0,3.5,45.5,37.0,1,Carl Cheffers,HF,loss,-0.5,under
2021_22_LA_CIN,2021,SB,22,2022-02-13,LA,CIN,23.0,20.0,-4.5,48.5,43.0,0,Ron Torbert,AF,loss,-1.5,under
2022_01_BAL_NYJ,2022,REG,1,2022-09-11,BAL,NYJ,24.0,9.0,-6.5,44.0,33.0,0,Craig Wrolstad,AF,win,8.5,under
2022_01_BUF_LA,2022,REG,1,2022-09-08,BUF,LA,31.0,10.0,-1.0,51.5,41.0,0,Carl Cheffers,AF,win,20.0,under
2022_01_CLE_CAR,2022,REG,1,2022-09-11,CLE,CAR,26.0,24.0,2.5,42.5,50.0,0,Brad Rogers,HF,loss,-4.5,over
2022_01_DEN_SEA,2022,REG,1,2022-09-12,DEN,SEA,16.0,17.0,-6.0,44.0,33.0,0,Clete Blakeman,AF,loss,-7.0,under
2022_01_GB_MIN,2022,REG,1,2022-09-11,GB,MIN,7.0,23.0,2.5,47.0,30.0,1,Bill Vinovich,HF,win,13.5,under
2022_01_IND_HOU,2022,REG,1,2022-09-11,IND,HOU,20.0,20.0,-7.0,46.0,40.0,1,Land Clark,AF,loss,-7.0,under
2022_01_JAX_WAS,2022,REG,1,2022-09-11,JAX,WAS,22.0,28.0,3.0,43.5,50.0,0,Tra Blake,HF,win,3.0,over
2022_01_KC_ARI,2022,REG,1,2022-09-11,KC,ARI,44.0,21.0,-6.0,54.0,65.0,0,Scott Novak,AF,win,17.0,over
2022_01_LV_LAC,2022,REG,1,2022-09-11,LV,LAC,19.0,24.0,3.5,52.5,43.0,1,Shawn Smith,HF,win,1.5,under
2022_01_NE_MIA,2022,REG,1,2022-09-11,NE,MIA,7.0,20.0,3.0,47.0,27.0,1,John Hussey,HF,win,10.0,under
2022_01_NO_ATL,2022,REG,1,2022-09-11,NO,ATL,27.0,26.0,-6.0,43.5,53.0,1,Alex Kemp,AF,loss,-5.0,over
2022_01_NYG_TEN,2022,REG,1,2022-09-11,NYG,TEN,21.0,20.0,5.5,43.5,41.0,0,Jerome Boger,HF,loss,-6.5,under
2022_01_PHI_DET,2022,REG,1,2022-09-11,PHI,DET,38.0,35.0,-6.0,49.0,73.0,0,Brad Allen,AF,loss,-3.0,over
2022_01_PIT_CIN,2022,REG,1,2022-09-11,PIT,CIN,23.0,20.0,7.5,44.5,43.0,1,Shawn Hochuli,HF,loss,-10.5,under
2022_01_SF_CHI,2022,REG,1,2022-09-11,SF,CHI,10.0,19.0,-6.5,38.0,29.0,0,Clay Martin,AF,loss,-15.5,under
2022_01_TB_DAL,2022,REG,1,2022-09-11,TB,DAL,19.0,3.0,-2.5,49.5,22.0,0,Ron Torbert,AF,win,13.5,under
2022_02_ARI_LV,2022,REG,2,2022-09-18,ARI,LV,29.0,23.0,5.5,51.5,52.0,0,Clete Blakeman,HF,loss,-11.5,over
2022_02_ATL_LA,2022,REG,2,2022-09-18,ATL,LA,27.0,31.0,10.5,46.5,58.0,0,Clay Martin,HF,loss,-6.5,over
2022_02_CAR_NYG,2022,REG,2,2022-09-18,CAR,NYG,16.0,19.0,-1.0,44.0,35.0,0,Ron Torbert,AF,loss,-4.0,under
2022_02_CHI_GB,2022,REG,2,2022-09-18,CHI,GB,10.0,27.0,10.5,42.0,37.0,1,Craig Wrolstad,HF,win,6.5,under
2022_02_CIN_DAL,2022,REG,2,2022-09-18,CIN,DAL,17.0,20.0,-7.5,42.0,37.0,0,Brad Allen,AF,loss,-10.5,under
2022_02_HOU_DEN,2022,REG,2,2022-09-18,HOU,DEN,9.0,16.0,10.5,46.0,25.0,0,Carl Cheffers,HF,loss,-3.5,under
2022_02_IND_JAX,2022,REG,2,2022-09-18,IND,JAX,0.0,24.0,-3.0,43.5,24.0,1,Alex Kemp,AF,loss,-27.0,under
2022_02_LAC_KC,2022,REG,2,2022-09-15,LAC,KC,24.0,27.0,4.0,52.5,51.0,1,John Hussey,HF,loss,-1.0,under
2022_02_MIA_BAL,2022,REG,2,2022-09-18,MIA,BAL,42.0,38.0,3.0,44.0,80.0,0,Adrian Hill,HF,loss,-7.0,over
2022_02_MIN_PHI,2022,REG,2,2022-09-19,MIN,PHI,7.0,24.0,2.5,49.5,31.0,0,Scott Novak,HF,win,14.5,under
2022_02_NE_PIT,2022,REG,2,2022-09-18,NE,PIT,17.0,14.0,-3.0,40.0,31.0,0,Land Clark,AF,push,0.0,under
2022_02_NYJ_CLE,2022,REG,2,2022-09-18,NYJ,CLE,31.0,30.0,6.5,38.5,61.0,0,Tra Blake,HF,loss,-7.5,over
2022_02_SEA_SF,2022,REG,2,2022-09-18,SEA,SF,7.0,27.0,8.5,40.0,34.0,1,Brad Rogers,HF,win,11.5,under
2022_02_TB_NO,2022,REG,2,2022-09-18,TB,NO,20.0,10.0,-2.5,44.0,30.0,1,Shawn Hochuli,AF,win,7.5,under
2022_02_TEN_BUF,2022,REG,2,2022-09-19,TEN,BUF,7.0,41.0,10.0,47.5,48.0,0,Shawn Smith,HF,win,24.0,over
2022_02_WAS_DET,2022,REG,2,2022-09-18,WAS,DET,27.0,36.0,-1.0,48.5,63.0,0,Bill Vinovich,AF,loss,-10.0,over
2022_03_ATL_SEA,2022,REG,3,2022-09-25,ATL,SEA,27.0,23.0,1.0,43.0,50.0,0,Tra Blake,HF,loss,-5.0,over
2022_03_BAL_NE,2022,REG,3,2022-09-25,BAL,NE,37.0,26.0,-2.5,45.5,63.0,0,Bill Vinovich,AF,win,8.5,over
2022_03_BUF_MIA,2022,REG,3,2022-09-25,BUF,MIA,19.0,21.0,-4.0,54.0,40.0,1,Alex Kemp,AF,loss,-6.0,under
2022_03_CIN_NYJ,2022,REG,3,2022-09-25,CIN,NYJ,27.0,12.0,-6.5,46.0,39.0,0,Jerome Boger,AF,win,8.5,under
2022_03_DAL_NYG,2022,REG,3,2022-09-26,DAL,NYG,23.0,16.0,1.0,38.5,39.0,1,Land Clark,HF,loss,-8.0,over
2022_03_DET_MIN,2022,REG,3,2022-09-25,DET,MIN,24.0,28.0,6.5,52.0,52.0,1,John Hussey,HF,loss,-2.5,push
2022_03_GB_TB,2022,REG,3,2022-09-25,GB,TB,14.0,12.0,1.0,41.5,26.0,0,Scott Novak,HF,loss,-3.0,under
2022_03_HOU_CHI,2022,REG,3,2022-09-25,HOU,CHI,20.0,23.0,3.0,40.0,43.0,0,Clete Blakeman,HF,push,0.0,over
2022_03_JAX_LAC,2022,REG,3,2022-09-25,JAX,LAC,38.0,10.0,6.5,46.0,48.0,0,Craig Wrolstad,HF,loss,-34.5,over
2022_03_KC_IND,2022,REG,3,2022-09-25,KC,IND,17.0,20.0,-4.5,51.0,37.0,0,Shawn Smith,AF,loss,-7.5,under
2022_03_LA_ARI,2022,REG,3,2022-09-25,LA,ARI,20.0,12.0,-3.5,49.0,32.0,1,Adrian Hill,AF,win,4.5,under
2022_03_LV_TEN,2022,REG,3,2022-09-25,LV,TEN,22.0,24.0,-1.5,45.5,46.0,0,Brad Rogers,AF,loss,-3.5,over
2022_03_NO_CAR,2022,REG,3,2022-09-25,NO,CAR,14.0,22.0,-2.0,41.0,36.0,1,Carl Cheffers,AF,loss,-10.0,under
2022_03_PHI_WAS,2022,REG,3,2022-09-25,PHI,WAS,24.0,8.0,-6.0,47.0,32.0,1,Ron Torbert,AF,win,10.0,under
2022_03_PIT_CLE,2022,REG,3,2022-09-22,PIT,CLE,17.0,29.0,4.5,38.0,46.0,1,Clay Martin,HF,win,7.5,over
2022_03_SF_DEN,2022,REG,3,2022-09-25,SF,DEN,10.0,11.0,-1.0,44.0,21.0,0,Shawn Hochuli,AF,loss,-2.0,under
2022_04_ARI_CAR,2022,REG,4,2022-10-02,ARI,CAR,26.0,16.0,1.0,44.0,42.0,0,John Hussey,HF,loss,-11.0,under
2022_04_BUF_BAL,2022,REG,4,2022-10-02,BUF,BAL,23.0,20.0,-3.0,50.0,43.0,0,Jerome Boger,AF,push,0.0,under
2022_04_CHI_NYG,2022,REG,4,2022-10-02,CHI,NYG,12.0,20.0,3.0,39.0,32.0,0,Carl Cheffers,HF,win,5.0,under
2022_04_CLE_ATL,2022,REG,4,2022-10-02,CLE,ATL,20.0,23.0,-1.0,48.0,43.0,0,Craig Wrolstad,AF,loss,-4.0,under
2022_04_DEN_LV,2022,REG,4,2022-10-02,DEN,LV,23.0,32.0,2.5,45.5,55.0,1,Land Clark,HF,win,6.5,over
2022_04_JAX_PHI,2022,REG,4,2022-10-02,JAX,PHI,21.0,29.0,6.5,44.0,50.0,0,Shawn Hochuli,HF,win,1.5,over
2022_04_KC_TB,2022,REG,4,2022-10-02,KC,TB,41.0,31.0,1.0,46.5,72.0,0,Bill Vinovich,HF,loss,-11.0,over
2022_04_LAC_HOU,2022,REG,4,2022-10-02,LAC,HOU,34.0,24.0,-5.5,45.0,58.0,0,Alex Kemp,AF,win,4.5,over
2022_04_LA_SF,2022,REG,4,2022-10-03,LA,SF,9.0,24.0,1.0,42.0,33.0,1,Brad Allen,HF,win,14.0,under
2022_04_MIA_CIN,2022,REG,4,2022-09-29,MIA,CIN,15.0,27.0,4.0,48.5,42.0,0,Tra Blake,HF,win,8.0,under
2022_04_MIN_NO,2022,REG,4,2022-10-02,MIN,NO,28.0,25.0,-4.0,42.0,53.0,0,Clete Blakeman,AF,loss,-1.0,over
2022_04_NE_GB,2022,REG,4,2022-10-02,NE,GB,24.0,27.0,10.0,40.5,51.0,0,Adrian Hill,HF,loss,-7.0,over
2022_04_NYJ_PIT,2022,REG,4,2022-10-02,NYJ,PIT,24.0,20.0,3.0,41.0,44.0,0,Brad Rogers,HF,loss,-7.0,over
2022_04_SEA_DET,2022,REG,4,2022-10-02,SEA,DET,48.0,45.0,3.0,48.5,93.0,0,Clay Martin,HF,loss,-6.0,over
2022_04_TEN_IND,2022,REG,4,2022-10-02,TEN,IND,24.0,17.0,4.5,43.0,41.0,1,Scott Novak,HF,loss,-11.5,under
2022_04_WAS_DAL,2022,REG,4,2022-10-02,WAS,DAL,10.0,25.0,3.0,40.5,35.0,1,Shawn Smith,HF,win,12.0,under
2022_05_ATL_TB,2022,REG,5,2022-10-09,ATL,TB,15.0,21.0,10.5,46.0,36.0,1,Jerome Boger,HF,loss,-4.5,under
2022_05_CHI_MIN,2022,REG,5,2022-10-09,CHI,MIN,22.0,29.0,10.0,44.0,51.0,1,Shawn Hochuli,HF,loss,-3.0,over
2022_05_CIN_BAL,2022,REG,5,2022-10-09,CIN,BAL,17.0,19.0,3.0,47.5,36.0,1,Scott Novak,HF,loss,-1.0,under
2022_05_DAL_LA,2022,REG,5,2022-10-09,DAL,LA,22.0,10.0,5.5,42.0,32.0,0,Bill Vinovich,HF,loss,-17.5,under
2022_05_DET_NE,2022,REG,5,2022-10-09,DET,NE,0.0,29.0,3.0,46.5,29.0,0,Craig Wrolstad,HF,win,26.0,under
2022_05_HOU_JAX,2022,REG,5,2022-10-09,HOU,JAX,13.0,6.0,7.0,44.0,19.0,1,Ron Torbert,HF,loss,-14.0,under
2022_05_IND_DEN,2022,REG,5,2022-10-06,IND,DEN,12.0,9.0,3.5,42.0,21.0,0,Brad Rogers,HF,loss,-6.5,under
2022_05_LAC_CLE,2022,REG,5,2022-10-09,LAC,CLE,30.0,28.0,-1.0,47.0,58.0,0,Adrian Hill,AF,win,1.0,over
2022_05_LV_KC,2022,REG,5,2022-10-10,LV,KC,29.0,30.0,7.5,51.5,59.0,1,Carl Cheffers,HF,loss,-6.5,over
2022_05_MIA_NYJ,2022,REG,5,2022-10-09,MIA,NYJ,17.0,40.0,-3.0,46.0,57.0,1,Clay Martin,AF,loss,-26.0,over
2022_05_NYG_GB,2022,REG,5,2022-10-09,NYG,GB,27.0,22.0,8.5,42.0,49.0,0,Alex Kemp,HF,loss,-13.5,over
2022_05_PHI_ARI,2022,REG,5,2022-10-09,PHI,ARI,20.0,17.0,-5.5,48.5,37.0,0,Tra Blake,AF,loss,-2.5,under
2022_05_PIT_BUF,2022,REG,5,2022-10-09,PIT,BUF,3.0,38.0,14.0,44.0,41.0,0,John Hussey,HF,win,21.0,under
2022_05_SEA_NO,2022,REG,5,2022-10-09,SEA,NO,32.0,39.0,5.5,45.5,71.0,0,Brad Allen,HF,win,1.5,over
2022_05_SF_CAR,2022,REG,5,2022-10-09,SF,CAR,37.0,15.0,-6.0,40.0,52.0,0,Shawn Smith,AF,win,16.0,over
2022_05_TEN_WAS,2022,REG,5,2022-10-09,TEN,WAS,21.0,17.0,-1.0,43.0,38.0,0,Land Clark,AF,win,3.0,under
2022_06_ARI_SEA,2022,REG,6,2022-10-16,ARI,SEA,9.0,19.0,-2.5,50.0,28.0,1,Shawn Hochuli,AF,loss,-12.5,under
2022_06_BAL_NYG,2022,REG,6,2022-10-16,BAL,NYG,20.0,24.0,-5.5,46.0,44.0,0,Clay Martin,AF,loss,-9.5,under
2022_06_BUF_KC,2022,REG,6,2022-10-16,BUF,KC,24.0,20.0,-2.5,54.0,44.0,0,Brad Allen,AF,win,1.5,under
2022_06_CAR_LA,2022,REG,6,2022-10-16,CAR,LA,10.0,24.0,10.0,41.5,34.0,0,Tra Blake,HF,win,4.0,under
2022_06_CIN_NO,2022,REG,6,2022-10-16,CIN,NO,30.0,26.0,-3.0,42.5,56.0,0,Land Clark,AF,win,1.0,over
2022_06_DAL_PHI,2022,REG,6,2022-10-16,DAL,PHI,17.0,26.0,6.5,42.5,43.0,1,John Hussey,HF,win,2.5,over
2022_06_DEN_LAC,2022,REG,6,2022-10-17,DEN,LAC,16.0,19.0,3.5,45.5,35.0,1,Ron Torbert,HF,loss,-0.5,under
2022_06_JAX_IND,2022,REG,6,2022-10-16,JAX,IND,27.0,34.0,1.0,41.0,61.0,1,Jerome Boger,HF,win,6.0,over
2022_06_MIN_MIA,2022,REG,6,2022-10-16,MIN,MIA,24.0,16.0,-3.0,45.0,40.0,0,Brad Rogers,AF,win,5.0,under
2022_06_NE_CLE,2022,REG,6,2022-10-16,NE,CLE,38.0,15.0,2.5,43.0,53.0,0,Scott Novak,HF,loss,-25.5,over
2022_06_NYJ_GB,2022,REG,6,2022-10-16,NYJ,GB,27.0,10.0,7.5,44.5,37.0,0,Clete Blakeman,HF,loss,-24.5,under
2022_06_SF_ATL,2022,REG,6,2022-10-16,SF,ATL,14.0,28.0,-3.5,46.0,42.0,0,Carl Cheffers,AF,loss,-17.5,under
2022_06_TB_PIT,2022,REG,6,2022-10-16,TB,PIT,18.0,20.0,-10.0,47.0,38.0,0,Shawn Smith,AF,loss,-12.0,under
2022_06_WAS_CHI,2022,REG,6,2022-10-13,WAS,CHI,12.0,7.0,-1.0,38.5,19.0,0,Adrian Hill,AF,win,4.0,under
2022_07_ATL_CIN,2022,REG,7,2022-10-23,ATL,CIN,17.0,35.0,6.5,47.5,52.0,0,Clete Blakeman,HF,win,11.5,over
2022_07_CHI_NE,2022,REG,7,2022-10-24,CHI,NE,33.0,14.0,9.5,40.0,47.0,0,Brad Allen,HF,loss,-28.5,over
2022_07_CLE_BAL,2022,REG,7,2022-10-23,CLE,BAL,20.0,23.0,6.5,46.0,43.0,1,Shawn Smith,HF,loss,-3.5,under
2022_07_DET_DAL,2022,REG,7,2022-10-23,DET,DAL,6.0,24.0,7.0,49.5,30.0,0,Adrian Hill,HF,win,11.0,under
2022_07_GB_WAS,2022,REG,7,2022-10-23,GB,WAS,21.0,23.0,-4.0,41.5,44.0,0,Clay Martin,AF,loss,-6.0,over
2022_07_HOU_LV,2022,REG,7,2022-10-23,HOU,LV,20.0,38.0,7.0,46.0,58.0,0,John Hussey,HF,win,11.0,over
2022_07_IND_TEN,2022,REG,7,2022-10-23,IND,TEN,10.0,19.0,2.5,43.0,29.0,1,Ron Torbert,HF,win,6.5,under
2022_07_KC_SF,2022,REG,7,2022-10-23,KC,SF,44.0,23.0,-1.0,49.0,67.0,0,Alex Kemp,AF,win,20.0,over
2022_07_NO_ARI,2022,REG,7,2022-10-20,NO,ARI,34.0,42.0,2.5,44.0,76.0,0,Jerome Boger,HF,win,5.5,over
2022_07_NYG_JAX,2022,REG,7,2022-10-23,NYG,JAX,23.0,17.0,3.0,44.0,40.0,0,Tra Blake,HF,loss,-9.0,under
2022_07_NYJ_DEN,2022,REG,7,2022-10-23,NYJ,DEN,16.0,9.0,-2.0,37.0,25.0,0,Bill Vinovich,AF,win,5.0,under
2022_07_PIT_MIA,2022,REG,7,2022-10-23,PIT,MIA,10.0,16.0,7.5,44.5,26.0,0,Scott Novak,HF,loss,-1.5,under
2022_07_SEA_LAC,2022,REG,7,2022-10-23,SEA,LAC,37.0,23.0,5.5,51.5,60.0,0,Land Clark,HF,loss,-19.5,over
2022_07_TB_CAR,2022,REG,7,2022-10-23,TB,CAR,3.0,21.0,-13.0,39.5,24.0,1,Craig Wrolstad,AF,loss,-31.0,under
2022_08_ARI_MIN,2022,REG,8,2022-10-30,ARI,MIN,26.0,34.0,4.0,48.5,60.0,0,Brad Allen,HF,win,4.0,over
2022_08_BAL_TB,2022,REG,8,2022-10-27,BAL,TB,27.0,22.0,2.0,46.0,49.0,0,Carl Cheffers,HF,loss,-7.0,over
2022_08_CAR_ATL,2022,REG,8,2022-10-30,CAR,ATL,34.0,37.0,4.5,41.0,71.0,1,Shawn Hochuli,HF,loss,-1.5,over
2022_08_CHI_DAL,2022,REG,8,2022-10-30,CHI,DAL,29.0,49.0,10.5,43.0,78.0,0,Brad Rogers,HF,win,9.5,over
2022_08_CIN_CLE,2022,REG,8,2022-10-31,CIN,CLE,13.0,32.0,-3.0,45.0,45.0,1,Bill Vinovich,AF,loss,-22.0,push
2022_08_DEN_JAX,2022,REG,8,2022-10-30,DEN,JAX,21.0,17.0,1.0,41.0,38.0,0,Adrian Hill,HF,loss,-5.0,under
2022_08_GB_BUF,2022,REG,8,2022-10-30,GB,BUF,17.0,27.0,10.5,47.0,44.0,0,Ron Torbert,HF,loss,-0.5,under
2022_08_LV_NO,2022,REG,8,2022-10-30,LV,NO,0.0,24.0,-1.0,48.5,24.0,0,Scott Novak,AF,loss,-25.0,under
2022_08_MIA_DET,2022,REG,8,2022-10-30,MIA,DET,31.0,27.0,-3.5,52.0,58.0,0,Alex Kemp,AF,win,0.5,over
2022_08_NE_NYJ,2022,REG,8,2022-10-30,NE,NYJ,22.0,17.0,-3.0,40.0,39.0,1,Shawn Smith,AF,win,2.0,under
2022_08_NYG_SEA,2022,REG,8,2022-10-30,NYG,SEA,13.0,27.0,3.0,44.5,40.0,0,Jerome Boger,HF,win,11.0,under
2022_08_PIT_PHI,2022,REG,8,2022-10-30,PIT,PHI,13.0,35.0,11.0,43.0,48.0,0,Clete Blakeman,HF,win,11.0,over
2022_08_SF_LA,2022,REG,8,2022-10-30,SF,LA,31.0,14.0,-1.0,42.0,45.0,1,John Hussey,AF,win,16.0,over
2022_08_TEN_HOU,2022,REG,8,2022-10-30,TEN,HOU,17.0,10.0,-1.0,39.0,27.0,1,Clay Martin,AF,win,6.0,under
2022_08_WAS_IND,2022,REG,8,2022-10-30,WAS,IND,17.0,16.0,3.0,40.5,33.0,0,Craig Wrolstad,HF,loss,-4.0,under
2022_09_BAL_NO,2022,REG,9,2022-11-07,BAL,NO,27.0,13.0,-1.0,46.0,40.0,0,Brad Rogers,AF,win,13.0,under
2022_09_BUF_NYJ,2022,REG,9,2022-11-06,BUF,NYJ,17.0,20.0,-11.0,46.0,37.0,1,Land Clark,AF,loss,-14.0,under
2022_09_CAR_CIN,2022,REG,9,2022-11-06,CAR,CIN,21.0,42.0,7.0,43.0,63.0,0,Alex Kemp,HF,win,14.0,over
2022_09_GB_DET,2022,REG,9,2022-11-06,GB,DET,9.0,15.0,-4.0,49.5,24.0,1,Tra Blake,AF,loss,-10.0,under
2022_09_IND_NE,2022,REG,9,2022-11-06,IND,NE,3.0,26.0,5.0,40.0,29.0,0,Clay Martin,HF,win,18.0,under
2022_09_LAC_ATL,2022,REG,9,2022-11-06,LAC,ATL,20.0,17.0,-2.5,49.5,37.0,0,John Hussey,AF,win,0.5,under
2022_09_LA_TB,2022,REG,9,2022-11-06,LA,TB,13.0,16.0,3.0,43.0,29.0,0,Shawn Hochuli,HF,push,0.0,under
2022_09_LV_JAX,2022,REG,9,2022-11-06,LV,JAX,20.0,27.0,-2.5,47.5,47.0,0,Bill Vinovich,AF,loss,-9.5,under
2022_09_MIA_CHI,2022,REG,9,2022-11-06,MIA,CHI,35.0,32.0,-4.0,46.0,67.0,0,Ron Torbert,AF,loss,-1.0,over
2022_09_MIN_WAS,2022,REG,9,2022-11-06,MIN,WAS,20.0,17.0,-3.0,43.5,37.0,0,Jerome Boger,AF,push,0.0,under
2022_09_PHI_HOU,2022,REG,9,2022-11-03,PHI,HOU,29.0,17.0,-14.0,45.5,46.0,0,Craig Wrolstad,AF,loss,-2.0,over
2022_09_SEA_ARI,2022,REG,9,2022-11-06,SEA,ARI,31.0,21.0,1.5,49.5,52.0,1,Carl Cheffers,HF,loss,-11.5,over
2022_09_TEN_KC,2022,REG,9,2022-11-06,TEN,KC,17.0,20.0,14.0,45.0,37.0,0,Clete Blakeman,HF,loss,-11.0,under
2022_10_ARI_LA,2022,REG,10,2022-11-13,ARI,LA,27.0,17.0,3.5,38.0,44.0,1,Clete Blakeman,HF,loss,-13.5,over
2022_10_ATL_CAR,2022,REG,10,2022-11-10,ATL,CAR,15.0,25.0,-2.5,41.5,40.0,1,Adrian Hill,AF,loss,-12.5,under
2022_10_CLE_MIA,2022,REG,10,2022-11-13,CLE,MIA,17.0,39.0,3.0,49.0,56.0,0,Shawn Hochuli,HF,win,19.0,over
2022_10_DAL_GB,2022,REG,10,2022-11-13,DAL,GB,28.0,31.0,-3.5,44.5,59.0,0,Brad Allen,AF,loss,-6.5,over
2022_10_DEN_TEN,2022,REG,10,2022-11-13,DEN,TEN,10.0,17.0,2.5,40.0,27.0,0,Scott Novak,HF,win,4.5,under
2022_10_DET_CHI,2022,REG,10,2022-11-13,DET,CHI,31.0,30.0,3.0,48.5,61.0,1,Land Clark,HF,loss,-4.0,over
2022_10_HOU_NYG,2022,REG,10,2022-11-13,HOU,NYG,16.0,24.0,5.5,41.5,40.0,0,Bill Vinovich,HF,win,2.5,under
2022_10_IND_LV,2022,REG,10,2022-11-13,IND,LV,25.0,20.0,4.5,41.0,45.0,0,Tra Blake,HF,loss,-9.5,over
2022_10_JAX_KC,2022,REG,10,2022-11-13,JAX,KC,17.0,27.0,10.0,51.5,44.0,0,Brad Rogers,HF,push,0.0,under
2022_10_LAC_SF,2022,REG,10,2022-11-13,LAC,SF,16.0,22.0,8.5,45.5,38.0,0,Shawn Smith,HF,loss,-2.5,under
2022_10_MIN_BUF,2022,REG,10,2022-11-13,MIN,BUF,33.0,30.0,6.5,47.0,63.0,0,Craig Wrolstad,HF,loss,-9.5,over
2022_10_NO_PIT,2022,REG,10,2022-11-13,NO,PIT,10.0,20.0,1.0,39.5,30.0,0,Carl Cheffers,HF,win,9.0,under
2022_10_SEA_TB,2022,REG,10,2022-11-13,SEA,TB,16.0,21.0,2.5,45.0,37.0,0,John Hussey,HF,win,2.5,under
2022_10_WAS_PHI,2022,REG,10,2022-11-14,WAS,PHI,32.0,21.0,11.0,43.0,53.0,1,Alex Kemp,HF,loss,-22.0,over
2022_11_CAR_BAL,2022,REG,11,2022-11-20,CAR,BAL,3.0,13.0,13.0,42.0,16.0,0,Jerome Boger,HF,loss,-3.0,under
2022_11_CHI_ATL,2022,REG,11,2022-11-20,CHI,ATL,24.0,27.0,3.0,48.5,51.0,0,Tra Blake,HF,push,0.0,over
2022_11_CIN_PIT,2022,REG,11,2022-11-20,CIN,PIT,37.0,30.0,-3.5,39.0,67.0,1,Brad Allen,AF,win,3.5,over
2022_11_CLE_BUF,2022,REG,11,2022-11-20,CLE,BUF,23.0,31.0,7.5,50.5,54.0,0,Adrian Hill,HF,win,0.5,over
2022_11_DAL_MIN,2022,REG,11,2022-11-20,DAL,MIN,40.0,3.0,-1.5,48.5,43.0,0,Clay Martin,AF,win,35.5,under
2022_11_DET_NYG,2022,REG,11,2022-11-20,DET,NYG,31.0,18.0,3.0,44.0,49.0,0,Brad Rogers,HF,loss,-16.0,over
2022_11_KC_LAC,2022,REG,11,2022-11-20,KC,LAC,30.0,27.0,-5.5,52.5,57.0,1,Shawn Hochuli,AF,loss,-2.5,over
2022_11_LA_NO,2022,REG,11,2022-11-20,LA,NO,20.0,27.0,2.5,39.5,47.0,0,Ron Torbert,HF,win,4.5,over
2022_11_LV_DEN,2022,REG,11,2022-11-20,LV,DEN,22.0,16.0,2.5,41.5,38.0,1,Shawn Smith,HF,loss,-8.5,under
2022_11_NYJ_NE,2022,REG,11,2022-11-20,NYJ,NE,3.0,10.0,3.5,38.5,13.0,1,Carl Cheffers,HF,win,3.5,under
2022_11_PHI_IND,2022,REG,11,2022-11-20,PHI,IND,17.0,16.0,-6.5,45.5,33.0,0,Land Clark,AF,loss,-5.5,under
2022_11_SF_ARI,2022,REG,11,2022-11-21,SF,ARI,38.0,10.0,-10.0,43.5,48.0,1,Craig Wrolstad,AF,win,18.0,over
2022_11_TEN_GB,2022,REG,11,2022-11-17,TEN,GB,27.0,17.0,3.0,40.5,44.0,0,Bill Vinovich,HF,loss,-13.0,over
2022_11_WAS_HOU,2022,REG,11,2022-11-20,WAS,HOU,23.0,10.0,-3.0,41.0,33.0,0,Scott Novak,AF,win,10.0,under
2022_12_ATL_WAS,2022,REG,12,2022-11-27,ATL,WAS,13.0,19.0,3.5,40.5,32.0,0,Brad Rogers,HF,win,2.5,under
2022_12_BAL_JAX,2022,REG,12,2022-11-27,BAL,JAX,27.0,28.0,-3.5,43.0,55.0,0,Land Clark,AF,loss,-4.5,over
2022_12_BUF_DET,2022,REG,12,2022-11-24,BUF,DET,28.0,25.0,-10.0,54.0,53.0,0,Clete Blakeman,AF,loss,-7.0,under
2022_12_CHI_NYJ,2022,REG,12,2022-11-27,CHI,NYJ,10.0,31.0,8.5,36.5,41.0,0,John Hussey,HF,win,12.5,over
2022_12_CIN_TEN,2022,REG,12,2022-11-27,CIN,TEN,20.0,16.0,-1.0,43.0,36.0,0,Carl Cheffers,AF,win,3.0,under
2022_12_DEN_CAR,2022,REG,12,2022-11-27,DEN,CAR,10.0,23.0,-1.0,36.5,33.0,0,Clay Martin,AF,loss,-14.0,under
2022_12_GB_PHI,2022,REG,12,2022-11-27,GB,PHI,33.0,40.0,6.5,46.0,73.0,0,Shawn Smith,HF,win,0.5,over
2022_12_HOU_MIA,2022,REG,12,2022-11-27,HOU,MIA,15.0,30.0,14.0,47.0,45.0,0,Jerome Boger,HF,win,1.0,under
2022_12_LAC_ARI,2022,REG,12,2022-11-27,LAC,ARI,25.0,24.0,-2.5,48.5,49.0,0,Ron Torbert,AF,loss,-1.5,over
2022_12_LA_KC,2022,REG,12,2022-11-27,LA,KC,10.0,26.0,16.5,42.0,36.0,0,Adrian Hill,HF,loss,-0.5,under
2022_12_LV_SEA,2022,REG,12,2022-11-27,LV,SEA,40.0,34.0,4.0,47.5,74.0,0,Brad Allen,HF,loss,-10.0,over
2022_12_NE_MIN,2022,REG,12,2022-11-24,NE,MIN,26.0,33.0,2.5,42.5,59.0,0,Alex Kemp,HF,win,4.5,over
2022_12_NO_SF,2022,REG,12,2022-11-27,NO,SF,0.0,13.0,9.5,44.0,13.0,0,Shawn Hochuli,HF,win,3.5,under
2022_12_NYG_DAL,2022,REG,12,2022-11-24,NYG,DAL,20.0,28.0,10.5,45.5,48.0,1,Scott Novak,HF,loss,-2.5,over
2022_12_PIT_IND,2022,REG,12,2022-11-28,PIT,IND,24.0,17.0,2.5,40.0,41.0,0,Bill Vinovich,HF,loss,-9.5,over
2022_12_TB_CLE,2022,REG,12,2022-11-27,TB,CLE,17.0,23.0,-3.0,42.0,40.0,0,Tra Blake,AF,loss,-9.0,under
2022_13_BUF_NE,2022,REG,13,2022-12-01,BUF,NE,24.0,10.0,-3.5,43.5,34.0,1,Shawn Hochuli,AF,win,10.5,under
2022_13_CLE_HOU,2022,REG,13,2022-12-04,CLE,HOU,27.0,14.0,-7.5,47.0,41.0,0,Land Clark,AF,win,5.5,under
2022_13_DEN_BAL,2022,REG,13,2022-12-04,DEN,BAL,9.0,10.0,9.5,40.5,19.0,0,Alex Kemp,HF,loss,-8.5,under
2022_13_GB_CHI,2022,REG,13,2022-12-04,GB,CHI,28.0,19.0,-4.0,45.0,47.0,1,Scott Novak,AF,win,5.0,over
2022_13_IND_DAL,2022,REG,13,2022-12-04,IND,DAL,19.0,54.0,11.0,44.5,73.0,0,Carl Cheffers,HF,win,24.0,over
2022_13_JAX_DET,2022,REG,13,2022-12-04,JAX,DET,14.0,40.0,1.0,51.5,54.0,0,Jerome Boger,HF,win,25.0,over
2022_13_KC_CIN,2022,REG,13,2022-12-04,KC,CIN,24.0,27.0,-2.5,53.0,51.0,0,John Hussey,AF,loss,-5.5,under
2022_13_LAC_LV,2022,REG,13,2022-12-04,LAC,LV,20.0,27.0,2.5,49.0,47.0,1,Craig Wrolstad,HF,win,4.5,under
2022_13_MIA_SF,2022,REG,13,2022-12-04,MIA,SF,17.0,33.0,4.5,46.0,50.0,0,Tra Blake,HF,win,11.5,over
2022_13_NO_TB,2022,REG,13,2022-12-05,NO,TB,16.0,17.0,3.5,41.0,33.0,1,Clay Martin,HF,loss,-2.5,under
2022_13_NYJ_MIN,2022,REG,13,2022-12-04,NYJ,MIN,22.0,27.0,3.0,44.0,49.0,0,Clete Blakeman,HF,win,2.0,over
2022_13_PIT_ATL,2022,REG,13,2022-12-04,PIT,ATL,19.0,16.0,-1.0,43.0,35.0,0,Ron Torbert,AF,win,2.0,under
2022_13_SEA_LA,2022,REG,13,2022-12-04,SEA,LA,27.0,23.0,-7.0,41.0,50.0,1,Shawn Smith,AF,loss,-3.0,over
2022_13_TEN_PHI,2022,REG,13,2022-12-04,TEN,PHI,10.0,35.0,5.0,44.5,45.0,0,Adrian Hill,HF,win,20.0,over
2022_13_WAS_NYG,2022,REG,13,2022-12-04,WAS,NYG,20.0,20.0,-2.5,40.0,40.0,1,Brad Allen,AF,loss,-2.5,push
2022_14_BAL_PIT,2022,REG,14,2022-12-11,BAL,PIT,16.0,14.0,1.5,37.0,30.0,1,Adrian Hill,HF,loss,-3.5,under
2022_14_CAR_SEA,2022,REG,14,2022-12-11,CAR,SEA,30.0,24.0,3.5,44.5,54.0,0,Bill Vinovich,HF,loss,-9.5,over
2022_14_CLE_CIN,2022,REG,14,2022-12-11,CLE,CIN,10.0,23.0,4.5,47.0,33.0,1,Jerome Boger,HF,win,8.5,under
2022_14_HOU_DAL,2022,REG,14,2022-12-11,HOU,DAL,23.0,27.0,17.0,44.5,50.0,0,John Hussey,HF,loss,-13.0,over
2022_14_JAX_TEN,2022,REG,14,2022-12-11,JAX,TEN,36.0,22.0,3.0,42.0,58.0,1,Clay Martin,HF,loss,-17.0,over
2022_14_KC_DEN,2022,REG,14,2022-12-11,KC,DEN,34.0,28.0,-8.5,44.5,62.0,1,Craig Wrolstad,AF,loss,-2.5,over
2022_14_LV_LA,2022,REG,14,2022-12-08,LV,LA,16.0,17.0,-6.5,42.5,33.0,0,Brad Rogers,AF,loss,-7.5,under
2022_14_MIA_LAC,2022,REG,14,2022-12-11,MIA,LAC,17.0,23.0,-3.0,54.5,40.0,0,Scott Novak,AF,loss,-9.0,under
2022_14_MIN_DET,2022,REG,14,2022-12-11,MIN,DET,23.0,34.0,2.5,51.5,57.0,1,Ron Torbert,HF,win,8.5,over
2022_14_NE_ARI,2022,REG,14,2022-12-12,NE,ARI,27.0,13.0,-2.0,44.0,40.0,0,Shawn Smith,AF,win,12.0,under
2022_14_NYJ_BUF,2022,REG,14,2022-12-11,NYJ,BUF,12.0,20.0,10.0,43.5,32.0,1,Alex Kemp,HF,loss,-2.0,under
2022_14_PHI_NYG,2022,REG,14,2022-12-11,PHI,NYG,48.0,22.0,-7.5,44.5,70.0,1,Clete Blakeman,AF,win,18.5,over
2022_14_TB_SF,2022,REG,14,2022-12-11,TB,SF,7.0,35.0,3.5,38.0,42.0,0,Brad Allen,HF,win,24.5,over
2022_15_ARI_DEN,2022,REG,15,2022-12-18,ARI,DEN,15.0,24.0,1.5,37.5,39.0,0,Jerome Boger,HF,win,7.5,over
2022_15_ATL_NO,2022,REG,15,2022-12-18,ATL,NO,18.0,21.0,5.0,43.5,39.0,1,Clete Blakeman,HF,loss,-2.0,under
2022_15_BAL_CLE,2022,REG,15,2022-12-17,BAL,CLE,3.0,13.0,2.5,39.5,16.0,1,Brad Allen,HF,win,7.5,under
2022_15_CIN_TB,2022,REG,15,2022-12-18,CIN,TB,34.0,23.0,-3.5,47.0,57.0,0,Adrian Hill,AF,win,7.5,over
2022_15_DAL_JAX,2022,REG,15,2022-12-18,DAL,JAX,34.0,40.0,-4.0,48.5,74.0,0,Shawn Smith,AF,loss,-10.0,over
2022_15_DET_NYJ,2022,REG,15,2022-12-18,DET,NYJ,20.0,17.0,2.0,44.0,37.0,0,Craig Wrolstad,HF,loss,-5.0,under
2022_15_IND_MIN,2022,REG,15,2022-12-17,IND,MIN,36.0,39.0,3.5,46.5,75.0,0,Tra Blake,HF,loss,-0.5,over
2022_15_KC_HOU,2022,REG,15,2022-12-18,KC,HOU,30.0,24.0,-14.5,48.5,54.0,0,Carl Cheffers,AF,loss,-8.5,over
2022_15_LA_GB,2022,REG,15,2022-12-19,LA,GB,12.0,24.0,8.0,39.5,36.0,0,Shawn Hochuli,HF,win,4.0,under
2022_15_MIA_BUF,2022,REG,15,2022-12-17,MIA,BUF,29.0,32.0,7.0,44.0,61.0,1,Bill Vinovich,HF,loss,-4.0,over
2022_15_NE_LV,2022,REG,15,2022-12-18,NE,LV,24.0,30.0,1.0,45.0,54.0,0,Ron Torbert,HF,win,5.0,over
2022_15_NYG_WAS,2022,REG,15,2022-12-18,NYG,WAS,20.0,12.0,4.5,40.5,32.0,1,John Hussey,HF,loss,-12.5,under
2022_15_PHI_CHI,2022,REG,15,2022-12-18,PHI,CHI,25.0,20.0,-8.5,48.0,45.0,0,Brad Rogers,AF,loss,-3.5,under
2022_15_PIT_CAR,2022,REG,15,2022-12-18,PIT,CAR,24.0,16.0,2.5,36.5,40.0,0,Scott Novak,HF,loss,-10.5,over
2022_15_SF_SEA,2022,REG,15,2022-12-15,SF,SEA,21.0,13.0,-3.0,43.0,34.0,1,Alex Kemp,AF,win,5.0,under
2022_15_TEN_LAC,2022,REG,15,2022-12-18,TEN,LAC,14.0,17.0,3.0,46.5,31.0,0,Land Clark,HF,push,0.0,under
2022_16_ATL_BAL,2022,REG,16,2022-12-24,ATL,BAL,9.0,17.0,6.5,35.0,26.0,0,Bill Vinovich,HF,win,1.5,under
2022_16_BUF_CHI,2022,REG,16,2022-12-24,BUF,CHI,35.0,13.0,-8.0,40.0,48.0,0,Carl Cheffers,AF,win,14.0,over
2022_16_CIN_NE,2022,REG,16,2022-12-24,CIN,NE,22.0,18.0,-3.0,42.0,40.0,0,Craig Wrolstad,AF,win,1.0,under
2022_16_DEN_LA,2022,REG,16,2022-12-25,DEN,LA,14.0,51.0,-3.0,36.5,65.0,0,Ron Torbert,AF,loss,-40.0,over
2022_16_DET_CAR,2022,REG,16,2022-12-24,DET,CAR,23.0,37.0,-2.5,43.5,60.0,0,Shawn Hochuli,AF,loss,-16.5,over
2022_16_GB_MIA,2022,REG,16,2022-12-25,GB,MIA,26.0,20.0,3.5,49.0,46.0,0,Land Clark,HF,loss,-9.5,under
2022_16_HOU_TEN,2022,REG,16,2022-12-24,HOU,TEN,19.0,14.0,3.0,34.0,33.0,1,Shawn Smith,HF,loss,-8.0,under
2022_16_JAX_NYJ,2022,REG,16,2022-12-22,JAX,NYJ,19.0,3.0,2.5,36.5,22.0,0,Brad Allen,HF,loss,-18.5,under
2022_16_LAC_IND,2022,REG,16,2022-12-26,LAC,IND,20.0,3.0,-3.5,44.5,23.0,0,Clay Martin,AF,win,13.5,under
2022_16_LV_PIT,2022,REG,16,2022-12-24,LV,PIT,10.0,13.0,2.5,38.5,23.0,0,Tra Blake,HF,win,0.5,under
2022_16_NO_CLE,2022,REG,16,2022-12-24,NO,CLE,17.0,10.0,3.0,32.0,27.0,0,Brad Rogers,HF,loss,-10.0,under
2022_16_NYG_MIN,2022,REG,16,2022-12-24,NYG,MIN,24.0,27.0,4.5,48.0,51.0,0,Adrian Hill,HF,loss,-1.5,over
2022_16_PHI_DAL,2022,REG,16,2022-12-24,PHI,DAL,34.0,40.0,4.0,48.0,74.0,1,Alex Kemp,HF,win,2.0,over
2022_16_SEA_KC,2022,REG,16,2022-12-24,SEA,KC,10.0,24.0,10.5,50.5,34.0,0,Clete Blakeman,HF,win,3.5,under
2022_16_TB_ARI,2022,REG,16,2022-12-25,TB,ARI,19.0,16.0,-7.5,41.5,35.0,0,John Hussey,AF,loss,-4.5,under
2022_16_WAS_SF,2022,REG,16,2022-12-24,WAS,SF,20.0,37.0,6.5,37.5,57.0,0,Jerome Boger,HF,win,10.5,over
2022_17_ARI_ATL,2022,REG,17,2023-01-01,ARI,ATL,19.0,20.0,7.0,41.0,39.0,0,Alex Kemp,HF,loss,-6.0,under
2022_17_CAR_TB,2022,REG,17,2023-01-01,CAR,TB,24.0,30.0,3.5,40.5,54.0,1,Brad Rogers,HF,win,2.5,over
2022_17_CHI_DET,2022,REG,17,2023-01-01,CHI,DET,10.0,41.0,4.5,52.5,51.0,1,Adrian Hill,HF,win,26.5,under
2022_17_CLE_WAS,2022,REG,17,2023-01-01,CLE,WAS,24.0,10.0,1.0,41.5,34.0,0,Bill Vinovich,HF,loss,-15.0,under
2022_17_DAL_TEN,2022,REG,17,2022-12-29,DAL,TEN,27.0,13.0,-14.0,41.0,40.0,0,Shawn Hochuli,AF,push,0.0,under
2022_17_DEN_KC,2022,REG,17,2023-01-01,DEN,KC,24.0,27.0,13.5,46.0,51.0,1,Tra Blake,HF,loss,-10.5,over
2022_17_IND_NYG,2022,REG,17,2023-01-01,IND,NYG,10.0,38.0,5.5,38.5,48.0,0,Craig Wrolstad,HF,win,22.5,over
2022_17_JAX_HOU,2022,REG,17,2023-01-01,JAX,HOU,31.0,3.0,-3.5,43.0,34.0,1,Scott Novak,AF,win,24.5,under
2022_17_LA_LAC,2022,REG,17,2023-01-01,LA,LAC,10.0,31.0,6.5,41.5,41.0,0,Clete Blakeman,HF,win,14.5,under
2022_17_MIA_NE,2022,REG,17,2023-01-01,MIA,NE,21.0,23.0,3.0,41.5,44.0,1,Brad Allen,HF,loss,-1.0,over
2022_17_MIN_GB,2022,REG,17,2023-01-01,MIN,GB,17.0,41.0,3.0,47.5,58.0,1,Carl Cheffers,HF,win,21.0,over
2022_17_NO_PHI,2022,REG,17,2023-01-01,NO,PHI,20.0,10.0,5.5,41.5,30.0,0,Jerome Boger,HF,loss,-15.5,under
2022_17_NYJ_SEA,2022,REG,17,2023-01-01,NYJ,SEA,6.0,23.0,-1.0,43.0,29.0,0,Ron Torbert,AF,loss,-18.0,under
2022_17_PIT_BAL,2022,REG,17,2023-01-01,PIT,BAL,16.0,13.0,1.0,35.5,29.0,1,Land Clark,HF,loss,-4.0,under
2022_17_SF_LV,2022,REG,17,2023-01-01,SF,LV,37.0,34.0,-10.0,41.5,71.0,0,Clay Martin,AF,loss,-7.0,over
2022_18_ARI_SF,2022,REG,18,2023-01-08,ARI,SF,13.0,38.0,14.0,40.0,51.0,1,Adrian Hill,HF,win,11.0,over
2022_18_BAL_CIN,2022,REG,18,2023-01-08,BAL,CIN,16.0,27.0,11.0,39.0,43.0,1,Ron Torbert,HF,push,0.0,over
2022_18_CAR_NO,2022,REG,18,2023-01-08,CAR,NO,10.0,7.0,3.5,41.5,17.0,1,Alex Kemp,HF,loss,-6.5,under
2022_18_CLE_PIT,2022,REG,18,2023-01-08,CLE,PIT,14.0,28.0,2.5,40.0,42.0,1,Clete Blakeman,HF,win,11.5,over
2022_18_DAL_WAS,2022,REG,18,2023-01-08,DAL,WAS,6.0,26.0,-7.5,40.5,32.0,1,Tra Blake,AF,loss,-27.5,under
2022_18_DET_GB,2022,REG,18,2023-01-08,DET,GB,20.0,16.0,5.5,49.0,36.0,1,Brad Rogers,HF,loss,-9.5,under
2022_18_HOU_IND,2022,REG,18,2023-01-08,HOU,IND,32.0,31.0,3.0,38.0,63.0,1,Jerome Boger,HF,loss,-4.0,over
2022_18_KC_LV,2022,REG,18,2023-01-07,KC,LV,31.0,13.0,-9.0,51.5,44.0,1,Scott Novak,AF,win,9.0,under
2022_18_LAC_DEN,2022,REG,18,2023-01-08,LAC,DEN,28.0,31.0,6.0,38.5,59.0,1,Shawn Hochuli,HF,loss,-3.0,over
2022_18_LA_SEA,2022,REG,18,2023-01-08,LA,SEA,16.0,19.0,5.5,41.5,35.0,1,Craig Wrolstad,HF,loss,-2.5,under
2022_18_MIN_CHI,2022,REG,18,2023-01-08,MIN,CHI,29.0,13.0,-6.5,42.5,42.0,1,Brad Allen,AF,win,9.5,under
2022_18_NE_BUF,2022,REG,18,2023-01-08,NE,BUF,23.0,35.0,8.0,44.0,58.0,1,Clay Martin,HF,win,4.0,over
2022_18_NYG_PHI,2022,REG,18,2023-01-08,NYG,PHI,16.0,22.0,16.5,42.5,38.0,1,Carl Cheffers,HF,loss,-10.5,under
2022_18_NYJ_MIA,2022,REG,18,2023-01-08,NYJ,MIA,6.0,11.0,3.5,37.5,17.0,1,John Hussey,HF,win,1.5,under
2022_18_TB_ATL,2022,REG,18,2023-01-08,TB,ATL,17.0,30.0,6.0,40.5,47.0,1,Land Clark,HF,win,7.0,over
2022_18_TEN_JAX,2022,REG,18,2023-01-07,TEN,JAX,16.0,20.0,6.0,39.5,36.0,1,Bill Vinovich,HF,loss,-2.0,under
2022_19_BAL_CIN,2022,WC,19,2023-01-15,BAL,CIN,17.0,24.0,7.5,40.0,41.0,1,Clay Martin,HF,loss,-0.5,over
2022_19_DAL_TB,2022,WC,19,2023-01-16,DAL,TB,31.0,14.0,-2.5,45.5,45.0,0,Craig Wrolstad,AF,win,14.5,under
2022_19_LAC_JAX,2022,WC,19,2023-01-14,LAC,JAX,30.0,31.0,-2.0,46.5,61.0,0,Shawn Smith,AF,loss,-3.0,over
2022_19_MIA_BUF,2022,WC,19,2023-01-15,MIA,BUF,31.0,34.0,14.0,44.0,65.0,1,Brad Allen,HF,loss,-11.0,over
2022_19_NYG_MIN,2022,WC,19,2023-01-15,NYG,MIN,31.0,24.0,2.5,48.0,55.0,0,Adrian Hill,HF,loss,-9.5,over
2022_19_SEA_SF,2022,WC,19,2023-01-14,SEA,SF,23.0,41.0,10.0,42.0,64.0,1,Alex Kemp,HF,win,8.0,over
2022_20_CIN_BUF,2022,DIV,20,2023-01-22,CIN,BUF,27.0,10.0,6.0,48.5,37.0,0,Carl Cheffers,HF,loss,-23.0,under
2022_20_DAL_SF,2022,DIV,20,2023-01-22,DAL,SF,12.0,19.0,3.5,46.5,31.0,0,Bill Vinovich,HF,win,3.5,under
2022_20_JAX_KC,2022,DIV,20,2023-01-21,JAX,KC,20.0,27.0,10.0,52.5,47.0,0,Shawn Hochuli,HF,loss,-3.0,under
2022_20_NYG_PHI,2022,DIV,20,2023-01-21,NYG,PHI,7.0,38.0,8.0,48.0,45.0,1,Clete Blakeman,HF,win,23.0,under
2022_21_CIN_KC,2022,CON,21,2023-01-29,CIN,KC,20.0,23.0,2.0,48.5,43.0,0,Ron Torbert,HF,win,1.0,under
2022_21_SF_PHI,2022,CON,21,2023-01-29,SF,PHI,7.0,31.0,2.5,45.0,38.0,0,John Hussey,HF,win,21.5,under
2022_22_KC_PHI,2022,SB,22,2023-02-12,KC,PHI,38.0,35.0,1.0,51.0,73.0,0,Carl Cheffers,HF,loss,-4.0,over
2023_01_ARI_WAS,2023,REG,1,2023-09-10,ARI,WAS,16.0,20.0,7.0,38.0,36.0,0,Alan Eck,HF,loss,-3.0,under
2023_01_BUF_NYJ,2023,REG,1,2023-09-11,BUF,NYJ,16.0,22.0,-2.5,44.5,38.0,1,Carl Cheffers,AF,loss,-8.5,under
2023_01_CAR_ATL,2023,REG,1,2023-09-10,CAR,ATL,10.0,24.0,3.5,40.5,34.0,1,Brad Rogers,HF,win,10.5,under
2023_01_CIN_CLE,2023,REG,1,2023-09-10,CIN,CLE,3.0,24.0,-1.0,46.5,27.0,1,Clete Blakeman,AF,loss,-22.0,under
2023_01_DAL_NYG,2023,REG,1,2023-09-10,DAL,NYG,40.0,0.0,-3.5,44.5,40.0,1,Adrian Hill,AF,win,36.5,under
2023_01_DET_KC,2023,REG,1,2023-09-07,DET,KC,21.0,20.0,4.0,53.0,41.0,0,John Hussey,HF,loss,-5.0,under
2023_01_GB_CHI,2023,REG,1,2023-09-10,GB,CHI,38.0,20.0,1.0,41.0,58.0,1,Craig Wrolstad,HF,loss,-19.0,over
2023_01_HOU_BAL,2023,REG,1,2023-09-10,HOU,BAL,9.0,25.0,9.5,43.5,34.0,0,Tra Blake,HF,win,6.5,under
2023_01_JAX_IND,2023,REG,1,2023-09-10,JAX,IND,31.0,21.0,-4.0,45.5,52.0,1,Clay Martin,AF,win,6.0,over
2023_01_LA_SEA,2023,REG,1,2023-09-10,LA,SEA,30.0,13.0,4.5,45.0,43.0,1,Shawn Smith,HF,loss,-21.5,under
2023_01_LV_DEN,2023,REG,1,2023-09-10,LV,DEN,17.0,16.0,3.0,43.0,33.0,1,Bill Vinovich,HF,loss,-4.0,under
2023_01_MIA_LAC,2023,REG,1,2023-09-10,MIA,LAC,36.0,34.0,3.0,50.5,70.0,0,Brad Allen,HF,loss,-5.0,over
2023_01_PHI_NE,2023,REG,1,2023-09-10,PHI,NE,25.0,20.0,-3.5,44.5,45.0,0,Shawn Hochuli,AF,win,1.5,over
2023_01_SF_PIT,2023,REG,1,2023-09-10,SF,PIT,30.0,7.0,-1.5,41.5,37.0,0,Alex Kemp,AF,win,21.5,under
2023_01_TB_MIN,2023,REG,1,2023-09-10,TB,MIN,20.0,17.0,4.0,45.0,37.0,0,Scott Novak,HF,loss,-7.0,under
2023_01_TEN_NO,2023,REG,1,2023-09-10,TEN,NO,15.0,16.0,3.0,41.0,31.0,0,Ron Torbert,HF,loss,-2.0,under
2023_02_BAL_CIN,2023,REG,2,2023-09-17,BAL,CIN,27.0,24.0,3.5,45.5,51.0,1,Shawn Hochuli,HF,loss,-6.5,over
2023_02_CHI_TB,2023,REG,2,2023-09-17,CHI,TB,17.0,27.0,2.5,41.0,44.0,0,Bill Vinovich,HF,win,7.5,over
2023_02_CLE_PIT,2023,REG,2,2023-09-18,CLE,PIT,22.0,26.0,-2.5,39.0,48.0,1,Ron Torbert,AF,loss,-6.5,over
2023_02_GB_ATL,2023,REG,2,2023-09-17,GB,ATL,24.0,25.0,3.0,40.5,49.0,0,Tra Blake,HF,loss,-2.0,over
2023_02_IND_HOU,2023,REG,2,2023-09-17,IND,HOU,31.0,20.0,-1.0,40.0,51.0,1,Carl Cheffers,AF,win,10.0,over
2023_02_KC_JAX,2023,REG,2,2023-09-17,KC,JAX,17.0,9.0,-3.5,50.5,26.0,0,Adrian Hill,AF,win,4.5,under
2023_02_LAC_TEN,2023,REG,2,2023-09-17,LAC,TEN,24.0,27.0,-2.5,45.5,51.0,0,Alan Eck,AF,loss,-5.5,over
2023_02_LV_BUF,2023,REG,2,2023-09-17,LV,BUF,10.0,38.0,7.5,47.0,48.0,0,Craig Wrolstad,HF,win,20.5,over
2023_02_MIA_NE,2023,REG,2,2023-09-17,MIA,NE,24.0,17.0,-2.0,46.5,41.0,1,Shawn Smith,AF,win,5.0,under
2023_02_MIN_PHI,2023,REG,2,2023-09-14,MIN,PHI,28.0,34.0,6.0,49.0,62.0,0,Clay Martin,HF,push,0.0,over
2023_02_NO_CAR,2023,REG,2,2023-09-18,NO,CAR,20.0,17.0,-3.0,39.5,37.0,1,Scott Novak,AF,push,0.0,under
2023_02_NYG_ARI,2023,REG,2,2023-09-17,NYG,ARI,31.0,28.0,-5.0,40.0,59.0,0,Land Clark,AF,loss,-2.0,over
2023_02_NYJ_DAL,2023,REG,2,2023-09-17,NYJ,DAL,10.0,30.0,8.5,38.5,40.0,0,Clete Blakeman,HF,win,11.5,over
2023_02_SEA_DET,2023,REG,2,2023-09-17,SEA,DET,37.0,31.0,4.5,47.5,68.0,0,Alex Kemp,HF,loss,-10.5,over
2023_02_SF_LA,2023,REG,2,2023-09-17,SF,LA,30.0,23.0,-7.5,45.0,53.0,1,Brad Allen,AF,loss,-0.5,over
2023_02_WAS_DEN,2023,REG,2,2023-09-17,WAS,DEN,35.0,33.0,4.0,38.5,68.0,0,Brad Rogers,HF,loss,-6.0,over
2023_03_ATL_DET,2023,REG,3,2023-09-24,ATL,DET,6.0,20.0,3.0,47.5,26.0,0,Carl Cheffers,HF,win,11.0,under
2023_03_BUF_WAS,2023,REG,3,2023-09-24,BUF,WAS,37.0,3.0,-5.5,44.0,40.0,0,Land Clark,AF,win,28.5,under
2023_03_CAR_SEA,2023,REG,3,2023-09-24,CAR,SEA,27.0,37.0,5.0,42.5,64.0,0,Ron Torbert,HF,win,5.0,over
2023_03_CHI_KC,2023,REG,3,2023-09-24,CHI,KC,10.0,41.0,13.0,48.0,51.0,0,Alan Eck,HF,win,18.0,over
2023_03_DAL_ARI,2023,REG,3,2023-09-24,DAL,ARI,16.0,28.0,-11.5,43.5,44.0,0,Alex Kemp,AF,loss,-23.5,over
2023_03_DEN_MIA,2023,REG,3,2023-09-24,DEN,MIA,20.0,70.0,6.0,47.5,90.0,0,Clay Martin,HF,win,44.0,over
2023_03_HOU_JAX,2023,REG,3,2023-09-24,HOU,JAX,37.0,17.0,7.5,43.5,54.0,1,Scott Novak,HF,loss,-27.5,over
2023_03_IND_BAL,2023,REG,3,2023-09-24,IND,BAL,22.0,19.0,7.5,43.5,41.0,0,Clete Blakeman,HF,loss,-10.5,under
2023_03_LAC_MIN,2023,REG,3,2023-09-24,LAC,MIN,28.0,24.0,1.0,54.0,52.0,0,Shawn Smith,HF,loss,-5.0,under
2023_03_LA_CIN,2023,REG,3,2023-09-25,LA,CIN,16.0,19.0,3.0,45.5,35.0,0,John Hussey,HF,push,0.0,under
2023_03_NE_NYJ,2023,REG,3,2023-09-24,NE,NYJ,15.0,10.0,-2.5,35.5,25.0,1,Bill Vinovich,AF,win,2.5,under
2023_03_NO_GB,2023,REG,3,2023-09-24,NO,GB,17.0,18.0,-1.5,41.5,35.0,0,Brad Rogers,AF,loss,-2.5,under
2023_03_NYG_SF,2023,REG,3,2023-09-21,NYG,SF,12.0,30.0,10.5,43.5,42.0,0,Shawn Hochuli,HF,win,7.5,under
2023_03_PHI_TB,2023,REG,3,2023-09-25,PHI,TB,25.0,11.0,-6.0,44.0,36.0,0,Adrian Hill,AF,win,8.0,under
2023_03_PIT_LV,2023,REG,3,2023-09-24,PIT,LV,23.0,18.0,3.0,43.5,41.0,0,Tra Blake,HF,loss,-8.0,under
2023_03_TEN_CLE,2023,REG,3,2023-09-24,TEN,CLE,3.0,27.0,3.5,38.0,30.0,0,Craig Wrolstad,HF,win,20.5,under
2023_04_ARI_SF,2023,REG,4,2023-10-01,ARI,SF,16.0,35.0,15.0,44.0,51.0,1,Clete Blakeman,HF,win,4.0,over
2023_04_ATL_JAX,2023,REG,4,2023-10-01,ATL,JAX,7.0,23.0,3.5,42.5,30.0,0,Craig Wrolstad,HF,win,12.5,under
2023_04_BAL_CLE,2023,REG,4,2023-10-01,BAL,CLE,28.0,3.0,-2.0,38.5,31.0,1,Brad Allen,AF,win,23.0,under
2023_04_CIN_TEN,2023,REG,4,2023-10-01,CIN,TEN,3.0,27.0,-2.5,41.5,30.0,0,Shawn Smith,AF,loss,-26.5,under
2023_04_DEN_CHI,2023,REG,4,2023-10-01,DEN,CHI,31.0,28.0,-3.0,47.0,59.0,0,Carl Cheffers,AF,push,0.0,over
2023_04_DET_GB,2023,REG,4,2023-09-28,DET,GB,34.0,20.0,-2.5,45.0,54.0,1,Alan Eck,AF,win,11.5,over
2023_04_KC_NYJ,2023,REG,4,2023-10-01,KC,NYJ,23.0,20.0,-9.5,41.5,43.0,0,Alex Kemp,AF,loss,-6.5,over
2023_04_LA_IND,2023,REG,4,2023-10-01,LA,IND,29.0,23.0,-1.0,44.5,52.0,0,Land Clark,AF,win,5.0,over
2023_04_LV_LAC,2023,REG,4,2023-10-01,LV,LAC,17.0,24.0,7.0,49.0,41.0,1,John Hussey,HF,push,0.0,under
2023_04_MIA_BUF,2023,REG,4,2023-10-01,MIA,BUF,20.0,48.0,2.5,53.0,68.0,1,Adrian Hill,HF,win,25.5,over
2023_04_MIN_CAR,2023,REG,4,2023-10-01,MIN,CAR,21.0,13.0,-4.5,46.5,34.0,0,Tra Blake,AF,win,3.5,under
2023_04_NE_DAL,2023,REG,4,2023-10-01,NE,DAL,3.0,38.0,6.5,43.0,41.0,0,Scott Novak,HF,win,28.5,under
2023_04_PIT_HOU,2023,REG,4,2023-10-01,PIT,HOU,6.0,30.0,-3.0,41.5,36.0,0,Bill Vinovich,AF,loss,-27.0,under
2023_04_SEA_NYG,2023,REG,4,2023-10-02,SEA,NYG,24.0,3.0,-2.5,46.5,27.0,0,Brad Rogers,AF,win,18.5,under
2023_04_TB_NO,2023,REG,4,2023-10-01,TB,NO,26.0,9.0,4.0,41.0,35.0,1,Shawn Hochuli,HF,loss,-21.0,under
2023_04_WAS_PHI,2023,REG,4,2023-10-01,WAS,PHI,31.0,34.0,9.5,43.0,65.0,1,Ron Torbert,HF,loss,-6.5,over
2023_05_BAL_PIT,2023,REG,5,2023-10-08,BAL,PIT,10.0,17.0,-4.5,38.5,27.0,1,Carl Cheffers,AF,loss,-11.5,under
2023_05_CAR_DET,2023,REG,5,2023-10-08,CAR,DET,24.0,42.0,9.5,43.5,66.0,0,Adrian Hill,HF,win,8.5,over
2023_05_CHI_WAS,2023,REG,5,2023-10-05,CHI,WAS,40.0,20.0,6.0,45.5,60.0,0,Scott Novak,HF,loss,-26.0,over
2023_05_CIN_ARI,2023,REG,5,2023-10-08,CIN,ARI,34.0,20.0,-3.0,45.5,54.0,0,Clay Martin,AF,win,11.0,over
2023_05_DAL_SF,2023,REG,5,2023-10-08,DAL,SF,10.0,42.0,3.5,45.0,52.0,0,Alan Eck,HF,win,28.5,over
2023_05_GB_LV,2023,REG,5,2023-10-09,GB,LV,13.0,17.0,1.0,45.0,30.0,0,Alan Eck,HF,win,3.0,under
2023_05_HOU_ATL,2023,REG,5,2023-10-08,HOU,ATL,19.0,21.0,2.5,42.0,40.0,0,Shawn Hochuli,HF,loss,-0.5,under
2023_05_JAX_BUF,2023,REG,5,2023-10-08,JAX,BUF,25.0,20.0,5.5,48.5,45.0,0,Shawn Smith,HF,loss,-10.5,under
2023_05_KC_MIN,2023,REG,5,2023-10-08,KC,MIN,27.0,20.0,-3.5,52.5,47.0,0,Land Clark,AF,win,3.5,under
2023_05_NO_NE,2023,REG,5,2023-10-08,NO,NE,34.0,0.0,2.5,38.5,34.0,0,Alex Kemp,HF,loss,-36.5,under
2023_05_NYG_MIA,2023,REG,5,2023-10-08,NYG,MIA,16.0,31.0,12.5,47.5,47.0,0,Ron Torbert,HF,win,2.5,under
2023_05_NYJ_DEN,2023,REG,5,2023-10-08,NYJ,DEN,31.0,21.0,2.5,42.5,52.0,0,John Hussey,HF,loss,-12.5,over
2023_05_PHI_LA,2023,REG,5,2023-10-08,PHI,LA,23.0,14.0,-3.5,50.5,37.0,0,Bill Vinovich,AF,win,5.5,under
2023_05_TEN_IND,2023,REG,5,2023-10-08,TEN,IND,16.0,23.0,-2.5,43.5,39.0,1,Brad Rogers,AF,loss,-9.5,under
2023_06_ARI_LA,2023,REG,6,2023-10-15,ARI,LA,9.0,26.0,7.0,48.0,35.0,1,Ron Torbert,HF,win,10.0,under
2023_06_BAL_TEN,2023,REG,6,2023-10-15,BAL,TEN,24.0,16.0,-5.5,42.5,40.0,0,Bill Vinovich,AF,win,2.5,under
2023_06_CAR_MIA,2023,REG,6,2023-10-15,CAR,MIA,21.0,42.0,14.0,47.5,63.0,0,Craig Wrolstad,HF,win,7.0,over
2023_06_DAL_LAC,2023,REG,6,2023-10-16,DAL,LAC,20.0,17.0,-1.5,49.5,37.0,0,Land Clark,AF,win,1.5,under
2023_06_DEN_KC,2023,REG,6,2023-10-12,DEN,KC,8.0,19.0,10.5,47.5,27.0,1,Shawn Hochuli,HF,win,0.5,under
2023_06_DET_TB,2023,REG,6,2023-10-15,DET,TB,20.0,6.0,-3.0,43.5,26.0,0,Clay Martin,AF,win,11.0,under
2023_06_IND_JAX,2023,REG,6,2023-10-15,IND,JAX,20.0,37.0,4.0,44.0,57.0,1,Alex Kemp,HF,win,13.0,over
2023_06_MIN_CHI,2023,REG,6,2023-10-15,MIN,CHI,19.0,13.0,-3.0,44.5,32.0,1,Brad Allen,AF,win,3.0,under
2023_06_NE_LV,2023,REG,6,2023-10-15,NE,LV,17.0,21.0,3.0,41.5,38.0,0,Brad Rogers,HF,win,1.0,under
2023_06_NO_HOU,2023,REG,6,2023-10-15,NO,HOU,13.0,20.0,-2.0,42.5,33.0,0,Alan Eck,AF,loss,-9.0,under
2023_06_NYG_BUF,2023,REG,6,2023-10-15,NYG,BUF,9.0,14.0,15.5,43.5,23.0,0,Tra Blake,HF,loss,-10.5,under
2023_06_PHI_NYJ,2023,REG,6,2023-10-15,PHI,NYJ,14.0,20.0,-6.5,43.0,34.0,0,Scott Novak,AF,loss,-12.5,under
2023_06_SEA_CIN,2023,REG,6,2023-10-15,SEA,CIN,13.0,17.0,3.0,45.5,30.0,0,Adrian Hill,HF,win,1.0,under
2023_06_SF_CLE,2023,REG,6,2023-10-15,SF,CLE,17.0,19.0,-9.5,36.0,36.0,0,John Hussey,AF,loss,-11.5,push
2023_06_WAS_ATL,2023,REG,6,2023-10-15,WAS,ATL,24.0,16.0,1.5,42.0,40.0,0,Clete Blakeman,HF,loss,-9.5,under
2023_07_ARI_SEA,2023,REG,7,2023-10-22,ARI,SEA,10.0,20.0,9.5,43.5,30.0,1,Scott Novak,HF,win,0.5,under
2023_07_ATL_TB,2023,REG,7,2023-10-22,ATL,TB,16.0,13.0,3.0,37.5,29.0,1,Ron Torbert,HF,loss,-6.0,under
2023_07_BUF_NE,2023,REG,7,2023-10-22,BUF,NE,25.0,29.0,-7.5,41.0,54.0,1,Clete Blakeman,AF,loss,-11.5,over
2023_07_CLE_IND,2023,REG,7,2023-10-22,CLE,IND,39.0,38.0,-3.5,40.0,77.0,0,Shawn Smith,AF,loss,-2.5,over
2023_07_DET_BAL,2023,REG,7,2023-10-22,DET,BAL,6.0,38.0,3.0,43.5,44.0,0,Brad Rogers,HF,win,29.0,over
2023_07_GB_DEN,2023,REG,7,2023-10-22,GB,DEN,17.0,19.0,1.5,44.0,36.0,0,Alex Kemp,HF,win,0.5,under
2023_07_JAX_NO,2023,REG,7,2023-10-19,JAX,NO,31.0,24.0,2.5,41.0,55.0,0,Land Clark,HF,loss,-9.5,over
2023_07_LAC_KC,2023,REG,7,2023-10-22,LAC,KC,17.0,31.0,5.5,48.5,48.0,1,Tra Blake,HF,win,8.5,under
2023_07_LV_CHI,2023,REG,7,2023-10-22,LV,CHI,12.0,30.0,-2.5,38.5,42.0,0,Clay Martin,AF,loss,-20.5,over
2023_07_MIA_PHI,2023,REG,7,2023-10-22,MIA,PHI,17.0,31.0,3.0,52.0,48.0,0,Brad Allen,HF,win,11.0,under
2023_07_PIT_LA,2023,REG,7,2023-10-22,PIT,LA,24.0,17.0,3.5,44.0,41.0,0,Craig Wrolstad,HF,loss,-10.5,under
2023_07_SF_MIN,2023,REG,7,2023-10-23,SF,MIN,17.0,22.0,-7.0,44.5,39.0,0,Carl Cheffers,AF,loss,-12.0,under
2023_07_WAS_NYG,2023,REG,7,2023-10-22,WAS,NYG,7.0,14.0,-3.0,37.0,21.0,1,John Hussey,AF,loss,-10.0,under
2023_08_ATL_TEN,2023,REG,8,2023-10-29,ATL,TEN,23.0,28.0,-2.5,35.0,51.0,0,Clay Martin,AF,loss,-7.5,over
2023_08_BAL_ARI,2023,REG,8,2023-10-29,BAL,ARI,31.0,24.0,-9.5,44.5,55.0,0,Tra Blake,AF,loss,-2.5,over
2023_08_CHI_LAC,2023,REG,8,2023-10-29,CHI,LAC,13.0,30.0,9.5,46.0,43.0,0,Brad Rogers,HF,win,7.5,under
2023_08_CIN_SF,2023,REG,8,2023-10-29,CIN,SF,31.0,17.0,4.0,44.0,48.0,0,Ron Torbert,HF,loss,-18.0,over
2023_08_CLE_SEA,2023,REG,8,2023-10-29,CLE,SEA,20.0,24.0,4.0,39.5,44.0,0,Bill Vinovich,HF,push,0.0,over
2023_08_HOU_CAR,2023,REG,8,2023-10-29,HOU,CAR,13.0,15.0,-3.0,43.0,28.0,0,John Hussey,AF,loss,-5.0,under
2023_08_JAX_PIT,2023,REG,8,2023-10-29,JAX,PIT,20.0,10.0,-2.5,41.0,30.0,0,Alan Eck,AF,win,7.5,under
2023_08_KC_DEN,2023,REG,8,2023-10-29,KC,DEN,9.0,24.0,-7.0,45.5,33.0,1,Brad Allen,AF,loss,-22.0,under
2023_08_LA_DAL,2023,REG,8,2023-10-29,LA,DAL,20.0,43.0,6.5,44.5,63.0,0,Adrian Hill,HF,win,16.5,over
2023_08_LV_DET,2023,REG,8,2023-10-30,LV,DET,14.0,26.0,7.0,46.0,40.0,0,Clete Blakeman,HF,win,5.0,under
2023_08_MIN_GB,2023,REG,8,2023-10-29,MIN,GB,24.0,10.0,-1.0,41.5,34.0,1,Shawn Hochuli,AF,win,13.0,under
2023_08_NE_MIA,2023,REG,8,2023-10-29,NE,MIA,17.0,31.0,7.5,46.5,48.0,1,Land Clark,HF,win,6.5,over
2023_08_NO_IND,2023,REG,8,2023-10-29,NO,IND,38.0,27.0,-2.0,43.5,65.0,0,Craig Wrolstad,AF,win,9.0,over
2023_08_NYJ_NYG,2023,REG,8,2023-10-29,NYJ,NYG,13.0,10.0,-3.0,35.0,23.0,0,Shawn Smith,AF,push,0.0,under
2023_08_PHI_WAS,2023,REG,8,2023-10-29,PHI,WAS,38.0,31.0,-7.0,42.5,69.0,1,Carl Cheffers,AF,push,0.0,over
2023_08_TB_BUF,2023,REG,8,2023-10-26,TB,BUF,18.0,24.0,10.0,43.0,42.0,0,Scott Novak,HF,loss,-4.0,under
2023_09_ARI_CLE,2023,REG,9,2023-11-05,ARI,CLE,0.0,27.0,13.0,38.0,27.0,0,Carl Cheffers,HF,win,14.0,under
2023_09_BUF_CIN,2023,REG,9,2023-11-05,BUF,CIN,18.0,24.0,1.5,51.0,42.0,0,Alex Kemp,HF,win,4.5,under
2023_09_CHI_NO,2023,REG,9,2023-11-05,CHI,NO,17.0,24.0,9.0,42.0,41.0,0,Ron Torbert,HF,loss,-2.0,under
2023_09_DAL_PHI,2023,REG,9,2023-11-05,DAL,PHI,23.0,28.0,3.5,46.5,51.0,1,Tra Blake,HF,win,1.5,over
2023_09_IND_CAR,2023,REG,9,2023-11-05,IND,CAR,27.0,13.0,-1.5,45.0,40.0,0,Bill Vinovich,AF,win,12.5,under
2023_09_LAC_NYJ,2023,REG,9,2023-11-06,LAC,NYJ,27.0,6.0,-3.0,41.0,33.0,0,Craig Wrolstad,AF,win,18.0,under
2023_09_LA_GB,2023,REG,9,2023-11-05,LA,GB,3.0,20.0,3.5,38.0,23.0,0,Clete Blakeman,HF,win,13.5,under
2023_09_MIA_KC,2023,REG,9,2023-11-05,MIA,KC,14.0,21.0,1.0,51.0,35.0,0,Clay Martin,HF,win,6.0,under
2023_09_MIN_ATL,2023,REG,9,2023-11-05,MIN,ATL,31.0,28.0,3.5,38.5,59.0,0,Shawn Smith,HF,loss,-6.5,over
2023_09_NYG_LV,2023,REG,9,2023-11-05,NYG,LV,6.0,30.0,1.0,38.5,36.0,0,Alan Eck,HF,win,23.0,under
2023_09_SEA_BAL,2023,REG,9,2023-11-05,SEA,BAL,3.0,37.0,6.0,44.5,40.0,0,Shawn Hochuli,HF,win,28.0,under
2023_09_TB_HOU,2023,REG,9,2023-11-05,TB,HOU,37.0,39.0,2.5,39.5,76.0,0,Land Clark,HF,loss,-0.5,over
2023_09_TEN_PIT,2023,REG,9,2023-11-02,TEN,PIT,16.0,20.0,3.5,37.0,36.0,0,John Hussey,HF,win,0.5,under
2023_09_WAS_NE,2023,REG,9,2023-11-05,WAS,NE,20.0,17.0,2.5,40.5,37.0,0,Adrian Hill,HF,loss,-5.5,under
2023_10_ATL_ARI,2023,REG,10,2023-11-12,ATL,ARI,23.0,25.0,-2.0,43.5,48.0,0,Craig Wrolstad,AF,loss,-4.0,over
2023_10_CAR_CHI,2023,REG,10,2023-11-09,CAR,CHI,13.0,16.0,3.0,38.0,29.0,0,Clete Blakeman,HF,push,0.0,under
2023_10_CLE_BAL,2023,REG,10,2023-11-12,CLE,BAL,33.0,31.0,6.0,38.5,64.0,1,Land Clark,HF,loss,-8.0,over
2023_10_DEN_BUF,2023,REG,10,2023-11-13,DEN,BUF,24.0,22.0,7.5,47.5,46.0,0,Bill Vinovich,HF,loss,-9.5,under
2023_10_DET_LAC,2023,REG,10,2023-11-12,DET,LAC,41.0,38.0,-2.5,48.5,79.0,0,Shawn Smith,AF,win,0.5,over
2023_10_GB_PIT,2023,REG,10,2023-11-12,GB,PIT,19.0,23.0,3.0,38.5,42.0,0,Scott Novak,HF,win,1.0,over
2023_10_HOU_CIN,2023,REG,10,2023-11-12,HOU,CIN,30.0,27.0,5.5,46.0,57.0,0,Carl Cheffers,HF,loss,-8.5,over
2023_10_IND_NE,2023,REG,10,2023-11-12,IND,NE,10.0,6.0,-1.0,42.0,16.0,0,Tra Blake,AF,win,3.0,under
2023_10_NO_MIN,2023,REG,10,2023-11-12,NO,MIN,19.0,27.0,-3.0,41.0,46.0,0,Adrian Hill,AF,loss,-11.0,over
2023_10_NYG_DAL,2023,REG,10,2023-11-12,NYG,DAL,17.0,49.0,17.5,38.5,66.0,1,Brad Rogers,HF,win,14.5,over
2023_10_NYJ_LV,2023,REG,10,2023-11-12,NYJ,LV,12.0,16.0,-1.0,35.5,28.0,0,Shawn Hochuli,AF,loss,-5.0,under
2023_10_SF_JAX,2023,REG,10,2023-11-12,SF,JAX,34.0,3.0,-3.0,44.5,37.0,0,Brad Allen,AF,win,28.0,under
2023_10_TEN_TB,2023,REG,10,2023-11-12,TEN,TB,6.0,20.0,2.5,39.5,26.0,0,Alan Eck,HF,win,11.5,under
2023_10_WAS_SEA,2023,REG,10,2023-11-12,WAS,SEA,26.0,29.0,6.0,44.0,55.0,0,Alex Kemp,HF,loss,-3.0,over
2023_11_ARI_HOU,2023,REG,11,2023-11-19,ARI,HOU,16.0,21.0,5.5,48.0,37.0,0,Alex Kemp,HF,loss,-0.5,under
2023_11_CHI_DET,2023,REG,11,2023-11-19,CHI,DET,26.0,31.0,8.0,48.0,57.0,1,Scott Novak,HF,loss,-3.0,over
2023_11_CIN_BAL,2023,REG,11,2023-11-16,CIN,BAL,20.0,34.0,4.0,46.5,54.0,1,Adrian Hill,HF,win,10.0,over
2023_11_DAL_CAR,2023,REG,11,2023-11-19,DAL,CAR,33.0,10.0,-11.0,43.0,43.0,0,Clay Martin,AF,win,12.0,push
2023_11_LAC_GB,2023,REG,11,2023-11-19,LAC,GB,20.0,23.0,-3.0,44.0,43.0,0,John Hussey,AF,loss,-6.0,under
2023_11_LV_MIA,2023,REG,11,2023-11-19,LV,MIA,13.0,20.0,14.0,44.5,33.0,0,Bill Vinovich,HF,loss,-7.0,under
2023_11_MIN_DEN,2023,REG,11,2023-11-19,MIN,DEN,20.0,21.0,2.5,43.5,41.0,0,Ron Torbert,HF,loss,-1.5,under
2023_11_NYG_WAS,2023,REG,11,2023-11-19,NYG,WAS,31.0,19.0,7.5,39.0,50.0,1,Brad Allen,HF,loss,-19.5,over
2023_11_NYJ_BUF,2023,REG,11,2023-11-19,NYJ,BUF,6.0,32.0,8.0,39.5,38.0,1,Alan Eck,HF,win,18.0,under
2023_11_PHI_KC,2023,REG,11,2023-11-20,PHI,KC,21.0,17.0,2.5,46.0,38.0,0,Shawn Smith,HF,loss,-6.5,under
2023_11_PIT_CLE,2023,REG,11,2023-11-19,PIT,CLE,10.0,13.0,2.5,34.0,23.0,1,Shawn Hochuli,HF,win,0.5,under
2023_11_SEA_LA,2023,REG,11,2023-11-19,SEA,LA,16.0,17.0,2.5,45.0,33.0,1,Carl Cheffers,HF,loss,-1.5,under
2023_11_TB_SF,2023,REG,11,2023-11-19,TB,SF,14.0,27.0,13.5,41.5,41.0,0,Craig Wrolstad,HF,loss,-0.5,under
2023_11_TEN_JAX,2023,REG,11,2023-11-19,TEN,JAX,14.0,34.0,6.5,40.0,48.0,1,Brad Rogers,HF,win,13.5,over
2023_12_BAL_LAC,2023,REG,12,2023-11-26,BAL,LAC,20.0,10.0,-3.0,49.0,30.0,0,Alan Eck,AF,win,7.0,under
2023_12_BUF_PHI,2023,REG,12,2023-11-26,BUF,PHI,34.0,37.0,2.5,49.0,71.0,0,Shawn Hochuli,HF,win,0.5,over
2023_12_CAR_TEN,2023,REG,12,2023-11-26,CAR,TEN,10.0,17.0,3.5,36.0,27.0,0,Ron Torbert,HF,win,3.5,under
2023_12_CHI_MIN,2023,REG,12,2023-11-27,CHI,MIN,12.0,10.0,3.0,43.5,22.0,1,Alex Kemp,HF,loss,-5.0,under
2023_12_CLE_DEN,2023,REG,12,2023-11-26,CLE,DEN,12.0,29.0,1.5,37.5,41.0,0,Adrian Hill,HF,win,15.5,over
2023_12_GB_DET,2023,REG,12,2023-11-23,GB,DET,29.0,22.0,8.5,47.0,51.0,1,Carl Cheffers,HF,loss,-15.5,over
2023_12_JAX_HOU,2023,REG,12,2023-11-26,JAX,HOU,24.0,21.0,-1.0,48.0,45.0,1,Clay Martin,AF,win,2.0,under
2023_12_KC_LV,2023,REG,12,2023-11-26,KC,LV,31.0,17.0,-9.0,42.5,48.0,1,Land Clark,AF,win,5.0,over
2023_12_LA_ARI,2023,REG,12,2023-11-26,LA,ARI,37.0,14.0,-3.0,45.0,51.0,1,Shawn Smith,AF,win,20.0,over
2023_12_MIA_NYJ,2023,REG,12,2023-11-24,MIA,NYJ,34.0,13.0,-9.5,40.0,47.0,1,John Hussey,AF,win,11.5,over
2023_12_NE_NYG,2023,REG,12,2023-11-26,NE,NYG,7.0,10.0,-4.5,36.5,17.0,0,Scott Novak,AF,loss,-7.5,under
2023_12_NO_ATL,2023,REG,12,2023-11-26,NO,ATL,15.0,24.0,-2.0,42.0,39.0,1,Brad Allen,AF,loss,-11.0,under
2023_12_PIT_CIN,2023,REG,12,2023-11-26,PIT,CIN,16.0,10.0,-2.0,36.0,26.0,1,Brad Rogers,AF,win,4.0,under
2023_12_SF_SEA,2023,REG,12,2023-11-23,SF,SEA,31.0,13.0,-7.0,43.5,44.0,1,Tra Blake,AF,win,11.0,over
2023_12_TB_IND,2023,REG,12,2023-11-26,TB,IND,20.0,27.0,2.5,45.0,47.0,0,Clete Blakeman,HF,win,4.5,over
2023_12_WAS_DAL,2023,REG,12,2023-11-23,WAS,DAL,10.0,45.0,13.0,48.0,55.0,1,Bill Vinovich,HF,win,22.0,over
2023_13_ARI_PIT,2023,REG,13,2023-12-03,ARI,PIT,24.0,10.0,6.0,41.0,34.0,0,Land Clark,HF,loss,-20.0,under
2023_13_ATL_NYJ,2023,REG,13,2023-12-03,ATL,NYJ,13.0,8.0,-2.0,33.0,21.0,0,Ron Torbert,AF,win,3.0,under
2023_13_CAR_TB,2023,REG,13,2023-12-03,CAR,TB,18.0,21.0,4.0,37.0,39.0,1,Brad Rogers,HF,loss,-1.0,over
2023_13_CIN_JAX,2023,REG,13,2023-12-04,CIN,JAX,34.0,31.0,10.0,41.0,65.0,0,Scott Novak,HF,loss,-13.0,over
2023_13_CLE_LA,2023,REG,13,2023-12-03,CLE,LA,19.0,36.0,3.5,39.5,55.0,0,John Hussey,HF,win,13.5,over
2023_13_DEN_HOU,2023,REG,13,2023-12-03,DEN,HOU,17.0,22.0,3.5,47.5,39.0,0,Shawn Smith,HF,win,1.5,under
2023_13_DET_NO,2023,REG,13,2023-12-03,DET,NO,33.0,28.0,-4.0,47.5,61.0,0,Clay Martin,AF,win,1.0,over
2023_13_IND_TEN,2023,REG,13,2023-12-03,IND,TEN,31.0,28.0,-1.5,42.0,59.0,1,Craig Wrolstad,AF,win,1.5,over
2023_13_KC_GB,2023,REG,13,2023-12-03,KC,GB,19.0,27.0,-5.5,43.5,46.0,0,Brad Allen,AF,loss,-13.5,over
2023_13_LAC_NE,2023,REG,13,2023-12-03,LAC,NE,6.0,0.0,-4.5,38.5,6.0,0,Bill Vinovich,AF,win,1.5,under
2023_13_MIA_WAS,2023,REG,13,2023-12-03,MIA,WAS,45.0,15.0,-8.5,50.0,60.0,0,Tra Blake,AF,win,21.5,over
2023_13_SEA_DAL,2023,REG,13,2023-11-30,SEA,DAL,35.0,41.0,9.5,47.5,76.0,0,Clete Blakeman,HF,loss,-3.5,over
2023_13_SF_PHI,2023,REG,13,2023-12-03,SF,PHI,42.0,19.0,-3.0,46.5,61.0,0,Alex Kemp,AF,win,20.0,over
2023_14_BUF_KC,2023,REG,14,2023-12-10,BUF,KC,20.0,17.0,2.0,49.5,37.0,0,Carl Cheffers,HF,loss,-5.0,under
2023_14_CAR_NO,2023,REG,14,2023-12-10,CAR,NO,6.0,28.0,5.5,39.0,34.0,1,Alan Eck,HF,win,16.5,under
2023_14_DEN_LAC,2023,REG,14,2023-12-10,DEN,LAC,24.0,7.0,3.0,45.0,31.0,1,Clete Blakeman,HF,loss,-20.0,under
2023_14_DET_CHI,2023,REG,14,2023-12-10,DET,CHI,13.0,28.0,-3.0,44.5,41.0,1,Tra Blake,AF,loss,-18.0,under
2023_14_GB_NYG,2023,REG,14,2023-12-11,GB,NYG,22.0,24.0,-6.0,37.5,46.0,0,Land Clark,AF,loss,-8.0,over
2023_14_HOU_NYJ,2023,REG,14,2023-12-10,HOU,NYJ,6.0,30.0,-3.5,33.5,36.0,0,Brad Allen,AF,loss,-27.5,over
2023_14_IND_CIN,2023,REG,14,2023-12-10,IND,CIN,14.0,34.0,3.0,45.0,48.0,0,Shawn Hochuli,HF,win,17.0,over
2023_14_JAX_CLE,2023,REG,14,2023-12-10,JAX,CLE,27.0,31.0,2.5,37.5,58.0,0,Ron Torbert,HF,win,1.5,over
2023_14_LA_BAL,2023,REG,14,2023-12-10,LA,BAL,31.0,37.0,7.5,42.0,68.0,0,Scott Novak,HF,loss,-1.5,over
2023_14_MIN_LV,2023,REG,14,2023-12-10,MIN,LV,3.0,0.0,-3.0,40.5,3.0,0,Craig Wrolstad,AF,push,0.0,under
2023_14_NE_PIT,2023,REG,14,2023-12-07,NE,PIT,21.0,18.0,6.0,30.0,39.0,0,Clay Martin,HF,loss,-9.0,over
2023_14_PHI_DAL,2023,REG,14,2023-12-10,PHI,DAL,13.0,33.0,3.5,52.5,46.0,1,John Hussey,HF,win,16.5,under
2023_14_SEA_SF,2023,REG,14,2023-12-10,SEA,SF,16.0,28.0,14.5,44.5,44.0,1,Brad Rogers,HF,loss,-2.5,under
2023_14_TB_ATL,2023,REG,14,2023-12-10,TB,ATL,29.0,25.0,1.5,41.5,54.0,1,Alex Kemp,HF,loss,-5.5,over
2023_14_TEN_MIA,2023,REG,14,2023-12-11,TEN,MIA,28.0,27.0,14.0,45.0,55.0,0,Adrian Hill,HF,loss,-15.0,over
2023_15_ATL_CAR,2023,REG,15,2023-12-17,ATL,CAR,7.0,9.0,-3.0,32.0,16.0,1,Land Clark,AF,loss,-5.0,under
2023_15_BAL_JAX,2023,REG,15,2023-12-17,BAL,JAX,23.0,7.0,-4.0,42.5,30.0,0,Shawn Smith,AF,win,12.0,under
2023_15_CHI_CLE,2023,REG,15,2023-12-17,CHI,CLE,17.0,20.0,3.0,38.0,37.0,0,Brad Allen,HF,push,0.0,under
2023_15_DAL_BUF,2023,REG,15,2023-12-17,DAL,BUF,10.0,31.0,2.0,49.5,41.0,0,Craig Wrolstad,HF,win,19.0,under
2023_15_DEN_DET,2023,REG,15,2023-12-16,DEN,DET,17.0,42.0,5.5,49.0,59.0,0,John Hussey,HF,win,19.5,over
2023_15_HOU_TEN,2023,REG,15,2023-12-17,HOU,TEN,19.0,16.0,3.0,38.0,35.0,1,Clete Blakeman,HF,loss,-6.0,under
2023_15_KC_NE,2023,REG,15,2023-12-17,KC,NE,27.0,17.0,-10.0,39.5,44.0,0,Shawn Hochuli,AF,push,0.0,over
2023_15_LAC_LV,2023,REG,15,2023-12-14,LAC,LV,21.0,63.0,3.0,36.0,84.0,1,Ron Torbert,HF,win,39.0,over
2023_15_MIN_CIN,2023,REG,15,2023-12-16,MIN,CIN,24.0,27.0,3.0,41.5,51.0,0,Bill Vinovich,HF,push,0.0,over
2023_15_NYG_NO,2023,REG,15,2023-12-17,NYG,NO,6.0,24.0,6.0,39.5,30.0,0,Carl Cheffers,HF,win,12.0,under
2023_15_NYJ_MIA,2023,REG,15,2023-12-17,NYJ,MIA,0.0,30.0,7.5,36.0,30.0,1,Brad Rogers,HF,win,22.5,under
2023_15_PHI_SEA,2023,REG,15,2023-12-18,PHI,SEA,17.0,20.0,-5.0,46.0,37.0,0,Clay Martin,AF,loss,-8.0,under
2023_15_PIT_IND,2023,REG,15,2023-12-16,PIT,IND,13.0,30.0,1.5,41.5,43.0,0,Adrian Hill,HF,win,15.5,over
2023_15_SF_ARI,2023,REG,15,2023-12-17,SF,ARI,45.0,29.0,-12.5,48.0,74.0,1,Scott Novak,AF,win,3.5,over
2023_15_TB_GB,2023,REG,15,2023-12-17,TB,GB,34.0,20.0,4.0,41.5,54.0,0,Tra Blake,HF,loss,-18.0,over
2023_15_WAS_LA,2023,REG,15,2023-12-17,WAS,LA,20.0,28.0,6.5,48.5,48.0,0,Alan Eck,HF,win,1.5,under
2023_16_ARI_CHI,2023,REG,16,2023-12-24,ARI,CHI,16.0,27.0,4.5,42.0,43.0,0,John Hussey,HF,win,6.5,over
2023_16_BAL_SF,2023,REG,16,2023-12-25,BAL,SF,33.0,19.0,6.5,47.5,52.0,0,Bill Vinovich,HF,loss,-20.5,over
2023_16_BUF_LAC,2023,REG,16,2023-12-23,BUF,LAC,24.0,22.0,-13.0,44.5,46.0,0,Adrian Hill,AF,loss,-11.0,over
2023_16_CIN_PIT,2023,REG,16,2023-12-23,CIN,PIT,11.0,34.0,-3.0,39.5,45.0,1,Craig Wrolstad,AF,loss,-26.0,over
2023_16_CLE_HOU,2023,REG,16,2023-12-24,CLE,HOU,36.0,22.0,-3.0,40.0,58.0,0,Tra Blake,AF,win,11.0,over
2023_16_DAL_MIA,2023,REG,16,2023-12-24,DAL,MIA,20.0,22.0,1.5,48.5,42.0,0,Shawn Hochuli,HF,win,0.5,under
2023_16_DET_MIN,2023,REG,16,2023-12-24,DET,MIN,30.0,24.0,-2.5,47.5,54.0,1,Land Clark,AF,win,3.5,over
2023_16_GB_CAR,2023,REG,16,2023-12-24,GB,CAR,33.0,30.0,-3.5,39.5,63.0,0,Alex Kemp,AF,loss,-0.5,over
2023_16_IND_ATL,2023,REG,16,2023-12-24,IND,ATL,10.0,29.0,3.0,44.0,39.0,0,Alan Eck,HF,win,16.0,under
2023_16_JAX_TB,2023,REG,16,2023-12-24,JAX,TB,12.0,30.0,-2.0,43.0,42.0,0,Brad Allen,AF,loss,-20.0,under
2023_16_LV_KC,2023,REG,16,2023-12-25,LV,KC,20.0,14.0,11.0,40.5,34.0,1,Clete Blakeman,HF,loss,-17.0,under
2023_16_NE_DEN,2023,REG,16,2023-12-24,NE,DEN,26.0,23.0,7.0,37.5,49.0,0,Carl Cheffers,HF,loss,-10.0,over
2023_16_NO_LA,2023,REG,16,2023-12-21,NO,LA,22.0,30.0,4.0,45.5,52.0,0,Brad Rogers,HF,win,4.0,over
2023_16_NYG_PHI,2023,REG,16,2023-12-25,NYG,PHI,25.0,33.0,14.0,41.0,58.0,1,Ron Torbert,HF,loss,-6.0,over
2023_16_SEA_TEN,2023,REG,16,2023-12-24,SEA,TEN,20.0,17.0,-3.0,42.0,37.0,0,Shawn Smith,AF,push,0.0,under
2023_16_WAS_NYJ,2023,REG,16,2023-12-24,WAS,NYJ,28.0,30.0,3.0,36.5,58.0,0,Clay Martin,HF,loss,-1.0,over
2023_17_ARI_PHI,2023,REG,17,2023-12-31,ARI,PHI,35.0,31.0,12.0,48.0,66.0,0,Bill Vinovich,HF,loss,-16.0,over
2023_17_ATL_CHI,2023,REG,17,2023-12-31,ATL,CHI,17.0,37.0,3.0,39.0,54.0,0,Adrian Hill,HF,win,17.0,over
2023_17_CAR_JAX,2023,REG,17,2023-12-31,CAR,JAX,0.0,26.0,3.5,38.0,26.0,0,Carl Cheffers,HF,win,22.5,under
2023_17_CIN_KC,2023,REG,17,2023-12-31,CIN,KC,17.0,25.0,7.5,46.0,42.0,0,John Hussey,HF,win,0.5,under
2023_17_DET_DAL,2023,REG,17,2023-12-30,DET,DAL,19.0,20.0,5.5,53.0,39.0,0,Brad Allen,HF,loss,-4.5,under
2023_17_GB_MIN,2023,REG,17,2023-12-31,GB,MIN,33.0,10.0,1.0,42.5,43.0,1,Clay Martin,HF,loss,-24.0,over
2023_17_LAC_DEN,2023,REG,17,2023-12-31,LAC,DEN,9.0,16.0,3.5,39.5,25.0,1,Craig Wrolstad,HF,win,3.5,under
2023_17_LA_NYG,2023,REG,17,2023-12-31,LA,NYG,26.0,25.0,-6.0,43.5,51.0,0,Tra Blake,AF,loss,-5.0,over
2023_17_LV_IND,2023,REG,17,2023-12-31,LV,IND,20.0,23.0,3.5,42.5,43.0,0,Shawn Smith,HF,loss,-0.5,over
2023_17_MIA_BAL,2023,REG,17,2023-12-31,MIA,BAL,19.0,56.0,3.0,47.0,75.0,0,Clete Blakeman,HF,win,34.0,over
2023_17_NE_BUF,2023,REG,17,2023-12-31,NE,BUF,21.0,27.0,15.0,40.0,48.0,1,Alan Eck,HF,loss,-9.0,over
2023_17_NO_TB,2023,REG,17,2023-12-31,NO,TB,23.0,13.0,2.5,42.5,36.0,1,Land Clark,HF,loss,-12.5,under
2023_17_NYJ_CLE,2023,REG,17,2023-12-28,NYJ,CLE,20.0,37.0,6.5,33.5,57.0,0,Alex Kemp,HF,win,10.5,over
2023_17_PIT_SEA,2023,REG,17,2023-12-31,PIT,SEA,30.0,23.0,4.5,40.5,53.0,0,Shawn Hochuli,HF,loss,-11.5,over
2023_17_SF_WAS,2023,REG,17,2023-12-31,SF,WAS,27.0,10.0,-14.0,49.0,37.0,0,Ron Torbert,AF,win,3.0,under
2023_17_TEN_HOU,2023,REG,17,2023-12-31,TEN,HOU,3.0,26.0,5.0,44.0,29.0,1,Scott Novak,HF,win,18.0,under
2023_18_ATL_NO,2023,REG,18,2024-01-07,ATL,NO,17.0,48.0,3.5,41.5,65.0,1,John Hussey,HF,win,27.5,over
2023_18_BUF_MIA,2023,REG,18,2024-01-07,BUF,MIA,21.0,14.0,-2.5,47.5,35.0,1,Alex Kemp,AF,win,4.5,under
2023_18_CHI_GB,2023,REG,18,2024-01-07,CHI,GB,9.0,17.0,2.5,45.5,26.0,1,Carl Cheffers,HF,win,5.5,under
2023_18_CLE_CIN,2023,REG,18,2024-01-07,CLE,CIN,14.0,31.0,7.5,37.0,45.0,1,Alan Eck,HF,win,9.5,over
2023_18_DAL_WAS,2023,REG,18,2024-01-07,DAL,WAS,38.0,10.0,-13.0,47.5,48.0,1,Shawn Smith,AF,win,15.0,over
2023_18_DEN_LV,2023,REG,18,2024-01-07,DEN,LV,14.0,27.0,3.5,37.5,41.0,1,Shawn Hochuli,HF,win,9.5,over
2023_18_HOU_IND,2023,REG,18,2024-01-06,HOU,IND,23.0,19.0,-1.5,47.5,42.0,1,Bill Vinovich,AF,win,2.5,under
2023_18_JAX_TEN,2023,REG,18,2024-01-07,JAX,TEN,20.0,28.0,-3.5,41.5,48.0,1,Tra Blake,AF,loss,-11.5,over
2023_18_KC_LAC,2023,REG,18,2024-01-07,KC,LAC,13.0,12.0,3.5,35.0,25.0,1,Scott Novak,HF,loss,-4.5,under
2023_18_LA_SF,2023,REG,18,2024-01-07,LA,SF,21.0,20.0,5.5,40.0,41.0,1,Clay Martin,HF,loss,-6.5,over
2023_18_MIN_DET,2023,REG,18,2024-01-07,MIN,DET,20.0,30.0,3.5,47.5,50.0,1,Brad Rogers,HF,win,6.5,over
2023_18_NYJ_NE,2023,REG,18,2024-01-07,NYJ,NE,17.0,3.0,2.5,28.5,20.0,1,Land Clark,HF,loss,-16.5,under
2023_18_PHI_NYG,2023,REG,18,2024-01-07,PHI,NYG,10.0,27.0,-4.5,43.0,37.0,1,Craig Wrolstad,AF,loss,-21.5,under
2023_18_PIT_BAL,2023,REG,18,2024-01-06,PIT,BAL,17.0,10.0,-3.0,34.0,27.0,1,Brad Allen,AF,win,4.0,under
2023_18_SEA_ARI,2023,REG,18,2024-01-07,SEA,ARI,21.0,20.0,-2.5,48.0,41.0,1,Adrian Hill,AF,loss,-1.5,under
2023_18_TB_CAR,2023,REG,18,2024-01-07,TB,CAR,9.0,0.0,-5.0,36.5,9.0,1,Clete Blakeman,AF,win,4.0,under
2023_19_CLE_HOU,2023,WC,19,2024-01-13,CLE,HOU,14.0,45.0,-2.5,45.0,59.0,0,Clay Martin,AF,loss,-33.5,over
2023_19_GB_DAL,2023,WC,19,2024-01-14,GB,DAL,48.0,32.0,7.0,52.5,80.0,0,Ron Torbert,HF,loss,-23.0,over
2023_19_LA_DET,2023,WC,19,2024-01-14,LA,DET,23.0,24.0,3.5,52.5,47.0,0,Craig Wrolstad,HF,loss,-2.5,under
2023_19_MIA_KC,2023,WC,19,2024-01-13,MIA,KC,7.0,26.0,4.5,43.5,33.0,0,Brad Rogers,HF,win,14.5,under
2023_19_PHI_TB,2023,WC,19,2024-01-15,PHI,TB,9.0,32.0,-2.5,43.0,41.0,0,Adrian Hill,AF,loss,-25.5,under
2023_19_PIT_BUF,2023,WC,19,2024-01-15,PIT,BUF,17.0,31.0,10.0,39.5,48.0,0,Carl Cheffers,HF,win,4.0,over
2023_20_GB_SF,2023,DIV,20,2024-01-20,GB,SF,21.0,24.0,10.5,50.5,45.0,0,Alex Kemp,HF,loss,-7.5,under
2023_20_HOU_BAL,2023,DIV,20,2024-01-20,HOU,BAL,10.0,34.0,10.0,44.0,44.0,0,John Hussey,HF,win,14.0,push
2023_20_KC_BUF,2023,DIV,20,2024-01-21,KC,BUF,27.0,24.0,2.5,45.5,51.0,0,Shawn Hochuli,HF,loss,-5.5,over
2023_20_TB_DET,2023,DIV,20,2024-01-21,TB,DET,23.0,31.0,6.0,49.5,54.0,0,Bill Vinovich,HF,win,2.0,over
2023_21_DET_SF,2023,CON,21,2024-01-28,DET,SF,31.0,34.0,7.5,52.5,65.0,0,Clete Blakeman,HF,loss,-4.5,over
2023_21_KC_BAL,2023,CON,21,2024-01-28,KC,BAL,17.0,10.0,4.5,44.0,27.0,0,Shawn Smith,HF,loss,-11.5,under
2023_22_SF_KC,2023,SB,22,2024-02-11,SF,KC,22.0,25.0,-1.5,47.0,47.0,0,Bill Vinovich,AF,loss,-4.5,push
2024_01_ARI_BUF,2024,REG,1,2024-09-08,ARI,BUF,28.0,34.0,6.5,46.0,62.0,0,Tra Blake,HF,loss,-0.5,over
2024_01_BAL_KC,2024,REG,1,2024-09-05,BAL,KC,20.0,27.0,3.0,46.0,47.0,0,Shawn Hochuli,HF,win,4.0,over
2024_01_CAR_NO,2024,REG,1,2024-09-08,CAR,NO,10.0,47.0,3.5,41.5,57.0,1,Alan Eck,HF,win,33.5,over
2024_01_DAL_CLE,2024,REG,1,2024-09-08,DAL,CLE,33.0,17.0,2.5,42.0,50.0,0,Clete Blakeman,HF,loss,-18.5,over
2024_01_DEN_SEA,2024,REG,1,2024-09-08,DEN,SEA,20.0,26.0,6.5,42.0,46.0,0,Brad Allen,HF,loss,-0.5,over
2024_01_GB_PHI,2024,REG,1,2024-09-06,GB,PHI,29.0,34.0,2.0,49.5,63.0,0,Ron Torbert,HF,win,3.0,over
2024_01_HOU_IND,2024,REG,1,2024-09-08,HOU,IND,29.0,27.0,-3.0,49.0,56.0,1,John Hussey,AF,loss,-1.0,over
2024_01_JAX_MIA,2024,REG,1,2024-09-08,JAX,MIA,17.0,20.0,3.5,49.5,37.0,0,Craig Wrolstad,HF,loss,-0.5,under
2024_01_LA_DET,2024,REG,1,2024-09-08,LA,DET,20.0,26.0,5.0,54.0,46.0,0,Adrian Hill,HF,win,1.0,under
2024_01_LV_LAC,2024,REG,1,2024-09-08,LV,LAC,10.0,22.0,3.0,41.0,32.0,1,Scott Novak,HF,win,9.0,under
2024_01_MIN_NYG,2024,REG,1,2024-09-08,MIN,NYG,28.0,6.0,-1.0,42.5,34.0,0,Alex Kemp,AF,win,21.0,under
2024_01_NE_CIN,2024,REG,1,2024-09-08,NE,CIN,16.0,10.0,8.0,40.5,26.0,0,Land Clark,HF,loss,-14.0,under
2024_01_NYJ_SF,2024,REG,1,2024-09-09,NYJ,SF,19.0,32.0,3.5,43.0,51.0,0,Carl Cheffers,HF,win,9.5,over
2024_01_PIT_ATL,2024,REG,1,2024-09-08,PIT,ATL,18.0,10.0,4.0,43.0,28.0,0,Brad Rogers,HF,loss,-12.0,under
2024_01_TEN_CHI,2024,REG,1,2024-09-08,TEN,CHI,17.0,24.0,4.0,43.0,41.0,0,Shawn Smith,HF,win,3.0,under
2024_01_WAS_TB,2024,REG,1,2024-09-08,WAS,TB,20.0,37.0,4.0,42.0,57.0,0,Bill Vinovich,HF,win,13.0,over
2024_02_ATL_PHI,2024,REG,2,2024-09-16,ATL,PHI,22.0,21.0,5.5,46.5,43.0,0,Craig Wrolstad,HF,loss,-6.5,under
2024_02_BUF_MIA,2024,REG,2,2024-09-12,BUF,MIA,31.0,10.0,2.5,48.5,41.0,1,Bill Vinovich,HF,loss,-23.5,under
2024_02_CHI_HOU,2024,REG,2,2024-09-15,CHI,HOU,13.0,19.0,6.0,45.5,32.0,0,Land Clark,HF,push,0.0,under
2024_02_CIN_KC,2024,REG,2,2024-09-15,CIN,KC,25.0,26.0,6.5,47.5,51.0,0,Alex Kemp,HF,loss,-5.5,over
2024_02_CLE_JAX,2024,REG,2,2024-09-15,CLE,JAX,18.0,13.0,3.0,41.5,31.0,0,Adrian Hill,HF,loss,-8.0,under
2024_02_IND_GB,2024,REG,2,2024-09-15,IND,GB,10.0,16.0,-3.0,41.5,26.0,0,Shawn Hochuli,AF,loss,-9.0,under
2024_02_LAC_CAR,2024,REG,2,2024-09-15,LAC,CAR,26.0,3.0,-5.0,39.0,29.0,0,Brad Rogers,AF,win,18.0,under
2024_02_LA_ARI,2024,REG,2,2024-09-15,LA,ARI,10.0,41.0,-1.0,47.5,51.0,1,John Hussey,AF,loss,-32.0,over
2024_02_LV_BAL,2024,REG,2,2024-09-15,LV,BAL,26.0,23.0,9.0,41.0,49.0,0,Tra Blake,HF,loss,-12.0,over
2024_02_NO_DAL,2024,REG,2,2024-09-15,NO,DAL,44.0,19.0,6.5,47.0,63.0,0,Adrian Hill,HF,loss,-31.5,over
2024_02_NYG_WAS,2024,REG,2,2024-09-15,NYG,WAS,18.0,21.0,1.5,42.5,39.0,1,Scott Novak,HF,win,1.5,under
2024_02_NYJ_TEN,2024,REG,2,2024-09-15,NYJ,TEN,24.0,17.0,-3.5,41.5,41.0,0,Alan Eck,AF,win,3.5,under
2024_02_PIT_DEN,2024,REG,2,2024-09-15,PIT,DEN,13.0,6.0,-3.0,36.5,19.0,0,Clete Blakeman,AF,win,4.0,under
2024_02_SEA_NE,2024,REG,2,2024-09-15,SEA,NE,23.0,20.0,-3.5,39.0,43.0,0,Carl Cheffers,AF,loss,-0.5,over
2024_02_SF_MIN,2024,REG,2,2024-09-15,SF,MIN,17.0,23.0,-4.5,46.5,40.0,0,Brad Allen,AF,loss,-10.5,under
2024_02_TB_DET,2024,REG,2,2024-09-15,TB,DET,20.0,16.0,7.5,51.5,36.0,0,Clay Martin,HF,loss,-11.5,under
2024_03_BAL_DAL,2024,REG,3,2024-09-22,BAL,DAL,28.0,25.0,-1.5,47.5,53.0,0,Ron Torbert,AF,win,1.5,over
2024_03_CAR_LV,2024,REG,3,2024-09-22,CAR,LV,36.0,22.0,5.5,40.0,58.0,0,Bill Vinovich,HF,loss,-19.5,over
2024_03_CHI_IND,2024,REG,3,2024-09-22,CHI,IND,16.0,21.0,1.5,43.0,37.0,0,Adrian Hill,HF,win,3.5,under
2024_03_DEN_TB,2024,REG,3,2024-09-22,DEN,TB,26.0,7.0,6.0,40.5,33.0,0,Alan Eck,HF,loss,-25.0,under
2024_03_DET_ARI,2024,REG,3,2024-09-22,DET,ARI,20.0,13.0,-3.0,51.5,33.0,0,Brad Rogers,AF,win,4.0,under
2024_03_GB_TEN,2024,REG,3,2024-09-22,GB,TEN,30.0,14.0,3.0,37.0,44.0,0,Clay Martin,HF,loss,-19.0,over
2024_03_HOU_MIN,2024,REG,3,2024-09-22,HOU,MIN,7.0,34.0,-2.0,46.0,41.0,0,Shawn Hochuli,AF,loss,-29.0,under
2024_03_JAX_BUF,2024,REG,3,2024-09-23,JAX,BUF,10.0,47.0,4.0,46.5,57.0,0,Shawn Smith,HF,win,33.0,over
2024_03_KC_ATL,2024,REG,3,2024-09-22,KC,ATL,22.0,17.0,-3.0,46.0,39.0,0,Tra Blake,AF,win,2.0,under
2024_03_LAC_PIT,2024,REG,3,2024-09-22,LAC,PIT,10.0,20.0,3.0,36.0,30.0,0,Alex Kemp,HF,win,7.0,under
2024_03_MIA_SEA,2024,REG,3,2024-09-22,MIA,SEA,3.0,24.0,4.0,41.5,27.0,0,Land Clark,HF,win,17.0,under
2024_03_NE_NYJ,2024,REG,3,2024-09-19,NE,NYJ,3.0,24.0,6.5,39.0,27.0,1,John Hussey,HF,win,14.5,under
2024_03_NYG_CLE,2024,REG,3,2024-09-22,NYG,CLE,21.0,15.0,6.5,38.0,36.0,0,Craig Wrolstad,HF,loss,-12.5,under
2024_03_PHI_NO,2024,REG,3,2024-09-22,PHI,NO,15.0,12.0,2.5,49.0,27.0,0,Scott Novak,HF,loss,-5.5,under
2024_03_SF_LA,2024,REG,3,2024-09-22,SF,LA,24.0,27.0,-6.0,44.5,51.0,1,Clete Blakeman,AF,loss,-9.0,over
2024_03_WAS_CIN,2024,REG,3,2024-09-23,WAS,CIN,38.0,33.0,7.5,46.0,71.0,0,Brad Allen,HF,loss,-12.5,over
2024_04_BUF_BAL,2024,REG,4,2024-09-29,BUF,BAL,10.0,35.0,2.5,46.5,45.0,0,Alan Eck,HF,win,22.5,under
2024_04_CIN_CAR,2024,REG,4,2024-09-29,CIN,CAR,34.0,24.0,-4.5,47.0,58.0,0,Adrian Hill,AF,win,5.5,over
2024_04_CLE_LV,2024,REG,4,2024-09-29,CLE,LV,16.0,20.0,-2.5,36.5,36.0,0,Brad Allen,AF,loss,-6.5,under
2024_04_DAL_NYG,2024,REG,4,2024-09-26,DAL,NYG,20.0,15.0,-5.5,45.0,35.0,1,Clay Martin,AF,loss,-0.5,under
2024_04_DEN_NYJ,2024,REG,4,2024-09-29,DEN,NYJ,10.0,9.0,7.5,39.5,19.0,0,Ron Torbert,HF,loss,-8.5,under
2024_04_JAX_HOU,2024,REG,4,2024-09-29,JAX,HOU,20.0,24.0,5.5,44.5,44.0,1,Tra Blake,HF,loss,-1.5,under
2024_04_KC_LAC,2024,REG,4,2024-09-29,KC,LAC,17.0,10.0,-7.5,41.5,27.0,1,Shawn Smith,AF,loss,-0.5,under
2024_04_LA_CHI,2024,REG,4,2024-09-29,LA,CHI,18.0,24.0,3.0,40.0,42.0,0,Brad Rogers,HF,win,3.0,over
2024_04_MIN_GB,2024,REG,4,2024-09-29,MIN,GB,31.0,29.0,2.5,44.0,60.0,1,Bill Vinovich,HF,loss,-4.5,over
2024_04_NE_SF,2024,REG,4,2024-09-29,NE,SF,13.0,30.0,10.5,41.5,43.0,0,Scott Novak,HF,win,6.5,over
2024_04_NO_ATL,2024,REG,4,2024-09-29,NO,ATL,24.0,26.0,2.5,41.5,50.0,1,John Hussey,HF,loss,-0.5,over
2024_04_PHI_TB,2024,REG,4,2024-09-29,PHI,TB,16.0,33.0,-1.0,42.0,49.0,0,Carl Cheffers,AF,loss,-18.0,over
2024_04_PIT_IND,2024,REG,4,2024-09-29,PIT,IND,24.0,27.0,-2.5,40.0,51.0,0,Land Clark,AF,loss,-5.5,over
2024_04_SEA_DET,2024,REG,4,2024-09-30,SEA,DET,29.0,42.0,3.5,46.5,71.0,0,Alex Kemp,HF,win,9.5,over
2024_04_TEN_MIA,2024,REG,4,2024-09-30,TEN,MIA,31.0,12.0,2.5,37.0,43.0,0,Clete Blakeman,HF,loss,-21.5,over
2024_04_WAS_ARI,2024,REG,4,2024-09-29,WAS,ARI,42.0,14.0,3.5,49.0,56.0,0,Craig Wrolstad,HF,loss,-31.5,over
2024_05_ARI_SF,2024,REG,5,2024-10-06,ARI,SF,24.0,23.0,7.0,48.5,47.0,1,Land Clark,HF,loss,-8.0,under
2024_05_BAL_CIN,2024,REG,5,2024-10-06,BAL,CIN,41.0,38.0,-2.5,48.5,79.0,1,Bill Vinovich,AF,win,0.5,over
2024_05_BUF_HOU,2024,REG,5,2024-10-06,BUF,HOU,20.0,23.0,1.0,48.0,43.0,0,Clay Martin,HF,win,2.0,under
2024_05_CAR_CHI,2024,REG,5,2024-10-06,CAR,CHI,10.0,36.0,4.0,40.0,46.0,0,Tra Blake,HF,win,22.0,over
2024_05_CLE_WAS,2024,REG,5,2024-10-06,CLE,WAS,13.0,34.0,3.0,44.0,47.0,0,Alan Eck,HF,win,18.0,over
2024_05_DAL_PIT,2024,REG,5,2024-10-06,DAL,PIT,20.0,17.0,2.5,43.5,37.0,0,Shawn Hochuli,HF,loss,-5.5,under
2024_05_GB_LA,2024,REG,5,2024-10-06,GB,LA,24.0,19.0,-3.0,49.5,43.0,0,Brad Allen,AF,win,2.0,under
2024_05_IND_JAX,2024,REG,5,2024-10-06,IND,JAX,34.0,37.0,3.5,45.0,71.0,1,Carl Cheffers,HF,loss,-0.5,over
2024_05_LV_DEN,2024,REG,5,2024-10-06,LV,DEN,18.0,34.0,3.0,36.0,52.0,1,Craig Wrolstad,HF,win,13.0,over
2024_05_MIA_NE,2024,REG,5,2024-10-06,MIA,NE,15.0,10.0,-2.0,37.0,25.0,1,Adrian Hill,AF,win,3.0,under
2024_05_NO_KC,2024,REG,5,2024-10-07,NO,KC,13.0,26.0,5.5,43.0,39.0,0,Brad Rogers,HF,win,7.5,under
2024_05_NYG_SEA,2024,REG,5,2024-10-06,NYG,SEA,29.0,20.0,7.0,42.5,49.0,0,Shawn Smith,HF,loss,-16.0,over
2024_05_NYJ_MIN,2024,REG,5,2024-10-06,NYJ,MIN,17.0,23.0,2.5,42.0,40.0,0,Scott Novak,HF,win,3.5,under
2024_05_TB_ATL,2024,REG,5,2024-10-03,TB,ATL,30.0,36.0,2.5,44.0,66.0,1,Ron Torbert,HF,win,3.5,over
2024_06_ARI_GB,2024,REG,6,2024-10-13,ARI,GB,13.0,34.0,5.5,47.0,47.0,0,Alex Kemp,HF,win,15.5,push
2024_06_ATL_CAR,2024,REG,6,2024-10-13,ATL,CAR,38.0,20.0,-6.0,45.5,58.0,1,Clay Martin,AF,win,12.0,over
2024_06_BUF_NYJ,2024,REG,6,2024-10-14,BUF,NYJ,23.0,20.0,-1.0,42.0,43.0,1,Adrian Hill,AF,win,2.0,over
2024_06_CIN_NYG,2024,REG,6,2024-10-13,CIN,NYG,17.0,7.0,-4.5,46.0,24.0,0,Carl Cheffers,AF,win,5.5,under
2024_06_CLE_PHI,2024,REG,6,2024-10-13,CLE,PHI,16.0,20.0,8.0,42.0,36.0,0,Shawn Hochuli,HF,loss,-4.0,under
2024_06_DET_DAL,2024,REG,6,2024-10-13,DET,DAL,47.0,9.0,-3.5,52.5,56.0,0,John Hussey,AF,win,34.5,over
2024_06_HOU_NE,2024,REG,6,2024-10-13,HOU,NE,41.0,21.0,-6.5,38.5,62.0,0,Ron Torbert,AF,win,13.5,over
2024_06_IND_TEN,2024,REG,6,2024-10-13,IND,TEN,20.0,17.0,2.5,42.0,37.0,1,Brad Rogers,HF,loss,-5.5,under
2024_06_JAX_CHI,2024,REG,6,2024-10-13,JAX,CHI,16.0,35.0,-1.5,44.5,51.0,0,Brad Allen,AF,loss,-20.5,over
2024_06_LAC_DEN,2024,REG,6,2024-10-13,LAC,DEN,23.0,16.0,-3.0,37.0,39.0,1,Tra Blake,AF,win,4.0,over
2024_06_PIT_LV,2024,REG,6,2024-10-13,PIT,LV,32.0,13.0,-3.5,36.5,45.0,0,Alan Eck,AF,win,15.5,over
2024_06_SF_SEA,2024,REG,6,2024-10-10,SF,SEA,36.0,24.0,-3.5,49.0,60.0,1,Craig Wrolstad,AF,win,8.5,over
2024_06_TB_NO,2024,REG,6,2024-10-13,TB,NO,51.0,27.0,-3.5,42.5,78.0,1,Clete Blakeman,AF,win,20.5,over
2024_06_WAS_BAL,2024,REG,6,2024-10-13,WAS,BAL,23.0,30.0,6.5,51.5,53.0,0,Land Clark,HF,win,0.5,over
2024_07_BAL_TB,2024,REG,7,2024-10-21,BAL,TB,41.0,31.0,-4.5,51.0,72.0,0,Alex Kemp,AF,win,5.5,over
2024_07_CAR_WAS,2024,REG,7,2024-10-20,CAR,WAS,7.0,40.0,10.0,51.0,47.0,0,Carl Cheffers,HF,win,23.0,under
2024_07_CIN_CLE,2024,REG,7,2024-10-20,CIN,CLE,21.0,14.0,-5.5,42.0,35.0,1,Ron Torbert,AF,win,1.5,under
2024_07_DEN_NO,2024,REG,7,2024-10-17,DEN,NO,33.0,10.0,-2.5,37.0,43.0,0,Land Clark,AF,win,20.5,over
2024_07_DET_MIN,2024,REG,7,2024-10-20,DET,MIN,31.0,29.0,1.0,50.5,60.0,1,Clay Martin,HF,loss,-3.0,over
2024_07_HOU_GB,2024,REG,7,2024-10-20,HOU,GB,22.0,24.0,3.0,48.0,46.0,0,Scott Novak,HF,loss,-1.0,under
2024_07_KC_SF,2024,REG,7,2024-10-20,KC,SF,28.0,18.0,2.5,47.5,46.0,0,Alan Eck,HF,loss,-12.5,under
2024_07_LAC_ARI,2024,REG,7,2024-10-21,LAC,ARI,15.0,17.0,-1.0,44.0,32.0,0,Clete Blakeman,AF,loss,-3.0,under
2024_07_LV_LA,2024,REG,7,2024-10-20,LV,LA,15.0,20.0,7.0,43.0,35.0,0,Shawn Hochuli,HF,loss,-2.0,under
2024_07_MIA_IND,2024,REG,7,2024-10-20,MIA,IND,10.0,16.0,3.0,44.0,26.0,0,Craig Wrolstad,HF,win,3.0,under
2024_07_NE_JAX,2024,REG,7,2024-10-20,NE,JAX,16.0,32.0,6.5,42.0,48.0,0,Brad Rogers,HF,win,9.5,over
2024_07_NYJ_PIT,2024,REG,7,2024-10-20,NYJ,PIT,15.0,37.0,-3.0,40.0,52.0,0,Shawn Smith,AF,loss,-25.0,over
2024_07_PHI_NYG,2024,REG,7,2024-10-20,PHI,NYG,28.0,3.0,-3.0,42.0,31.0,1,Tra Blake,AF,win,22.0,under
2024_07_SEA_ATL,2024,REG,7,2024-10-20,SEA,ATL,34.0,14.0,3.0,51.5,48.0,0,Bill Vinovich,HF,loss,-23.0,under
2024_07_TEN_BUF,2024,REG,7,2024-10-20,TEN,BUF,10.0,34.0,9.5,41.0,44.0,0,John Hussey,HF,win,14.5,over
2024_08_ARI_MIA,2024,REG,8,2024-10-27,ARI,MIA,28.0,27.0,4.0,46.5,55.0,0,Clay Martin,HF,loss,-5.0,over
2024_08_ATL_TB,2024,REG,8,2024-10-27,ATL,TB,31.0,26.0,-1.5,47.0,57.0,1,Shawn Hochuli,AF,win,3.5,over
2024_08_BAL_CLE,2024,REG,8,2024-10-27,BAL,CLE,24.0,29.0,-7.5,44.5,53.0,1,Shawn Smith,AF,loss,-12.5,over
2024_08_BUF_SEA,2024,REG,8,2024-10-27,BUF,SEA,31.0,10.0,-3.0,45.5,41.0,0,Ron Torbert,AF,win,18.0,under
2024_08_CAR_DEN,2024,REG,8,2024-10-27,CAR,DEN,14.0,28.0,13.0,40.5,42.0,0,Alex Kemp,HF,win,1.0,over
2024_08_CHI_WAS,2024,REG,8,2024-10-27,CHI,WAS,15.0,18.0,1.5,46.5,33.0,0,Clete Blakeman,HF,win,1.5,under
2024_08_DAL_SF,2024,REG,8,2024-10-27,DAL,SF,24.0,30.0,5.5,48.0,54.0,0,Bill Vinovich,HF,win,0.5,over
2024_08_GB_JAX,2024,REG,8,2024-10-27,GB,JAX,30.0,27.0,-3.5,49.0,57.0,0,Land Clark,AF,loss,-0.5,over
2024_08_IND_HOU,2024,REG,8,2024-10-27,IND,HOU,20.0,23.0,5.0,45.0,43.0,1,Brad Allen,HF,loss,-2.0,under
2024_08_KC_LV,2024,REG,8,2024-10-27,KC,LV,27.0,20.0,-9.0,42.0,47.0,1,Adrian Hill,AF,loss,-2.0,over
2024_08_MIN_LA,2024,REG,8,2024-10-24,MIN,LA,20.0,30.0,-3.0,47.5,50.0,0,Tra Blake,AF,loss,-13.0,over
2024_08_NO_LAC,2024,REG,8,2024-10-27,NO,LAC,8.0,26.0,7.0,41.5,34.0,0,Alan Eck,HF,win,11.0,under
2024_08_NYG_PIT,2024,REG,8,2024-10-28,NYG,PIT,18.0,26.0,6.0,37.5,44.0,0,Scott Novak,HF,win,2.0,over
2024_08_NYJ_NE,2024,REG,8,2024-10-27,NYJ,NE,22.0,25.0,-7.0,41.0,47.0,1,Craig Wrolstad,AF,loss,-10.0,over
2024_08_PHI_CIN,2024,REG,8,2024-10-27,PHI,CIN,37.0,17.0,2.5,47.5,54.0,0,John Hussey,HF,loss,-22.5,over
2024_08_TEN_DET,2024,REG,8,2024-10-27,TEN,DET,14.0,52.0,12.5,45.0,66.0,0,Carl Cheffers,HF,win,25.5,over
2024_09_CHI_ARI,2024,REG,9,2024-11-03,CHI,ARI,9.0,29.0,1.5,44.5,38.0,0,Carl Cheffers,HF,win,18.5,under
2024_09_DAL_ATL,2024,REG,9,2024-11-03,DAL,ATL,21.0,27.0,3.0,52.0,48.0,0,Scott Novak,HF,win,3.0,under
2024_09_DEN_BAL,2024,REG,9,2024-11-03,DEN,BAL,10.0,41.0,9.0,46.5,51.0,0,Adrian Hill,HF,win,22.0,over
2024_09_DET_GB,2024,REG,9,2024-11-03,DET,GB,24.0,14.0,-2.5,47.5,38.0,1,Clete Blakeman,AF,win,7.5,under
2024_09_HOU_NYJ,2024,REG,9,2024-10-31,HOU,NYJ,13.0,21.0,2.5,43.5,34.0,0,Shawn Hochuli,HF,win,5.5,under
2024_09_IND_MIN,2024,REG,9,2024-11-03,IND,MIN,13.0,21.0,6.5,47.0,34.0,0,Shawn Smith,HF,win,1.5,under
2024_09_JAX_PHI,2024,REG,9,2024-11-03,JAX,PHI,23.0,28.0,7.5,46.0,51.0,0,Alan Eck,HF,loss,-2.5,over
2024_09_LAC_CLE,2024,REG,9,2024-11-03,LAC,CLE,27.0,10.0,-2.0,42.5,37.0,0,Bill Vinovich,AF,win,15.0,under
2024_09_LA_SEA,2024,REG,9,2024-11-03,LA,SEA,26.0,20.0,-1.5,48.5,46.0,1,Clay Martin,AF,win,4.5,under
2024_09_LV_CIN,2024,REG,9,2024-11-03,LV,CIN,24.0,41.0,8.0,45.0,65.0,0,Brad Rogers,HF,win,9.0,over
2024_09_MIA_BUF,2024,REG,9,2024-11-03,MIA,BUF,27.0,30.0,6.5,49.0,57.0,1,Tra Blake,HF,loss,-3.5,over
2024_09_NE_TEN,2024,REG,9,2024-11-03,NE,TEN,17.0,20.0,3.0,38.5,37.0,0,Alex Kemp,HF,push,0.0,under
2024_09_NO_CAR,2024,REG,9,2024-11-03,NO,CAR,22.0,23.0,-7.0,43.5,45.0,1,Ron Torbert,AF,loss,-8.0,over
2024_09_TB_KC,2024,REG,9,2024-11-04,TB,KC,24.0,30.0,9.0,45.5,54.0,0,John Hussey,HF,loss,-3.0,over
2024_09_WAS_NYG,2024,REG,9,2024-11-03,WAS,NYG,27.0,22.0,-4.5,44.5,49.0,1,Brad Allen,AF,win,0.5,over
2024_10_ATL_NO,2024,REG,10,2024-11-10,ATL,NO,17.0,20.0,-3.5,46.5,37.0,1,Carl Cheffers,AF,loss,-6.5,under
2024_10_BUF_IND,2024,REG,10,2024-11-10,BUF,IND,30.0,20.0,-4.5,46.5,50.0,0,Scott Novak,AF,win,5.5,over
2024_10_CIN_BAL,2024,REG,10,2024-11-07,CIN,BAL,34.0,35.0,6.0,53.0,69.0,1,Clete Blakeman,HF,loss,-5.0,over
2024_10_DEN_KC,2024,REG,10,2024-11-10,DEN,KC,14.0,16.0,7.5,42.5,30.0,1,Brad Allen,HF,loss,-5.5,under
2024_10_DET_HOU,2024,REG,10,2024-11-10,DET,HOU,26.0,23.0,-4.5,49.0,49.0,0,Bill Vinovich,AF,loss,-1.5,push
2024_10_MIA_LA,2024,REG,10,2024-11-11,MIA,LA,23.0,15.0,2.5,49.5,38.0,0,Ron Torbert,HF,loss,-10.5,under
2024_10_MIN_JAX,2024,REG,10,2024-11-10,MIN,JAX,12.0,7.0,-7.0,42.5,19.0,0,Adrian Hill,AF,loss,-2.0,under
2024_10_NE_CHI,2024,REG,10,2024-11-10,NE,CHI,19.0,3.0,6.5,37.5,22.0,0,Land Clark,HF,loss,-22.5,under
2024_10_NYG_CAR,2024,REG,10,2024-11-10,NYG,CAR,17.0,20.0,-6.5,40.5,37.0,0,Shawn Hochuli,AF,loss,-9.5,under
2024_10_NYJ_ARI,2024,REG,10,2024-11-10,NYJ,ARI,6.0,31.0,-2.0,45.5,37.0,0,John Hussey,AF,loss,-27.0,under
2024_10_PHI_DAL,2024,REG,10,2024-11-10,PHI,DAL,34.0,6.0,-7.5,44.5,40.0,1,Alex Kemp,AF,win,20.5,under
2024_10_PIT_WAS,2024,REG,10,2024-11-10,PIT,WAS,28.0,27.0,1.5,45.0,55.0,0,Brad Rogers,HF,loss,-2.5,over
2024_10_SF_TB,2024,REG,10,2024-11-10,SF,TB,23.0,20.0,-6.5,50.5,43.0,0,Shawn Smith,AF,loss,-3.5,under
2024_10_TEN_LAC,2024,REG,10,2024-11-10,TEN,LAC,17.0,27.0,8.0,40.0,44.0,0,Craig Wrolstad,HF,win,2.0,over
2024_11_ATL_DEN,2024,REG,11,2024-11-17,ATL,DEN,6.0,38.0,2.0,44.5,44.0,0,Alan Eck,HF,win,30.0,under
2024_11_BAL_PIT,2024,REG,11,2024-11-17,BAL,PIT,16.0,18.0,-3.0,48.0,34.0,1,Clay Martin,AF,loss,-5.0,under
2024_11_CIN_LAC,2024,REG,11,2024-11-17,CIN,LAC,27.0,34.0,1.0,48.0,61.0,0,Brad Allen,HF,win,6.0,over
2024_11_CLE_NO,2024,REG,11,2024-11-17,CLE,NO,14.0,35.0,-1.0,44.0,49.0,0,Alex Kemp,AF,loss,-22.0,over
2024_11_GB_CHI,2024,REG,11,2024-11-17,GB,CHI,20.0,19.0,-6.0,41.0,39.0,1,Bill Vinovich,AF,loss,-5.0,under
2024_11_HOU_DAL,2024,REG,11,2024-11-18,HOU,DAL,34.0,10.0,-7.5,41.5,44.0,0,Craig Wrolstad,AF,win,16.5,over
2024_11_IND_NYJ,2024,REG,11,2024-11-17,IND,NYJ,28.0,27.0,4.0,43.0,55.0,0,Tra Blake,HF,loss,-5.0,over
2024_11_JAX_DET,2024,REG,11,2024-11-17,JAX,DET,6.0,52.0,14.0,47.5,58.0,0,Scott Novak,HF,win,32.0,over
2024_11_KC_BUF,2024,REG,11,2024-11-17,KC,BUF,21.0,30.0,2.5,46.5,51.0,0,Land Clark,HF,win,6.5,over
2024_11_LA_NE,2024,REG,11,2024-11-17,LA,NE,28.0,22.0,-4.0,42.5,50.0,0,Shawn Smith,AF,win,2.0,over
2024_11_LV_MIA,2024,REG,11,2024-11-17,LV,MIA,19.0,34.0,8.0,43.5,53.0,0,John Hussey,HF,win,7.0,over
2024_11_MIN_TEN,2024,REG,11,2024-11-17,MIN,TEN,23.0,13.0,-6.0,40.0,36.0,0,Clete Blakeman,AF,win,4.0,under
2024_11_SEA_SF,2024,REG,11,2024-11-17,SEA,SF,20.0,17.0,6.0,49.0,37.0,1,Brad Rogers,HF,loss,-9.0,under
2024_11_WAS_PHI,2024,REG,11,2024-11-14,WAS,PHI,18.0,26.0,4.5,49.5,44.0,1,Adrian Hill,HF,win,3.5,under
2024_12_ARI_SEA,2024,REG,12,2024-11-24,ARI,SEA,6.0,16.0,-1.0,46.5,22.0,1,Scott Novak,AF,loss,-11.0,under
2024_12_BAL_LAC,2024,REG,12,2024-11-25,BAL,LAC,30.0,23.0,-3.0,51.0,53.0,0,Craig Wrolstad,AF,win,4.0,over
2024_12_DAL_WAS,2024,REG,12,2024-11-24,DAL,WAS,34.0,26.0,10.5,45.0,60.0,1,Tra Blake,HF,loss,-18.5,over
2024_12_DEN_LV,2024,REG,12,2024-11-24,DEN,LV,29.0,19.0,-6.5,41.5,48.0,1,Ron Torbert,AF,win,3.5,over
2024_12_DET_IND,2024,REG,12,2024-11-24,DET,IND,24.0,6.0,-7.0,50.5,30.0,0,Shawn Hochuli,AF,win,11.0,under
2024_12_KC_CAR,2024,REG,12,2024-11-24,KC,CAR,30.0,27.0,-11.0,43.0,57.0,0,Shawn Smith,AF,loss,-8.0,over
2024_12_MIN_CHI,2024,REG,12,2024-11-24,MIN,CHI,30.0,27.0,-3.0,39.5,57.0,1,Clay Martin,AF,push,0.0,over
2024_12_NE_MIA,2024,REG,12,2024-11-24,NE,MIA,15.0,34.0,7.5,46.0,49.0,1,Alan Eck,HF,win,11.5,over
2024_12_PHI_LA,2024,REG,12,2024-11-24,PHI,LA,37.0,20.0,-3.0,49.0,57.0,0,Land Clark,AF,win,14.0,over
2024_12_PIT_CLE,2024,REG,12,2024-11-21,PIT,CLE,19.0,24.0,-3.5,36.5,43.0,1,Brad Allen,AF,loss,-8.5,over
2024_12_SF_GB,2024,REG,12,2024-11-24,SF,GB,10.0,38.0,6.5,44.5,48.0,0,Craig Wrolstad,HF,win,21.5,over
2024_12_TB_NYG,2024,REG,12,2024-11-24,TB,NYG,30.0,7.0,-6.5,40.5,37.0,0,Adrian Hill,AF,win,16.5,under
2024_12_TEN_HOU,2024,REG,12,2024-11-24,TEN,HOU,32.0,27.0,8.0,40.5,59.0,1,Brad Rogers,HF,loss,-13.0,over
2024_13_ARI_MIN,2024,REG,13,2024-12-01,ARI,MIN,22.0,23.0,3.5,45.5,45.0,0,Bill Vinovich,HF,loss,-2.5,under
2024_13_CHI_DET,2024,REG,13,2024-11-28,CHI,DET,20.0,23.0,9.5,47.5,43.0,1,Alan Eck,HF,loss,-6.5,under
2024_13_CLE_DEN,2024,REG,13,2024-12-02,CLE,DEN,32.0,41.0,6.5,41.5,73.0,0,John Hussey,HF,win,2.5,over
2024_13_HOU_JAX,2024,REG,13,2024-12-01,HOU,JAX,23.0,20.0,-3.5,44.5,43.0,1,Land Clark,AF,loss,-0.5,under
2024_13_IND_NE,2024,REG,13,2024-12-01,IND,NE,25.0,24.0,-2.5,41.5,49.0,0,Adrian Hill,AF,loss,-1.5,over
2024_13_LAC_ATL,2024,REG,13,2024-12-01,LAC,ATL,17.0,13.0,-1.0,47.0,30.0,0,Clete Blakeman,AF,win,3.0,under
2024_13_LA_NO,2024,REG,13,2024-12-01,LA,NO,21.0,14.0,-2.5,48.5,35.0,0,Brad Allen,AF,win,4.5,under
2024_13_LV_KC,2024,REG,13,2024-11-29,LV,KC,17.0,19.0,13.5,42.0,36.0,1,Clay Martin,HF,loss,-11.5,under
2024_13_MIA_GB,2024,REG,13,2024-11-28,MIA,GB,17.0,30.0,3.5,47.5,47.0,0,Shawn Smith,HF,win,9.5,under
2024_13_NYG_DAL,2024,REG,13,2024-11-28,NYG,DAL,20.0,27.0,4.5,39.0,47.0,1,Brad Rogers,HF,win,2.5,over
2024_13_PHI_BAL,2024,REG,13,2024-12-01,PHI,BAL,24.0,19.0,3.0,50.0,43.0,0,Craig Wrolstad,HF,loss,-8.0,under
2024_13_PIT_CIN,2024,REG,13,2024-12-01,PIT,CIN,44.0,38.0,3.0,46.0,82.0,1,Shawn Hochuli,HF,loss,-9.0,over
2024_13_SEA_NYJ,2024,REG,13,2024-12-01,SEA,NYJ,26.0,21.0,1.0,41.5,47.0,0,Carl Cheffers,HF,loss,-6.0,over
2024_13_SF_BUF,2024,REG,13,2024-12-01,SF,BUF,10.0,35.0,6.5,45.0,45.0,0,Alex Kemp,HF,win,18.5,push
2024_13_TB_CAR,2024,REG,13,2024-12-01,TB,CAR,26.0,23.0,-6.5,46.0,49.0,1,Tra Blake,AF,loss,-3.5,over
2024_13_TEN_WAS,2024,REG,13,2024-12-01,TEN,WAS,19.0,42.0,6.0,45.0,61.0,0,Ron Torbert,HF,win,17.0,over
2024_14_ATL_MIN,2024,REG,14,2024-12-08,ATL,MIN,21.0,42.0,6.0,46.5,63.0,0,Alex Kemp,HF,win,15.0,over
2024_14_BUF_LA,2024,REG,14,2024-12-08,BUF,LA,42.0,44.0,-3.5,49.5,86.0,0,Craig Wrolstad,AF,loss,-5.5,over
2024_14_CAR_PHI,2024,REG,14,2024-12-08,CAR,PHI,16.0,22.0,14.0,44.5,38.0,0,Carl Cheffers,HF,loss,-8.0,under
2024_14_CHI_SF,2024,REG,14,2024-12-08,CHI,SF,13.0,38.0,3.0,43.5,51.0,0,Ron Torbert,HF,win,22.0,over
2024_14_CIN_DAL,2024,REG,14,2024-12-09,CIN,DAL,27.0,20.0,-5.0,51.0,47.0,0,Scott Novak,AF,win,2.0,under
2024_14_CLE_PIT,2024,REG,14,2024-12-08,CLE,PIT,14.0,27.0,6.0,43.0,41.0,1,Land Clark,HF,win,7.0,under
2024_14_GB_DET,2024,REG,14,2024-12-05,GB,DET,31.0,34.0,3.0,53.0,65.0,1,John Hussey,HF,push,0.0,over
2024_14_JAX_TEN,2024,REG,14,2024-12-08,JAX,TEN,10.0,6.0,3.0,40.0,16.0,1,Tra Blake,HF,loss,-7.0,under
2024_14_LAC_KC,2024,REG,14,2024-12-08,LAC,KC,17.0,19.0,5.0,43.5,36.0,1,Bill Vinovich,HF,loss,-3.0,under
2024_14_LV_TB,2024,REG,14,2024-12-08,LV,TB,13.0,28.0,7.0,47.0,41.0,0,Alan Eck,HF,win,8.0,under
2024_14_NO_NYG,2024,REG,14,2024-12-08,NO,NYG,14.0,11.0,-5.5,41.0,25.0,0,Clete Blakeman,AF,loss,-2.5,under
2024_14_NYJ_MIA,2024,REG,14,2024-12-08,NYJ,MIA,26.0,32.0,6.5,45.0,58.0,1,Shawn Hochuli,HF,loss,-0.5,over
2024_14_SEA_ARI,2024,REG,14,2024-12-08,SEA,ARI,30.0,18.0,3.0,45.5,48.0,1,Clay Martin,HF,loss,-15.0,over
2024_15_ATL_LV,2024,REG,15,2024-12-16,ATL,LV,15.0,9.0,-6.5,44.5,24.0,0,Shawn Smith,AF,loss,-0.5,under
2024_15_BAL_NYG,2024,REG,15,2024-12-15,BAL,NYG,35.0,14.0,-16.5,43.5,49.0,0,Brad Allen,AF,win,4.5,over
2024_15_BUF_DET,2024,REG,15,2024-12-15,BUF,DET,48.0,42.0,2.5,55.5,90.0,0,Adrian Hill,HF,loss,-8.5,over
2024_15_CHI_MIN,2024,REG,15,2024-12-16,CHI,MIN,12.0,30.0,7.0,43.5,42.0,1,John Hussey,HF,win,11.0,under
2024_15_CIN_TEN,2024,REG,15,2024-12-15,CIN,TEN,37.0,27.0,-6.0,46.5,64.0,0,Craig Wrolstad,AF,win,4.0,over
2024_15_DAL_CAR,2024,REG,15,2024-12-15,DAL,CAR,30.0,14.0,2.5,42.0,44.0,0,Bill Vinovich,HF,loss,-18.5,over
2024_15_GB_SEA,2024,REG,15,2024-12-15,GB,SEA,30.0,13.0,-3.0,48.0,43.0,0,Clete Blakeman,AF,win,14.0,under
2024_15_IND_DEN,2024,REG,15,2024-12-15,IND,DEN,13.0,31.0,4.5,43.5,44.0,0,Carl Cheffers,HF,win,13.5,over
2024_15_KC_CLE,2024,REG,15,2024-12-15,KC,CLE,21.0,7.0,-4.5,41.5,28.0,0,Tra Blake,AF,win,9.5,under
2024_15_LA_SF,2024,REG,15,2024-12-12,LA,SF,12.0,6.0,3.0,48.5,18.0,1,Clay Martin,HF,loss,-9.0,under
2024_15_MIA_HOU,2024,REG,15,2024-12-15,MIA,HOU,12.0,20.0,2.5,46.5,32.0,0,Alex Kemp,HF,win,5.5,under
2024_15_NE_ARI,2024,REG,15,2024-12-15,NE,ARI,17.0,30.0,6.0,46.5,47.0,0,Ron Torbert,HF,win,7.0,over
2024_15_NYJ_JAX,2024,REG,15,2024-12-15,NYJ,JAX,32.0,25.0,-3.5,41.5,57.0,0,Brad Rogers,AF,win,3.5,over
2024_15_PIT_PHI,2024,REG,15,2024-12-15,PIT,PHI,13.0,27.0,5.5,43.0,40.0,0,Alan Eck,HF,win,8.5,under
2024_15_TB_LAC,2024,REG,15,2024-12-15,TB,LAC,40.0,17.0,3.0,46.0,57.0,0,Scott Novak,HF,loss,-26.0,over
2024_15_WAS_NO,2024,REG,15,2024-12-15,WAS,NO,20.0,19.0,-7.5,44.5,39.0,0,Shawn Hochuli,AF,loss,-6.5,under
2024_16_ARI_CAR,2024,REG,16,2024-12-22,ARI,CAR,30.0,36.0,-5.5,47.0,66.0,0,Adrian Hill,AF,loss,-11.5,over
2024_16_CLE_CIN,2024,REG,16,2024-12-22,CLE,CIN,6.0,24.0,10.0,46.5,30.0,1,Brad Rogers,HF,win,8.0,under
2024_16_DEN_LAC,2024,REG,16,2024-12-19,DEN,LAC,27.0,34.0,3.0,41.5,61.0,1,Clay Martin,HF,win,4.0,over
2024_16_DET_CHI,2024,REG,16,2024-12-22,DET,CHI,34.0,17.0,-7.0,47.5,51.0,1,Clete Blakeman,AF,win,10.0,over
2024_16_HOU_KC,2024,REG,16,2024-12-21,HOU,KC,19.0,27.0,3.5,42.5,46.0,0,Carl Cheffers,HF,win,4.5,over
2024_16_JAX_LV,2024,REG,16,2024-12-22,JAX,LV,14.0,19.0,2.5,41.5,33.0,0,Shawn Hochuli,HF,win,2.5,under
2024_16_LA_NYJ,2024,REG,16,2024-12-22,LA,NYJ,19.0,9.0,-3.0,47.0,28.0,0,Ron Torbert,AF,win,7.0,under
2024_16_MIN_SEA,2024,REG,16,2024-12-22,MIN,SEA,27.0,24.0,-2.5,43.0,51.0,0,Craig Wrolstad,AF,win,0.5,over
2024_16_NE_BUF,2024,REG,16,2024-12-22,NE,BUF,21.0,24.0,14.0,48.0,45.0,1,Brad Allen,HF,loss,-11.0,under
2024_16_NO_GB,2024,REG,16,2024-12-23,NO,GB,0.0,34.0,14.0,44.0,34.0,0,Alex Kemp,HF,win,20.0,under
2024_16_NYG_ATL,2024,REG,16,2024-12-22,NYG,ATL,7.0,34.0,9.5,42.5,41.0,0,Tra Blake,HF,win,17.5,under
2024_16_PHI_WAS,2024,REG,16,2024-12-22,PHI,WAS,33.0,36.0,-4.0,47.0,69.0,1,Shawn Smith,AF,loss,-7.0,over
2024_16_PIT_BAL,2024,REG,16,2024-12-21,PIT,BAL,17.0,34.0,7.0,44.5,51.0,1,Bill Vinovich,HF,win,10.0,over
2024_16_SF_MIA,2024,REG,16,2024-12-22,SF,MIA,17.0,29.0,-2.0,44.0,46.0,0,Scott Novak,AF,loss,-14.0,over
2024_16_TB_DAL,2024,REG,16,2024-12-22,TB,DAL,24.0,26.0,-4.5,47.5,50.0,0,Land Clark,AF,loss,-6.5,over
2024_16_TEN_IND,2024,REG,16,2024-12-22,TEN,IND,30.0,38.0,4.0,42.5,68.0,1,John Hussey,HF,win,4.0,over
2024_17_ARI_LA,2024,REG,17,2024-12-28,ARI,LA,9.0,13.0,6.5,48.0,22.0,1,Brad Rogers,HF,loss,-2.5,under
2024_17_ATL_WAS,2024,REG,17,2024-12-29,ATL,WAS,24.0,30.0,3.5,46.5,54.0,0,Alex Kemp,HF,win,2.5,over
2024_17_BAL_HOU,2024,REG,17,2024-12-25,BAL,HOU,31.0,2.0,-5.5,46.5,33.0,0,Alan Eck,AF,win,23.5,under
2024_17_CAR_TB,2024,REG,17,2024-12-29,CAR,TB,14.0,48.0,9.5,47.5,62.0,1,Clay Martin,HF,win,24.5,over
2024_17_DAL_PHI,2024,REG,17,2024-12-29,DAL,PHI,7.0,41.0,7.5,37.5,48.0,1,Brad Allen,HF,win,26.5,over
2024_17_DEN_CIN,2024,REG,17,2024-12-28,DEN,CIN,24.0,30.0,3.5,50.5,54.0,0,Adrian Hill,HF,win,2.5,over
2024_17_DET_SF,2024,REG,17,2024-12-30,DET,SF,40.0,34.0,-4.0,50.5,74.0,0,Shawn Hochuli,AF,win,2.0,over
2024_17_GB_MIN,2024,REG,17,2024-12-29,GB,MIN,25.0,27.0,-1.0,49.0,52.0,1,Carl Cheffers,AF,loss,-3.0,over
2024_17_IND_NYG,2024,REG,17,2024-12-29,IND,NYG,33.0,45.0,-7.5,40.5,78.0,0,Bill Vinovich,AF,loss,-19.5,over
2024_17_KC_PIT,2024,REG,17,2024-12-25,KC,PIT,29.0,10.0,-3.0,43.5,39.0,0,Craig Wrolstad,AF,win,16.0,under
2024_17_LAC_NE,2024,REG,17,2024-12-28,LAC,NE,40.0,7.0,-6.0,42.0,47.0,0,John Hussey,AF,win,27.0,over
2024_17_LV_NO,2024,REG,17,2024-12-29,LV,NO,25.0,10.0,-2.0,37.5,35.0,0,Land Clark,AF,win,13.0,under
2024_17_MIA_CLE,2024,REG,17,2024-12-29,MIA,CLE,20.0,3.0,-3.0,32.5,23.0,0,Ron Torbert,AF,win,14.0,under
2024_17_NYJ_BUF,2024,REG,17,2024-12-29,NYJ,BUF,14.0,40.0,10.0,44.5,54.0,1,Clete Blakeman,HF,win,16.0,over
2024_17_SEA_CHI,2024,REG,17,2024-12-26,SEA,CHI,6.0,3.0,-3.5,43.5,9.0,0,Scott Novak,AF,loss,-0.5,under
2024_17_TEN_JAX,2024,REG,17,2024-12-29,TEN,JAX,13.0,20.0,-1.0,38.0,33.0,1,Shawn Smith,AF,loss,-8.0,under
2024_18_BUF_NE,2024,REG,18,2025-01-05,BUF,NE,16.0,23.0,-3.0,36.5,39.0,1,Alan Eck,AF,loss,-10.0,over
2024_18_CAR_ATL,2024,REG,18,2025-01-05,CAR,ATL,44.0,38.0,7.5,48.5,82.0,1,Land Clark,HF,loss,-13.5,over
2024_18_CHI_GB,2024,REG,18,2025-01-05,CHI,GB,24.0,22.0,10.0,41.5,46.0,1,Clay Martin,HF,loss,-12.0,over
2024_18_CIN_PIT,2024,REG,18,2025-01-04,CIN,PIT,19.0,17.0,-2.5,48.5,36.0,1,John Hussey,AF,loss,-0.5,under
2024_18_CLE_BAL,2024,REG,18,2025-01-04,CLE,BAL,10.0,35.0,19.5,42.5,45.0,1,Scott Novak,HF,win,5.5,over
2024_18_HOU_TEN,2024,REG,18,2025-01-05,HOU,TEN,23.0,14.0,2.5,36.5,37.0,1,Brad Allen,HF,loss,-11.5,over
2024_18_JAX_IND,2024,REG,18,2025-01-05,JAX,IND,23.0,26.0,3.5,45.5,49.0,1,Alex Kemp,HF,loss,-0.5,over
2024_18_KC_DEN,2024,REG,18,2025-01-05,KC,DEN,0.0,38.0,10.5,40.5,38.0,1,Shawn Hochuli,HF,win,27.5,under
2024_18_LAC_LV,2024,REG,18,2025-01-05,LAC,LV,34.0,20.0,-7.0,42.5,54.0,1,Carl Cheffers,AF,win,7.0,over
2024_18_MIA_NYJ,2024,REG,18,2025-01-05,MIA,NYJ,20.0,32.0,1.5,39.5,52.0,1,Tra Blake,HF,win,10.5,over
2024_18_MIN_DET,2024,REG,18,2025-01-05,MIN,DET,9.0,31.0,3.0,56.5,40.0,1,Brad Rogers,HF,win,19.0,under
2024_18_NO_TB,2024,REG,18,2025-01-05,NO,TB,19.0,27.0,14.5,44.5,46.0,1,Adrian Hill,HF,loss,-6.5,over
2024_18_NYG_PHI,2024,REG,18,2025-01-05,NYG,PHI,13.0,20.0,3.0,36.5,33.0,1,Ron Torbert,HF,win,4.0,under
2024_18_SEA_LA,2024,REG,18,2025-01-05,SEA,LA,30.0,25.0,-7.5,38.5,55.0,1,Bill Vinovich,AF,loss,-2.5,over
2024_18_SF_ARI,2024,REG,18,2025-01-05,SF,ARI,24.0,47.0,4.5,42.5,71.0,1,Shawn Smith,HF,win,18.5,over
2024_18_WAS_DAL,2024,REG,18,2025-01-05,WAS,DAL,23.0,19.0,-7.0,43.5,42.0,1,Clete Blakeman,AF,loss,-3.0,under
2024_19_DEN_BUF,2024,WC,19,2025-01-12,DEN,BUF,7.0,31.0,7.5,48.5,38.0,0,Bill Vinovich,HF,win,16.5,under
2024_19_GB_PHI,2024,WC,19,2025-01-12,GB,PHI,10.0,22.0,5.5,45.5,32.0,0,Brad Allen,HF,win,6.5,under
2024_19_LAC_HOU,2024,WC,19,2025-01-11,LAC,HOU,12.0,32.0,-3.0,41.5,44.0,0,Land Clark,AF,loss,-23.0,over
2024_19_MIN_LA,2024,WC,19,2025-01-13,MIN,LA,9.0,27.0,-2.5,47.5,36.0,0,John Hussey,AF,loss,-20.5,under
2024_19_PIT_BAL,2024,WC,19,2025-01-11,PIT,BAL,14.0,28.0,9.5,44.5,42.0,1,Alex Kemp,HF,win,4.5,under
2024_19_WAS_TB,2024,WC,19,2025-01-12,WAS,TB,23.0,20.0,3.0,51.5,43.0,0,Craig Wrolstad,HF,loss,-6.0,under
2024_20_BAL_BUF,2024,DIV,20,2025-01-19,BAL,BUF,25.0,27.0,-1.5,51.5,52.0,0,Carl Cheffers,AF,loss,-3.5,over
2024_20_HOU_KC,2024,DIV,20,2025-01-18,HOU,KC,14.0,23.0,9.5,41.5,37.0,0,Clay Martin,HF,loss,-0.5,under
2024_20_LA_PHI,2024,DIV,20,2025-01-19,LA,PHI,22.0,28.0,7.0,43.5,50.0,0,Shawn Smith,HF,loss,-1.0,over
2024_20_WAS_DET,2024,DIV,20,2025-01-18,WAS,DET,45.0,31.0,8.5,55.5,76.0,0,Ron Torbert,HF,loss,-22.5,over
2024_21_BUF_KC,2024,CON,21,2025-01-26,BUF,KC,29.0,32.0,1.5,49.5,61.0,0,Clete Blakeman,HF,win,1.5,over
2024_21_WAS_PHI,2024,CON,21,2025-01-26,WAS,PHI,23.0,55.0,6.0,46.5,78.0,1,Shawn Hochuli,HF,win,26.0,over
2024_22_KC_PHI,2024,SB,22,2025-02-09,KC,PHI,22.0,40.0,-1.5,48.5,62.0,0,Ron Torbert,AF,loss,-19.5,over
2025_01_ARI_NO,2025,REG,1,2025-09-07,ARI,NO,20.0,13.0,-6.0,44.5,33.0,0,Scott Novak,AF,win,1.0,under
2025_01_BAL_BUF,2025,REG,1,2025-09-07,BAL,BUF,40.0,41.0,-1.5,50.5,81.0,0,John Hussey,AF,loss,-2.5,over
2025_01_CAR_JAX,2025,REG,1,2025-09-07,CAR,JAX,10.0,26.0,4.5,45.5,36.0,0,Alex Moore,HF,win,11.5,under
2025_01_CIN_CLE,2025,REG,1,2025-09-07,CIN,CLE,17.0,16.0,-5.5,47.5,33.0,1,Adrian Hill,AF,loss,-4.5,under
2025_01_DAL_PHI,2025,REG,1,2025-09-04,DAL,PHI,20.0,24.0,8.5,47.5,44.0,1,Shawn Smith,HF,loss,-4.5,under
2025_01_DET_GB,2025,REG,1,2025-09-07,DET,GB,13.0,27.0,1.5,48.5,40.0,1,Clete Blakeman,HF,win,12.5,under
2025_01_HOU_LA,2025,REG,1,2025-09-07,HOU,LA,9.0,14.0,3.5,43.5,23.0,0,Craig Wrolstad,HF,win,1.5,under
2025_01_KC_LAC,2025,REG,1,2025-09-05,KC,LAC,21.0,27.0,-3.0,47.5,48.0,1,Carl Cheffers,AF,loss,-9.0,over
2025_01_LV_NE,2025,REG,1,2025-09-07,LV,NE,20.0,13.0,2.5,44.5,33.0,0,Ron Torbert,HF,loss,-9.5,under
2025_01_MIA_IND,2025,REG,1,2025-09-07,MIA,IND,8.0,33.0,1.5,47.5,41.0,0,Brad Allen,HF,win,23.5,under
2025_01_MIN_CHI,2025,REG,1,2025-09-08,MIN,CHI,27.0,24.0,-1.5,43.5,51.0,1,Alan Eck,AF,win,1.5,over
2025_01_NYG_WAS,2025,REG,1,2025-09-07,NYG,WAS,6.0,21.0,6.0,45.5,27.0,1,Clay Martin,HF,win,9.0,under
2025_01_PIT_NYJ,2025,REG,1,2025-09-07,PIT,NYJ,34.0,32.0,-3.0,37.5,66.0,0,Bill Vinovich,AF,loss,-1.0,over
2025_01_SF_SEA,2025,REG,1,2025-09-07,SF,SEA,17.0,13.0,-2.5,43.5,30.0,1,Shawn Hochuli,AF,win,1.5,under
2025_01_TB_ATL,2025,REG,1,2025-09-07,TB,ATL,23.0,20.0,-1.5,47.5,43.0,1,Land Clark,AF,win,1.5,under
2025_01_TEN_DEN,2025,REG,1,2025-09-07,TEN,DEN,12.0,20.0,8.5,42.5,32.0,0,Alex Kemp,HF,loss,-0.5,under
2025_02_ATL_MIN,2025,REG,2,2025-09-14,ATL,MIN,22.0,6.0,3.5,44.5,28.0,0,Adrian Hill,HF,loss,-19.5,under
2025_02_BUF_NYJ,2025,REG,2,2025-09-14,BUF,NYJ,30.0,10.0,-6.0,47.5,40.0,1,Clete Blakeman,AF,win,14.0,under
2025_02_CAR_ARI,2025,REG,2,2025-09-14,CAR,ARI,22.0,27.0,7.0,45.5,49.0,0,Ron Torbert,HF,loss,-2.0,over
2025_02_CHI_DET,2025,REG,2,2025-09-14,CHI,DET,21.0,52.0,6.0,46.5,73.0,1,Land Clark,HF,win,25.0,over
2025_02_CLE_BAL,2025,REG,2,2025-09-14,CLE,BAL,17.0,41.0,12.5,46.5,58.0,1,Brad Allen,HF,win,11.5,over
2025_02_DEN_IND,2025,REG,2,2025-09-14,DEN,IND,28.0,29.0,-2.5,43.5,57.0,0,Craig Wrolstad,AF,loss,-3.5,over
2025_02_JAX_CIN,2025,REG,2,2025-09-14,JAX,CIN,27.0,31.0,3.5,49.5,58.0,0,Alan Eck,HF,win,0.5,over
2025_02_LAC_LV,2025,REG,2,2025-09-15,LAC,LV,20.0,9.0,-3.5,46.5,29.0,1,Clay Martin,AF,win,7.5,under
2025_02_LA_TEN,2025,REG,2,2025-09-14,LA,TEN,33.0,19.0,-5.5,41.5,52.0,0,John Hussey,AF,win,8.5,over
2025_02_NE_MIA,2025,REG,2,2025-09-14,NE,MIA,33.0,27.0,1.5,43.5,60.0,1,Alex Moore,HF,loss,-7.5,over
2025_02_NYG_DAL,2025,REG,2,2025-09-14,NYG,DAL,37.0,40.0,4.5,44.5,77.0,1,Bill Vinovich,HF,loss,-1.5,over
2025_02_PHI_KC,2025,REG,2,2025-09-14,PHI,KC,20.0,17.0,-1.5,46.5,37.0,0,Alex Kemp,AF,win,1.5,under
2025_02_SEA_PIT,2025,REG,2,2025-09-14,SEA,PIT,31.0,17.0,3.5,40.5,48.0,0,Scott Novak,HF,loss,-17.5,over
2025_02_SF_NO,2025,REG,2,2025-09-14,SF,NO,26.0,21.0,-3.0,40.5,47.0,0,Shawn Smith,AF,win,2.0,over
2025_02_TB_HOU,2025,REG,2,2025-09-15,TB,HOU,20.0,19.0,2.5,42.5,39.0,0,Shawn Hochuli,HF,loss,-3.5,under
2025_02_WAS_GB,2025,REG,2,2025-09-11,WAS,GB,18.0,27.0,3.5,48.5,45.0,0,Brad Rogers,HF,win,5.5,under
2025_03_ARI_SF,2025,REG,3,2025-09-21,ARI,SF,15.0,16.0,1.5,44.5,31.0,1,John Hussey,HF,loss,-0.5,under
2025_03_ATL_CAR,2025,REG,3,2025-09-21,ATL,CAR,0.0,30.0,-5.5,44.5,30.0,1,Craig Wrolstad,AF,loss,-35.5,under
2025_03_CIN_MIN,2025,REG,3,2025-09-21,CIN,MIN,10.0,48.0,3.0,41.5,58.0,0,Ron Torbert,HF,win,35.0,over
2025_03_DAL_CHI,2025,REG,3,2025-09-21,DAL,CHI,14.0,31.0,-1.5,49.5,45.0,0,Clay Martin,AF,loss,-18.5,under
2025_03_DEN_LAC,2025,REG,3,2025-09-21,DEN,LAC,20.0,23.0,2.5,45.5,43.0,1,Shawn Smith,HF,win,0.5,under
2025_03_DET_BAL,2025,REG,3,2025-09-22,DET,BAL,38.0,30.0,4.5,53.5,68.0,0,Bill Vinovich,HF,loss,-12.5,over
2025_03_GB_CLE,2025,REG,3,2025-09-21,GB,CLE,10.0,13.0,-8.5,41.5,23.0,0,Carl Cheffers,AF,loss,-11.5,under
2025_03_HOU_JAX,2025,REG,3,2025-09-21,HOU,JAX,10.0,17.0,1.5,43.5,27.0,1,Alex Kemp,HF,win,5.5,under
2025_03_IND_TEN,2025,REG,3,2025-09-21,IND,TEN,41.0,20.0,-6.0,43.5,61.0,1,Scott Novak,AF,win,15.0,over
2025_03_KC_NYG,2025,REG,3,2025-09-21,KC,NYG,22.0,9.0,-6.0,44.5,31.0,0,Land Clark,AF,win,7.0,under
2025_03_LA_PHI,2025,REG,3,2025-09-21,LA,PHI,26.0,33.0,3.5,45.5,59.0,0,Brad Rogers,HF,win,3.5,over
2025_03_LV_WAS,2025,REG,3,2025-09-21,LV,WAS,24.0,41.0,2.5,43.5,65.0,0,Shawn Hochuli,HF,win,14.5,over
2025_03_MIA_BUF,2025,REG,3,2025-09-18,MIA,BUF,21.0,31.0,12.5,50.5,52.0,1,Alan Eck,HF,loss,-2.5,over
2025_03_NO_SEA,2025,REG,3,2025-09-21,NO,SEA,13.0,44.0,7.5,41.5,57.0,0,Alex Moore,HF,win,23.5,over
2025_03_NYJ_TB,2025,REG,3,2025-09-21,NYJ,TB,27.0,29.0,6.5,43.5,56.0,0,Adrian Hill,HF,loss,-4.5,over
2025_03_PIT_NE,2025,REG,3,2025-09-21,PIT,NE,21.0,14.0,-1.5,44.5,35.0,0,Clete Blakeman,AF,win,5.5,under
2025_04_BAL_KC,2025,REG,4,2025-09-28,BAL,KC,20.0,37.0,-2.5,48.5,57.0,0,Clay Martin,AF,loss,-19.5,over
2025_04_CAR_NE,2025,REG,4,2025-09-28,CAR,NE,13.0,42.0,5.5,42.5,55.0,0,Bill Vinovich,HF,win,23.5,over
2025_04_CHI_LV,2025,REG,4,2025-09-28,CHI,LV,25.0,24.0,1.5,47.5,49.0,0,Adrian Hill,HF,loss,-2.5,over
2025_04_CIN_DEN,2025,REG,4,2025-09-29,CIN,DEN,3.0,28.0,7.5,44.5,31.0,0,Alex Moore,HF,win,17.5,under
2025_04_CLE_DET,2025,REG,4,2025-09-28,CLE,DET,10.0,34.0,10.0,44.5,44.0,0,Shawn Smith,HF,win,14.0,under
2025_04_GB_DAL,2025,REG,4,2025-09-28,GB,DAL,40.0,40.0,-7.0,47.5,80.0,0,Ron Torbert,AF,loss,-7.0,over
2025_04_IND_LA,2025,REG,4,2025-09-28,IND,LA,20.0,27.0,3.5,49.5,47.0,0,Carl Cheffers,HF,win,3.5,under
2025_04_JAX_SF,2025,REG,4,2025-09-28,JAX,SF,26.0,21.0,3.5,45.5,47.0,0,Clete Blakeman,HF,loss,-8.5,over
2025_04_LAC_NYG,2025,REG,4,2025-09-28,LAC,NYG,18.0,21.0,-6.0,43.5,39.0,0,Shawn Hochuli,AF,loss,-9.0,under
2025_04_MIN_PIT,2025,REG,4,2025-09-28,MIN,PIT,21.0,24.0,-2.5,41.5,45.0,0,Brad Allen,AF,loss,-5.5,over
2025_04_NO_BUF,2025,REG,4,2025-09-28,NO,BUF,19.0,31.0,15.5,48.5,50.0,0,Land Clark,HF,loss,-3.5,over
2025_04_NYJ_MIA,2025,REG,4,2025-09-29,NYJ,MIA,21.0,27.0,2.5,44.5,48.0,1,Craig Wrolstad,HF,win,3.5,over
2025_04_PHI_TB,2025,REG,4,2025-09-28,PHI,TB,31.0,25.0,-3.5,44.5,56.0,0,Alan Eck,AF,win,2.5,over
2025_04_SEA_ARI,2025,REG,4,2025-09-25,SEA,ARI,23.0,20.0,-1.5,43.5,43.0,1,Alex Kemp,AF,win,1.5,under
2025_04_TEN_HOU,2025,REG,4,2025-09-28,TEN,HOU,0.0,26.0,7.5,39.5,26.0,1,Brad Rogers,HF,win,18.5,under
2025_04_WAS_ATL,2025,REG,4,2025-09-28,WAS,ATL,27.0,34.0,2.5,43.5,61.0,0,Scott Novak,HF,win,4.5,over
2025_05_DAL_NYJ,2025,REG,5,2025-10-05,DAL,NYJ,37.0,22.0,1.5,48.5,59.0,0,Alex Moore,HF,loss,-16.5,over
2025_05_DEN_PHI,2025,REG,5,2025-10-05,DEN,PHI,21.0,17.0,3.5,44.5,38.0,0,Adrian Hill,HF,loss,-7.5,under
2025_05_DET_CIN,2025,REG,5,2025-10-05,DET,CIN,37.0,24.0,-10.5,49.5,61.0,0,Carl Cheffers,AF,win,2.5,over
2025_05_HOU_BAL,2025,REG,5,2025-10-05,HOU,BAL,44.0,10.0,-2.5,41.5,54.0,0,Land Clark,AF,win,31.5,over
2025_05_KC_JAX,2025,REG,5,2025-10-06,KC,JAX,28.0,31.0,-3.5,45.5,59.0,0,Brad Rogers,AF,loss,-6.5,over
2025_05_LV_IND,2025,REG,5,2025-10-05,LV,IND,6.0,40.0,7.0,46.5,46.0,0,Alex Kemp,HF,win,27.0,under
2025_05_MIA_CAR,2025,REG,5,2025-10-05,MIA,CAR,24.0,27.0,-1.5,44.5,51.0,0,Clay Martin,AF,loss,-4.5,over
2025_05_MIN_CLE,2025,REG,5,2025-10-05,MIN,CLE,21.0,17.0,-3.5,35.5,38.0,0,Scott Novak,AF,win,0.5,over
2025_05_NE_BUF,2025,REG,5,2025-10-05,NE,BUF,23.0,20.0,7.5,49.5,43.0,1,Shawn Hochuli,HF,loss,-10.5,under
2025_05_NYG_NO,2025,REG,5,2025-10-05,NYG,NO,14.0,26.0,1.5,41.5,40.0,0,Alan Eck,HF,win,10.5,under
2025_05_SF_LA,2025,REG,5,2025-10-02,SF,LA,26.0,23.0,8.5,43.5,49.0,1,Bill Vinovich,HF,loss,-11.5,over
2025_05_TB_SEA,2025,REG,5,2025-10-05,TB,SEA,38.0,35.0,3.5,44.5,73.0,0,Craig Wrolstad,HF,loss,-6.5,over
2025_05_TEN_ARI,2025,REG,5,2025-10-05,TEN,ARI,22.0,21.0,7.5,41.5,43.0,0,Shawn Smith,HF,loss,-8.5,over
2025_05_WAS_LAC,2025,REG,5,2025-10-05,WAS,LAC,27.0,10.0,2.5,47.5,37.0,0,John Hussey,HF,loss,-19.5,under
2025_06_ARI_IND,2025,REG,6,2025-10-12,ARI,IND,27.0,31.0,8.5,46.5,58.0,0,Shawn Hochuli,HF,loss,-4.5,over
2025_06_BUF_ATL,2025,REG,6,2025-10-13,BUF,ATL,14.0,24.0,-3.5,49.5,38.0,0,Shawn Smith,AF,loss,-13.5,under
2025_06_CHI_WAS,2025,REG,6,2025-10-13,CHI,WAS,25.0,24.0,5.5,49.5,49.0,0,Alex Moore,HF,loss,-6.5,under
2025_06_CIN_GB,2025,REG,6,2025-10-12,CIN,GB,18.0,27.0,14.0,44.5,45.0,0,Brad Allen,HF,loss,-5.0,over
2025_06_CLE_PIT,2025,REG,6,2025-10-12,CLE,PIT,9.0,23.0,5.5,37.5,32.0,1,Ron Torbert,HF,win,8.5,under
2025_06_DAL_CAR,2025,REG,6,2025-10-12,DAL,CAR,27.0,30.0,-3.0,47.5,57.0,0,John Hussey,AF,loss,-6.0,over
2025_06_DEN_NYJ,2025,REG,6,2025-10-12,DEN,NYJ,13.0,11.0,-7.5,43.5,24.0,0,Land Clark,AF,loss,-5.5,under
2025_06_DET_KC,2025,REG,6,2025-10-12,DET,KC,17.0,30.0,2.5,51.5,47.0,0,Craig Wrolstad,HF,win,10.5,under
2025_06_LAC_MIA,2025,REG,6,2025-10-12,LAC,MIA,29.0,27.0,-3.5,45.5,56.0,0,Bill Vinovich,AF,loss,-1.5,over
2025_06_LA_BAL,2025,REG,6,2025-10-12,LA,BAL,17.0,3.0,-7.0,43.5,20.0,0,Alex Kemp,AF,win,7.0,under
2025_06_NE_NO,2025,REG,6,2025-10-12,NE,NO,25.0,19.0,-3.5,46.5,44.0,0,Adrian Hill,AF,win,2.5,under
2025_06_PHI_NYG,2025,REG,6,2025-10-09,PHI,NYG,17.0,34.0,-7.0,40.5,51.0,1,Clete Blakeman,AF,loss,-24.0,over
2025_06_SEA_JAX,2025,REG,6,2025-10-12,SEA,JAX,20.0,12.0,-1.5,47.5,32.0,0,Clay Martin,AF,win,6.5,under
2025_06_SF_TB,2025,REG,6,2025-10-12,SF,TB,19.0,30.0,3.5,46.5,49.0,0,Brad Rogers,HF,win,7.5,over
2025_06_TEN_LV,2025,REG,6,2025-10-12,TEN,LV,10.0,20.0,3.5,41.5,30.0,0,Carl Cheffers,HF,win,6.5,under
2025_07_ATL_SF,2025,REG,7,2025-10-19,ATL,SF,10.0,20.0,1.5,46.5,30.0,0,Ron Torbert,HF,win,8.5,under
2025_07_CAR_NYJ,2025,REG,7,2025-10-19,CAR,NYJ,13.0,6.0,1.5,39.5,19.0,0,Brad Rogers,HF,loss,-8.5,under
2025_07_GB_ARI,2025,REG,7,2025-10-19,GB,ARI,27.0,23.0,-7.0,44.5,50.0,0,Alex Moore,AF,loss,-3.0,over
2025_07_HOU_SEA,2025,REG,7,2025-10-20,HOU,SEA,19.0,27.0,3.0,41.5,46.0,0,Carl Cheffers,HF,win,5.0,over
2025_07_IND_LAC,2025,REG,7,2025-10-19,IND,LAC,38.0,24.0,2.5,48.5,62.0,0,Alan Eck,HF,loss,-16.5,over
2025_07_LA_JAX,2025,REG,7,2025-10-19,LA,JAX,35.0,7.0,-3.0,44.5,42.0,0,Adrian Hill,AF,win,25.0,under
2025_07_LV_KC,2025,REG,7,2025-10-19,LV,KC,0.0,31.0,13.5,44.5,31.0,1,Clete Blakeman,HF,win,17.5,under
2025_07_MIA_CLE,2025,REG,7,2025-10-19,MIA,CLE,6.0,31.0,2.5,34.5,37.0,0,Shawn Hochuli,HF,win,22.5,over
2025_07_NE_TEN,2025,REG,7,2025-10-19,NE,TEN,31.0,13.0,-6.5,40.5,44.0,0,Craig Wrolstad,AF,win,11.5,over
2025_07_NO_CHI,2025,REG,7,2025-10-19,NO,CHI,14.0,26.0,4.5,43.5,40.0,0,Scott Novak,HF,win,7.5,under
2025_07_NYG_DEN,2025,REG,7,2025-10-19,NYG,DEN,32.0,33.0,7.5,39.5,65.0,0,Brad Allen,HF,loss,-6.5,over
2025_07_PHI_MIN,2025,REG,7,2025-10-19,PHI,MIN,28.0,22.0,-2.5,43.5,50.0,0,Bill Vinovich,AF,win,3.5,over
2025_07_PIT_CIN,2025,REG,7,2025-10-16,PIT,CIN,31.0,33.0,-5.5,45.5,64.0,1,Clay Martin,AF,loss,-7.5,over
2025_07_TB_DET,2025,REG,7,2025-10-20,TB,DET,9.0,24.0,6.0,54.5,33.0,0,John Hussey,HF,win,9.0,under
2025_07_WAS_DAL,2025,REG,7,2025-10-19,WAS,DAL,22.0,44.0,1.5,54.5,66.0,1,Alex Kemp,HF,win,20.5,over
2025_08_BUF_CAR,2025,REG,8,2025-10-26,BUF,CAR,40.0,9.0,-7.0,47.5,49.0,0,Craig Wrolstad,AF,win,24.0,over
2025_08_CHI_BAL,2025,REG,8,2025-10-26,CHI,BAL,16.0,30.0,2.5,45.5,46.0,0,Shawn Smith,HF,win,11.5,over
2025_08_CLE_NE,2025,REG,8,2025-10-26,CLE,NE,13.0,32.0,7.0,40.5,45.0,0,Alex Moore,HF,win,12.0,over
2025_08_DAL_DEN,2025,REG,8,2025-10-26,DAL,DEN,24.0,44.0,3.5,51.5,68.0,0,Carl Cheffers,HF,win,16.5,over
2025_08_GB_PIT,2025,REG,8,2025-10-26,GB,PIT,35.0,25.0,-3.0,46.5,60.0,0,Shawn Hochuli,AF,win,7.0,over
2025_08_MIA_ATL,2025,REG,8,2025-10-26,MIA,ATL,34.0,10.0,7.0,44.5,44.0,0,John Hussey,HF,loss,-31.0,under
2025_08_MIN_LAC,2025,REG,8,2025-10-23,MIN,LAC,10.0,37.0,3.0,45.5,47.0,0,Clete Blakeman,HF,win,24.0,over
2025_08_NYG_PHI,2025,REG,8,2025-10-26,NYG,PHI,20.0,38.0,7.0,43.5,58.0,1,Brad Rogers,HF,win,11.0,over
2025_08_NYJ_CIN,2025,REG,8,2025-10-26,NYJ,CIN,39.0,38.0,5.5,43.5,77.0,0,Scott Novak,HF,loss,-6.5,over
2025_08_SF_HOU,2025,REG,8,2025-10-26,SF,HOU,15.0,26.0,2.5,41.5,41.0,0,Alan Eck,HF,win,8.5,under
2025_08_TB_NO,2025,REG,8,2025-10-26,TB,NO,23.0,3.0,-4.5,46.5,26.0,1,Ron Torbert,AF,win,15.5,under
2025_08_TEN_IND,2025,REG,8,2025-10-26,TEN,IND,14.0,38.0,15.5,47.5,52.0,1,Land Clark,HF,win,8.5,over
2025_08_WAS_KC,2025,REG,8,2025-10-27,WAS,KC,7.0,28.0,10.5,48.5,35.0,0,Brad Allen,HF,win,10.5,under
2025_09_ARI_DAL,2025,REG,9,2025-11-03,ARI,DAL,27.0,17.0,3.5,53.5,44.0,0,Adrian Hill,HF,loss,-13.5,under
2025_09_ATL_NE,2025,REG,9,2025-11-02,ATL,NE,23.0,24.0,5.5,45.5,47.0,0,Brad Allen,HF,loss,-4.5,over
2025_09_BAL_MIA,2025,REG,9,2025-10-30,BAL,MIA,28.0,6.0,-7.5,51.5,34.0,0,Scott Novak,AF,win,14.5,under
2025_09_CAR_GB,2025,REG,9,2025-11-02,CAR,GB,16.0,13.0,12.5,43.5,29.0,0,Land Clark,HF,loss,-15.5,under
2025_09_CHI_CIN,2025,REG,9,2025-11-02,CHI,CIN,47.0,42.0,-3.0,51.5,89.0,0,Clete Blakeman,AF,win,2.0,over
2025_09_DEN_HOU,2025,REG,9,2025-11-02,DEN,HOU,18.0,15.0,1.5,40.5,33.0,0,Ron Torbert,HF,loss,-4.5,under
2025_09_IND_PIT,2025,REG,9,2025-11-02,IND,PIT,20.0,27.0,-3.5,51.5,47.0,0,Craig Wrolstad,AF,loss,-10.5,under
2025_09_JAX_LV,2025,REG,9,2025-11-02,JAX,LV,30.0,29.0,-2.5,43.5,59.0,0,Alan Eck,AF,loss,-1.5,over
2025_09_KC_BUF,2025,REG,9,2025-11-02,KC,BUF,21.0,28.0,-2.5,53.5,49.0,0,Carl Cheffers,AF,loss,-9.5,under
2025_09_LAC_TEN,2025,REG,9,2025-11-02,LAC,TEN,27.0,20.0,-10.0,44.5,47.0,0,Alex Kemp,AF,loss,-3.0,over
2025_09_MIN_DET,2025,REG,9,2025-11-02,MIN,DET,27.0,24.0,9.5,47.5,51.0,1,Clay Martin,HF,loss,-12.5,over
2025_09_NO_LA,2025,REG,9,2025-11-02,NO,LA,10.0,34.0,14.0,44.5,44.0,0,Shawn Smith,HF,win,10.0,under
2025_09_SEA_WAS,2025,REG,9,2025-11-02,SEA,WAS,38.0,14.0,-2.5,47.5,52.0,0,Bill Vinovich,AF,win,21.5,over
2025_09_SF_NYG,2025,REG,9,2025-11-02,SF,NYG,34.0,24.0,-2.5,47.5,58.0,0,John Hussey,AF,win,7.5,over
2025_10_ARI_SEA,2025,REG,10,2025-11-09,ARI,SEA,22.0,44.0,7.0,44.5,66.0,1,Alan Eck,HF,win,15.0,over
2025_10_ATL_IND,2025,REG,10,2025-11-09,ATL,IND,25.0,31.0,6.5,48.5,56.0,0,Clete Blakeman,HF,loss,-0.5,over
2025_10_BAL_MIN,2025,REG,10,2025-11-09,BAL,MIN,27.0,19.0,-4.5,48.5,46.0,0,Shawn Hochuli,AF,win,3.5,under
2025_10_BUF_MIA,2025,REG,10,2025-11-09,BUF,MIA,13.0,30.0,-8.5,50.5,43.0,1,Ron Torbert,AF,loss,-25.5,under
2025_10_CLE_NYJ,2025,REG,10,2025-11-09,CLE,NYJ,20.0,27.0,-1.5,37.5,47.0,0,Shawn Smith,AF,loss,-8.5,over
2025_10_DET_WAS,2025,REG,10,2025-11-09,DET,WAS,44.0,22.0,-8.5,49.5,66.0,0,Scott Novak,AF,win,13.5,over
2025_10_JAX_HOU,2025,REG,10,2025-11-09,JAX,HOU,29.0,36.0,-1.5,37.5,65.0,1,Alex Moore,AF,loss,-8.5,over
2025_10_LA_SF,2025,REG,10,2025-11-09,LA,SF,42.0,26.0,-5.5,49.5,68.0,1,Land Clark,AF,win,10.5,over
2025_10_LV_DEN,2025,REG,10,2025-11-06,LV,DEN,7.0,10.0,9.5,42.5,17.0,1,Bill Vinovich,HF,loss,-6.5,under
2025_10_NE_TB,2025,REG,10,2025-11-09,NE,TB,28.0,23.0,2.5,48.5,51.0,0,Alex Kemp,HF,loss,-7.5,over
2025_10_NO_CAR,2025,REG,10,2025-11-09,NO,CAR,17.0,7.0,5.5,38.5,24.0,1,Brad Allen,HF,loss,-15.5,under
2025_10_NYG_CHI,2025,REG,10,2025-11-09,NYG,CHI,20.0,24.0,4.5,45.5,44.0,0,Adrian Hill,HF,loss,-0.5,under
2025_10_PHI_GB,2025,REG,10,2025-11-10,PHI,GB,10.0,7.0,1.5,45.5,17.0,0,Clay Martin,HF,loss,-4.5,under
2025_10_PIT_LAC,2025,REG,10,2025-11-09,PIT,LAC,10.0,25.0,3.0,45.5,35.0,0,Brad Rogers,HF,win,12.0,under
2025_11_BAL_CLE,2025,REG,11,2025-11-16,BAL,CLE,23.0,16.0,-7.5,37.5,39.0,1,Land Clark,AF,loss,-0.5,over
2025_11_CAR_ATL,2025,REG,11,2025-11-16,CAR,ATL,30.0,27.0,4.5,42.5,57.0,1,Clay Martin,HF,loss,-7.5,over
2025_11_CHI_MIN,2025,REG,11,2025-11-16,CHI,MIN,19.0,17.0,3.0,47.5,36.0,1,Brad Rogers,HF,loss,-5.0,under
2025_11_CIN_PIT,2025,REG,11,2025-11-16,CIN,PIT,12.0,34.0,5.5,48.5,46.0,1,Bill Vinovich,HF,win,16.5,under
2025_11_DAL_LV,2025,REG,11,2025-11-17,DAL,LV,33.0,16.0,-3.5,48.5,49.0,0,Brad Allen,AF,win,13.5,over
2025_11_DET_PHI,2025,REG,11,2025-11-16,DET,PHI,9.0,16.0,2.5,46.5,25.0,0,Alex Kemp,HF,win,4.5,under
2025_11_GB_NYG,2025,REG,11,2025-11-16,GB,NYG,27.0,20.0,-7.5,41.5,47.0,0,Scott Novak,AF,loss,-0.5,over
2025_11_HOU_TEN,2025,REG,11,2025-11-16,HOU,TEN,16.0,13.0,-5.5,37.5,29.0,1,Shawn Hochuli,AF,loss,-2.5,under
2025_11_KC_DEN,2025,REG,11,2025-11-16,KC,DEN,19.0,22.0,-3.5,44.5,41.0,1,Adrian Hill,AF,loss,-6.5,under
2025_11_LAC_JAX,2025,REG,11,2025-11-16,LAC,JAX,6.0,35.0,-3.0,43.5,41.0,0,Craig Wrolstad,AF,loss,-32.0,under
2025_11_NYJ_NE,2025,REG,11,2025-11-13,NYJ,NE,14.0,27.0,12.5,43.5,41.0,1,Alan Eck,HF,win,0.5,under
2025_11_SEA_LA,2025,REG,11,2025-11-16,SEA,LA,19.0,21.0,3.0,49.5,40.0,1,John Hussey,HF,loss,-1.0,under
2025_11_SF_ARI,2025,REG,11,2025-11-16,SF,ARI,41.0,22.0,-3.5,48.5,63.0,1,Carl Cheffers,AF,win,15.5,over
2025_11_TB_BUF,2025,REG,11,2025-11-16,TB,BUF,32.0,44.0,6.0,46.5,76.0,0,Alex Moore,HF,win,6.0,over
2025_11_WAS_MIA,2025,REG,11,2025-11-16,WAS,MIA,13.0,16.0,2.5,47.5,29.0,0,Shawn Smith,HF,win,0.5,under
2025_12_ATL_NO,2025,REG,12,2025-11-23,ATL,NO,24.0,10.0,1.5,41.5,34.0,1,Brad Rogers,HF,loss,-15.5,under
2025_12_BUF_HOU,2025,REG,12,2025-11-20,BUF,HOU,19.0,23.0,-5.5,43.5,42.0,0,Adrian Hill,AF,loss,-9.5,under
2025_12_CAR_SF,2025,REG,12,2025-11-24,CAR,SF,9.0,20.0,7.5,48.5,29.0,0,Alex Kemp,HF,win,3.5,under
2025_12_CLE_LV,2025,REG,12,2025-11-23,CLE,LV,24.0,10.0,3.0,35.5,34.0,0,Shawn Hochuli,HF,loss,-17.0,under
2025_12_IND_KC,2025,REG,12,2025-11-23,IND,KC,20.0,23.0,3.5,50.5,43.0,0,Alex Moore,HF,loss,-0.5,under
2025_12_JAX_ARI,2025,REG,12,2025-11-23,JAX,ARI,27.0,24.0,-2.5,47.5,51.0,0,Scott Novak,AF,win,0.5,over
2025_12_MIN_GB,2025,REG,12,2025-11-23,MIN,GB,6.0,23.0,6.5,41.5,29.0,1,Carl Cheffers,HF,win,10.5,under
2025_12_NE_CIN,2025,REG,12,2025-11-23,NE,CIN,26.0,20.0,-7.5,50.5,46.0,0,Land Clark,AF,loss,-1.5,under
2025_12_NYG_DET,2025,REG,12,2025-11-23,NYG,DET,27.0,34.0,14.0,50.5,61.0,0,Craig Wrolstad,HF,loss,-7.0,over
2025_12_NYJ_BAL,2025,REG,12,2025-11-23,NYJ,BAL,10.0,23.0,14.0,44.5,33.0,0,Clete Blakeman,HF,loss,-1.0,under
2025_12_PHI_DAL,2025,REG,12,2025-11-23,PHI,DAL,21.0,24.0,-3.0,47.5,45.0,1,Bill Vinovich,AF,loss,-6.0,under
2025_12_PIT_CHI,2025,REG,12,2025-11-23,PIT,CHI,28.0,31.0,3.0,46.5,59.0,0,John Hussey,HF,push,0.0,over
2025_12_SEA_TEN,2025,REG,12,2025-11-23,SEA,TEN,30.0,24.0,-12.5,41.5,54.0,0,Ron Torbert,AF,loss,-6.5,over
2025_12_TB_LA,2025,REG,12,2025-11-23,TB,LA,7.0,34.0,7.0,49.5,41.0,0,Clay Martin,HF,win,20.0,under
2025_13_ARI_TB,2025,REG,13,2025-11-30,ARI,TB,17.0,20.0,4.5,44.5,37.0,0,Bill Vinovich,HF,loss,-1.5,under
2025_13_ATL_NYJ,2025,REG,13,2025-11-30,ATL,NYJ,24.0,27.0,-3.0,38.5,51.0,0,Shawn Hochuli,AF,loss,-6.0,over
2025_13_BUF_PIT,2025,REG,13,2025-11-30,BUF,PIT,26.0,7.0,-3.0,44.5,33.0,0,Alex Kemp,AF,win,16.0,under
2025_13_CHI_PHI,2025,REG,13,2025-11-28,CHI,PHI,24.0,15.0,7.0,43.5,39.0,0,Carl Cheffers,HF,loss,-16.0,under
2025_13_CIN_BAL,2025,REG,13,2025-11-27,CIN,BAL,32.0,14.0,7.0,52.5,46.0,1,Craig Wrolstad,HF,loss,-25.0,under
2025_13_DEN_WAS,2025,REG,13,2025-11-30,DEN,WAS,27.0,26.0,-6.5,43.5,53.0,0,Land Clark,AF,loss,-5.5,over
2025_13_GB_DET,2025,REG,13,2025-11-27,GB,DET,31.0,24.0,2.5,48.5,55.0,1,Ron Torbert,HF,loss,-9.5,over
2025_13_HOU_IND,2025,REG,13,2025-11-30,HOU,IND,20.0,16.0,3.0,44.5,36.0,1,Clay Martin,HF,loss,-7.0,under
2025_13_JAX_TEN,2025,REG,13,2025-11-30,JAX,TEN,25.0,3.0,-6.0,42.5,28.0,1,Brad Rogers,AF,win,16.0,under
2025_13_KC_DAL,2025,REG,13,2025-11-27,KC,DAL,28.0,31.0,-3.5,53.5,59.0,0,John Hussey,AF,loss,-6.5,over
2025_13_LA_CAR,2025,REG,13,2025-11-30,LA,CAR,28.0,31.0,-10.0,44.5,59.0,0,Scott Novak,AF,loss,-13.0,over
2025_13_LV_LAC,2025,REG,13,2025-11-30,LV,LAC,14.0,31.0,10.0,40.5,45.0,1,Alex Moore,HF,win,7.0,over
2025_13_MIN_SEA,2025,REG,13,2025-11-30,MIN,SEA,0.0,26.0,12.5,42.5,26.0,0,Clete Blakeman,HF,win,13.5,under
2025_13_NO_MIA,2025,REG,13,2025-11-30,NO,MIA,17.0,21.0,5.5,41.5,38.0,0,Alan Eck,HF,loss,-1.5,under
2025_13_NYG_NE,2025,REG,13,2025-12-01,NYG,NE,15.0,33.0,7.0,46.5,48.0,0,Alex Kemp,HF,win,11.0,over
2025_13_SF_CLE,2025,REG,13,2025-11-30,SF,CLE,26.0,8.0,-5.5,35.5,34.0,0,Brad Allen,AF,win,12.5,under
2025_14_CHI_GB,2025,REG,14,2025-12-07,CHI,GB,21.0,28.0,6.5,44.5,49.0,1,Craig Wrolstad,HF,win,0.5,over
2025_14_CIN_BUF,2025,REG,14,2025-12-07,CIN,BUF,34.0,39.0,6.0,54.5,73.0,0,Brad Rogers,HF,loss,-1.0,over
2025_14_DAL_DET,2025,REG,14,2025-12-04,DAL,DET,30.0,44.0,3.5,55.5,74.0,0,Shawn Hochuli,HF,win,10.5,over
2025_14_DEN_LV,2025,REG,14,2025-12-07,DEN,LV,24.0,17.0,-8.5,40.5,41.0,1,Shawn Smith,AF,loss,-1.5,over
2025_14_HOU_KC,2025,REG,14,2025-12-07,HOU,KC,20.0,10.0,4.5,41.5,30.0,0,Alan Eck,HF,loss,-14.5,under
2025_14_IND_JAX,2025,REG,14,2025-12-07,IND,JAX,19.0,36.0,-2.5,44.5,55.0,1,John Hussey,AF,loss,-19.5,over
2025_14_LA_ARI,2025,REG,14,2025-12-07,LA,ARI,45.0,17.0,-9.5,49.5,62.0,1,Ron Torbert,AF,win,18.5,over
2025_14_MIA_NYJ,2025,REG,14,2025-12-07,MIA,NYJ,34.0,10.0,-2.5,41.5,44.0,1,Bill Vinovich,AF,win,21.5,over
2025_14_NO_TB,2025,REG,14,2025-12-07,NO,TB,24.0,20.0,7.5,41.5,44.0,1,Clete Blakeman,HF,loss,-11.5,over
2025_14_PHI_LAC,2025,REG,14,2025-12-08,PHI,LAC,19.0,22.0,-1.5,41.5,41.0,0,Scott Novak,AF,loss,-4.5,under
2025_14_PIT_BAL,2025,REG,14,2025-12-07,PIT,BAL,27.0,22.0,5.5,43.5,49.0,1,Alex Moore,HF,loss,-10.5,over
2025_14_SEA_ATL,2025,REG,14,2025-12-07,SEA,ATL,37.0,9.0,-7.0,44.5,46.0,0,Alex Kemp,AF,win,21.0,over
2025_14_TEN_CLE,2025,REG,14,2025-12-07,TEN,CLE,31.0,29.0,4.5,33.5,60.0,0,Carl Cheffers,HF,loss,-6.5,over
2025_14_WAS_MIN,2025,REG,14,2025-12-07,WAS,MIN,0.0,31.0,-1.5,43.5,31.0,0,Brad Allen,AF,loss,-32.5,under
2025_15_ARI_HOU,2025,REG,15,2025-12-14,ARI,HOU,20.0,40.0,10.5,42.5,60.0,0,Clete Blakeman,HF,win,9.5,over
2025_15_ATL_TB,2025,REG,15,2025-12-11,ATL,TB,29.0,28.0,6.0,43.5,57.0,1,Carl Cheffers,HF,loss,-7.0,over
2025_15_BAL_CIN,2025,REG,15,2025-12-14,BAL,CIN,24.0,0.0,-2.5,51.5,24.0,1,Brad Allen,AF,win,21.5,under
2025_15_BUF_NE,2025,REG,15,2025-12-14,BUF,NE,35.0,31.0,-2.5,49.5,66.0,1,John Hussey,AF,win,1.5,over
2025_15_CAR_NO,2025,REG,15,2025-12-14,CAR,NO,17.0,20.0,-2.5,41.5,37.0,1,Alex Moore,AF,loss,-5.5,under
2025_15_CLE_CHI,2025,REG,15,2025-12-14,CLE,CHI,3.0,31.0,7.5,38.5,34.0,0,Ron Torbert,HF,win,20.5,under
2025_15_DET_LA,2025,REG,15,2025-12-14,DET,LA,34.0,41.0,5.5,54.5,75.0,0,Alan Eck,HF,win,1.5,over
2025_15_GB_DEN,2025,REG,15,2025-12-14,GB,DEN,26.0,34.0,-1.5,42.5,60.0,0,Brad Rogers,AF,loss,-9.5,over
2025_15_IND_SEA,2025,REG,15,2025-12-14,IND,SEA,16.0,18.0,13.5,41.5,34.0,0,Adrian Hill,HF,loss,-11.5,under
2025_15_LAC_KC,2025,REG,15,2025-12-14,LAC,KC,16.0,13.0,5.5,41.5,29.0,1,Shawn Hochuli,HF,loss,-8.5,under
2025_15_LV_PHI,2025,REG,15,2025-12-14,LV,PHI,0.0,31.0,12.5,37.5,31.0,0,Clay Martin,HF,win,18.5,under
2025_15_MIA_PIT,2025,REG,15,2025-12-15,MIA,PIT,15.0,28.0,3.0,42.5,43.0,0,Land Clark,HF,win,10.0,over
2025_15_MIN_DAL,2025,REG,15,2025-12-14,MIN,DAL,34.0,26.0,5.5,47.5,60.0,0,Scott Novak,HF,loss,-13.5,over
2025_15_NYJ_JAX,2025,REG,15,2025-12-14,NYJ,JAX,20.0,48.0,13.5,40.5,68.0,0,Shawn Smith,HF,win,14.5,over
2025_15_TEN_SF,2025,REG,15,2025-12-14,TEN,SF,24.0,37.0,12.5,44.5,61.0,0,Craig Wrolstad,HF,win,0.5,over
2025_15_WAS_NYG,2025,REG,15,2025-12-14,WAS,NYG,29.0,21.0,2.5,46.5,50.0,1,Bill Vinovich,HF,loss,-10.5,over
2025_16_ATL_ARI,2025,REG,16,2025-12-21,ATL,ARI,26.0,19.0,-2.5,48.5,45.0,0,Land Clark,AF,win,4.5,under
2025_16_BUF_CLE,2025,REG,16,2025-12-21,BUF,CLE,23.0,20.0,-10.5,41.5,43.0,0,Bill Vinovich,AF,loss,-7.5,over
2025_16_CIN_MIA,2025,REG,16,2025-12-21,CIN,MIA,45.0,21.0,-3.5,48.5,66.0,0,John Hussey,AF,win,20.5,over
2025_16_GB_CHI,2025,REG,16,2025-12-20,GB,CHI,16.0,22.0,1.5,45.5,38.0,1,Alex Kemp,HF,win,4.5,under
2025_16_JAX_DEN,2025,REG,16,2025-12-21,JAX,DEN,34.0,20.0,3.5,46.5,54.0,0,Shawn Hochuli,HF,loss,-17.5,over
2025_16_KC_TEN,2025,REG,16,2025-12-21,KC,TEN,9.0,26.0,-3.5,37.5,35.0,0,Clete Blakeman,AF,loss,-20.5,under
2025_16_LAC_DAL,2025,REG,16,2025-12-21,LAC,DAL,34.0,17.0,1.5,50.5,51.0,0,Alan Eck,HF,loss,-18.5,over
2025_16_LA_SEA,2025,REG,16,2025-12-18,LA,SEA,37.0,38.0,1.5,42.5,75.0,1,Brad Allen,HF,loss,-0.5,over
2025_16_LV_HOU,2025,REG,16,2025-12-21,LV,HOU,21.0,23.0,14.5,39.5,44.0,0,Scott Novak,HF,loss,-12.5,over
2025_16_MIN_NYG,2025,REG,16,2025-12-21,MIN,NYG,16.0,13.0,-2.5,41.5,29.0,0,Alex Moore,AF,win,0.5,under
2025_16_NE_BAL,2025,REG,16,2025-12-21,NE,BAL,28.0,24.0,3.5,48.5,52.0,0,Brad Rogers,HF,loss,-7.5,over
2025_16_NYJ_NO,2025,REG,16,2025-12-21,NYJ,NO,6.0,29.0,6.5,39.5,35.0,0,Clay Martin,HF,win,16.5,under
2025_16_PHI_WAS,2025,REG,16,2025-12-20,PHI,WAS,29.0,18.0,-7.0,43.5,47.0,1,Craig Wrolstad,AF,win,4.0,over
2025_16_PIT_DET,2025,REG,16,2025-12-21,PIT,DET,29.0,24.0,7.5,52.5,53.0,0,Carl Cheffers,HF,loss,-12.5,over
2025_16_SF_IND,2025,REG,16,2025-12-22,SF,IND,48.0,27.0,-4.5,46.5,75.0,0,Ron Torbert,AF,win,16.5,over
2025_16_TB_CAR,2025,REG,16,2025-12-21,TB,CAR,20.0,23.0,-3.0,44.5,43.0,1,Shawn Smith,AF,loss,-6.0,under
2025_17_ARI_CIN,2025,REG,17,2025-12-28,ARI,CIN,14.0,37.0,7.0,52.5,51.0,0,Clay Martin,HF,win,16.0,under
2025_17_BAL_GB,2025,REG,17,2025-12-27,BAL,GB,41.0,24.0,2.5,38.5,65.0,0,Alan Eck,HF,loss,-19.5,over
2025_17_CHI_SF,2025,REG,17,2025-12-28,CHI,SF,38.0,42.0,3.5,51.5,80.0,0,Alex Moore,HF,win,0.5,over
2025_17_DAL_WAS,2025,REG,17,2025-12-25,DAL,WAS,30.0,23.0,-8.5,50.5,53.0,1,Brad Rogers,AF,loss,-1.5,over
2025_17_DEN_KC,2025,REG,17,2025-12-25,DEN,KC,20.0,13.0,-13.5,37.5,33.0,1,Bill Vinovich,AF,loss,-6.5,under
2025_17_DET_MIN,2025,REG,17,2025-12-25,DET,MIN,10.0,23.0,-7.0,45.5,33.0,1,Shawn Smith,AF,loss,-20.0,under
2025_17_HOU_LAC,2025,REG,17,2025-12-27,HOU,LAC,20.0,16.0,1.5,40.5,36.0,0,Craig Wrolstad,HF,loss,-5.5,under
2025_17_JAX_IND,2025,REG,17,2025-12-28,JAX,IND,23.0,17.0,-3.5,48.5,40.0,1,Brad Allen,AF,win,2.5,under
2025_17_LA_ATL,2025,REG,17,2025-12-29,LA,ATL,24.0,27.0,-7.5,48.5,51.0,0,Clete Blakeman,AF,loss,-10.5,over
2025_17_NE_NYJ,2025,REG,17,2025-12-28,NE,NYJ,42.0,10.0,-12.5,42.5,52.0,1,Alex Kemp,AF,win,19.5,over
2025_17_NO_TEN,2025,REG,17,2025-12-28,NO,TEN,34.0,26.0,-1.5,39.5,60.0,0,Adrian Hill,AF,win,6.5,over
2025_17_NYG_LV,2025,REG,17,2025-12-28,NYG,LV,34.0,10.0,-3.0,40.5,44.0,0,Land Clark,AF,win,21.0,over
2025_17_PHI_BUF,2025,REG,17,2025-12-28,PHI,BUF,13.0,12.0,3.0,45.5,25.0,0,Ron Torbert,HF,loss,-4.0,under
2025_17_PIT_CLE,2025,REG,17,2025-12-28,PIT,CLE,6.0,13.0,-4.5,35.5,19.0,1,John Hussey,AF,loss,-11.5,under
2025_17_SEA_CAR,2025,REG,17,2025-12-28,SEA,CAR,27.0,10.0,-6.5,42.5,37.0,0,Carl Cheffers,AF,win,10.5,under
2025_17_TB_MIA,2025,REG,17,2025-12-28,TB,MIA,17.0,20.0,-5.5,44.5,37.0,0,Scott Novak,AF,loss,-8.5,under
2025_18_ARI_LA,2025,REG,18,2026-01-04,ARI,LA,20.0,37.0,14.5,49.5,57.0,1,Carl Cheffers,HF,win,2.5,over
2025_18_BAL_PIT,2025,REG,18,2026-01-04,BAL,PIT,24.0,26.0,-4.5,41.5,50.0,1,Shawn Smith,AF,loss,-6.5,over
2025_18_CAR_TB,2025,REG,18,2026-01-03,CAR,TB,14.0,16.0,3.0,43.5,30.0,1,Brad Allen,HF,loss,-1.0,under
2025_18_CLE_CIN,2025,REG,18,2026-01-04,CLE,CIN,20.0,18.0,9.5,47.5,38.0,1,Alex Kemp,HF,loss,-11.5,under
2025_18_DAL_NYG,2025,REG,18,2026-01-04,DAL,NYG,17.0,34.0,-3.0,50.5,51.0,1,Adrian Hill,AF,loss,-20.0,over
2025_18_DET_CHI,2025,REG,18,2026-01-04,DET,CHI,19.0,16.0,3.5,51.5,35.0,1,Brad Rogers,HF,loss,-6.5,under
2025_18_GB_MIN,2025,REG,18,2026-01-04,GB,MIN,3.0,16.0,12.5,37.5,19.0,1,John Hussey,HF,win,0.5,under
2025_18_IND_HOU,2025,REG,18,2026-01-04,IND,HOU,30.0,38.0,9.5,37.5,68.0,1,Land Clark,HF,loss,-1.5,over
2025_18_KC_LV,2025,REG,18,2026-01-04,KC,LV,12.0,14.0,-3.5,36.5,26.0,1,Craig Wrolstad,AF,loss,-5.5,under
2025_18_LAC_DEN,2025,REG,18,2026-01-04,LAC,DEN,3.0,19.0,14.5,37.5,22.0,1,Clete Blakeman,HF,win,1.5,under
2025_18_MIA_NE,2025,REG,18,2026-01-04,MIA,NE,10.0,38.0,14.0,44.5,48.0,1,Clay Martin,HF,win,14.0,over
2025_18_NO_ATL,2025,REG,18,2026-01-04,NO,ATL,17.0,19.0,4.5,43.5,36.0,1,Ron Torbert,HF,loss,-2.5,under
2025_18_NYJ_BUF,2025,REG,18,2026-01-04,NYJ,BUF,8.0,35.0,12.5,39.5,43.0,1,Alan Eck,HF,win,14.5,over
2025_18_SEA_SF,2025,REG,18,2026-01-03,SEA,SF,13.0,3.0,-2.5,47.5,16.0,1,Bill Vinovich,AF,win,7.5,under
2025_18_TEN_JAX,2025,REG,18,2026-01-04,TEN,JAX,7.0,41.0,12.5,46.5,48.0,1,Scott Novak,HF,win,21.5,over
2025_18_WAS_PHI,2025,REG,18,2026-01-04,WAS,PHI,24.0,17.0,3.0,38.5,41.0,1,Shawn Hochuli,HF,loss,-10.0,over
2025_19_BUF_JAX,2025,WC,19,2026-01-11,BUF,JAX,27.0,24.0,1.5,51.5,51.0,0,Brad Allen,HF,loss,-4.5,under
2025_19_GB_CHI,2025,WC,19,2026-01-10,GB,CHI,27.0,31.0,-2.5,45.5,58.0,1,Adrian Hill,AF,loss,-6.5,over
2025_19_HOU_PIT,2025,WC,19,2026-01-12,HOU,PIT,30.0,6.0,-3.0,38.5,36.0,0,Craig Wrolstad,AF,win,21.0,under
2025_19_LAC_NE,2025,WC,19,2026-01-11,LAC,NE,3.0,16.0,3.5,45.5,19.0,0,Ron Torbert,HF,win,9.5,under
2025_19_LA_CAR,2025,WC,19,2026-01-10,LA,CAR,34.0,31.0,-10.0,44.5,65.0,0,Clete Blakeman,AF,loss,-7.0,over
2025_19_SF_PHI,2025,WC,19,2026-01-11,SF,PHI,23.0,19.0,6.0,44.5,42.0,0,Alan Eck,HF,loss,-10.0,under
2025_20_BUF_DEN,2025,DIV,20,2026-01-17,BUF,DEN,30.0,33.0,1.5,45.5,63.0,0,Carl Cheffers,HF,win,1.5,over
2025_20_HOU_NE,2025,DIV,20,2026-01-18,HOU,NE,16.0,28.0,3.0,40.5,44.0,0,Shawn Smith,HF,win,9.0,over
2025_20_LA_CHI,2025,DIV,20,2026-01-18,LA,CHI,20.0,17.0,-3.5,49.5,37.0,0,Shawn Hochuli,AF,loss,-0.5,under
2025_20_SF_SEA,2025,DIV,20,2026-01-17,SF,SEA,6.0,41.0,6.5,44.5,47.0,1,John Hussey,HF,win,28.5,over
2025_21_LA_SEA,2025,CON,21,2026-01-25,LA,SEA,27.0,31.0,2.5,45.5,58.0,1,Clay Martin,HF,win,1.5,over
2025_21_NE_DEN,2025,CON,21,2026-01-25,NE,DEN,10.0,7.0,-3.5,43.5,17.0,0,Alex Kemp,AF,loss,-0.5,under
2025_22_SEA_NE,2025,SB,22,2026-02-08,SEA,NE,29.0,13.0,-4.5,45.5,42.0,0,Shawn Smith,AF,win,11.5,under
